Genus,Family,Order,HybProp,Hyb_Ratio,perc_per,perc_wood,perc_ag,floral_symm,mating_system,repro_syndrome,pollination_syndrome,RedList,tavg,C_value,CV_C_value,perc_per_text,perc_wood_text,perc_ag_text,floral_symm_text,mating_system_text,repro_syndrome_text,pollination_syndrome_text,redlist_text,tavg_text,cvalue_text,cv_cvalue_text,image_url
Abies,Pinaceae,Pinophyta,0.362318841,0.041666667,1,1,0.004761905,.,1,1,0,0.695652174,0.8674,17.23266667,9.085723529,About 100% of species are perennial,About 100% of species are woody,About 0% of species are agricultural,radial,selfing,reproduction syndrome 1,wind-pollinated,low extinction risk,warm climates,large genome,moderate variation,https://upload.wikimedia.org/wikipedia/commons/7/71/Abies_koreana_%28szyszki%29.JPG
Abronia,Nyctaginaceae,Caryophyllales,4.166666667,0.3125,0.6875,0,0.005063291,.,.,.,.,.,.,.,.,About 69% of species are perennial,About 0% of species are woody,About 1% of species are agricultural,radial symmetry,mixed mating system,asexual reproduction,wind-pollinated,low extinction risk,temperate climates,small genome,low variation,No image found
Abutilon,Malvaceae,Malvales,0,0,0.763157895,0.394736842,0.006153846,0,1,1,1,3.5,0.057,1.245,0,About 76% of species are perennial,About 39% of species are woody,About 1% of species are agamic,radial,mixed mating system,inflorescence,insect-pollinated,high risk,cold climates,small genome,low variation,https://upload.wikimedia.org/wikipedia/commons/4/4f/Abutilon_theophrasti_2015-08-29_5732.JPG
Acacia,Fabaceae,Fabales,0.208188758,0.136363636,1,1,0.096494845,0,.,.,1,1.5,0.807875,1.186321839,31.78010935,About 100% of species are perennial,About 100% of species are woody,About 10% of species are agamospermous,radial,mixed mating system,dioecious reproductive syndrome,insect-pollinated,moderate risk,warm climates,small genome,high variation,https://upload.wikimedia.org/wikipedia/commons/2/2c/Acacia_baileyana_3%2C_Canberra_ACT.JPG
Acaena,Rosaceae,Rosales,8.888888889,0.4,1,0,0.001060071,.,.,0.5,.,.,.,0.33,.,About 100% of species are perennial,About 0% of species are woody,About 0% of species are agriculturally significant,radial symmetry,mixed mating system,seed dispersal by animals,insect-pollinated,low extinction risk,cold climates,small genome,low variation,https://upload.wikimedia.org/wikipedia/commons/5/55/Acaena_novae-zelandiae1.jpg
Acalypha,Euphorbiaceae,Malpighiales,0,0,0,0,0.01239531,0.2,.,.,0,2.772727273,.,.,.,About 0% of species are perennial,About 0% of species are woody,About 1% of species are agricultural,radial,mixed mating system,likely self-pollinating,wind-pollinated,moderate risk,temperate climates,small genome,low variation,https://upload.wikimedia.org/wikipedia/commons/7/7b/Acalypha_Hispida_DS.jpg
Acamptopappus,Asteraceae,Asterales,0,0,1,1,0.00210989,.,.,.,.,.,.,.,.,About 100% of species are perennial,About 100% of species are woody,About 0% of species are agricultural,radial symmetry,self-incompatible,seed-dispersed by wind,wind-pollinated,low extinction risk,cold climates,small genome,low variation,https://upload.wikimedia.org/wikipedia/commons/0/08/Acamptopappus_shockleyi_7.jpg
Acanthomintha,Lamiaceae,Lamiales,0,0,0,0,0.004320557,.,.,.,.,.,.,.,.,About 0% of species are perennial,About 0% of species are woody,About 0% of species are agricultural,radial symmetry,mixed mating system,reproduces sexually,wind-pollinated,low extinction risk,cold climates,small genome,low variation,https://upload.wikimedia.org/wikipedia/commons/5/54/Acanthominthailicifolia1.jpg
Acanthopanax,Araliaceae,Apiales,0,0,1,1,0,.,.,.,.,.,.,.,.,About 100% of species are perennial,About 100% of species are woody,About 0% of species are cultivated,radial symmetry,selfing,autotrophic,insect-pollinated,low extinction risk,cold climates,small genome,low variation,https://upload.wikimedia.org/wikipedia/commons/a/ae/Eleutherococcus_gracilistylus_BotGardBln1105_LeavesFallFruits.JPG
Acanthospermum,Asteraceae,Asterales,0,0,0,0,0.00210989,0,.,.,1,.,.,.,.,About 0% of species are perennial,About 0% of species are woody,About 0% of species are agricultural,radial,selfing,herbaceous annual,wind-pollinated,low extinction risk,cold climates,small genome,low variation,https://upload.wikimedia.org/wikipedia/commons/7/78/Starr_050517-1547_Acanthospermum_australe.jpg
Acanthus,Acanthaceae,Lamiales,0,0,1,0,0.000857143,1,.,.,.,.,.,.,.,About 100% of species are perennial,About 0% of species are woody,About 0% of species are agricultural,radial,Unknown mating system,Unknown reproductive syndrome,Unknown pollination syndrome,low extinction risk,cold climates,small genome,low variation,No image found
Acer,Sapindaceae,Sapindales,0.185013876,0.042553191,1,1,0.001265823,.,1,0.916666667,0.833333333,2.166666667,0.945,0.908181818,26.43476679,About 100% of species are perennial,About 100% of species are woody,About 0% of species are cultivated,radial,selfing,obligate xenogamy,insect-pollinated,moderate risk,warm climates,small genome,high variation,No image found
Achillea,Asteraceae,Asterales,0.790960452,0.233333333,1,0,0.00210989,0,1,0.5,1,.,.,4.137692308,51.15042164,About 100% of species are perennial,About 0% of species are woody,About 0% of species are agricultural,radial,selfing,requires animal assistance,insect-pollinated,low extinction risk,temperate climates,medium genome,high variation,https://upload.wikimedia.org/wikipedia/commons/f/fb/Achillea_millefolium.jpg
Achlys,Berberidaceae,Ranunculales,0,0,1,0,0,.,.,.,.,.,.,.,.,About 1% of species are perennial,About 0% of species are woody,About 0% of species are agricultural,symmetry not specified,mating system not specified,reproductive syndrome not specified,pollination syndrome not specified,low extinction risk,temperate climates,small genome,low variation,No image found
Achnatherum,Poaceae,Poales,2.857142857,0.2,1,0,0.074314214,.,.,.,.,.,.,.,.,About 1% of species are perennial,About 0% of species are woody,About 7% of species are agriculturally important,radial symmetry,selfing,seed-propagated,wind-pollinated,low extinction risk,cold climates,small genome,low variation,https://upload.wikimedia.org/wikipedia/commons/9/9c/Achnatherum_parishii.jpg
Achyranthes,Amaranthaceae,Caryophyllales,0,0,0.916666667,0.5,0.041463415,0,.,.,.,3.25,.,.,.,About 91.67% of species are perennial,About 50% of species are woody,About 4.15% of species are agricultural,radial,Unknown mating system,Unknown reproductive syndrome,Unknown pollination syndrome,high risk,Temperate climates,Medium genome,Moderate variation,https://upload.wikimedia.org/wikipedia/commons/2/2c/A_splendens.jpg
Acianthus,Orchidaceae,Asparagales,0,0,1,0,0,.,.,.,.,.,.,.,.,About 100% of species are perennial,About 0% of species are woody,About 0% of species are agricultural,radial symmetry,selfing,seed reproduction,insect-pollinated,low extinction risk,cold climates,small genome,low variation,https://upload.wikimedia.org/wikipedia/commons/8/80/Acianthus_exsertus_%2824997834335%29.jpg
Acinos,Lamiaceae,Lamiales,60,1.2,0.8,0,0.004320557,.,1,1,1,.,.,.,.,About 80% of species are perennial,About 0% of species are woody,About 0% of species are agricultural,radial symmetry,selfing,self-pollination,insect-pollinated,low extinction risk,temperate climates,small genome,low variation,https://upload.wikimedia.org/wikipedia/commons/0/0c/Clinopodium_vulgare01.jpg
Aciphylla,Apiaceae,Apiales,0,0,1,0,0.003968254,.,.,.,.,.,.,.,.,About 100% of species are perennial,About 0% of species are woody,About 0% of species are agricultural,radial symmetry,selfing,vegetative reproduction,wind-pollinated,low extinction risk,temperate climates,small genome,low variation,https://upload.wikimedia.org/wikipedia/commons/2/2d/Aciphylla_colensoi.jpg
Aconitum,Ranunculaceae,Ranunculales,0.653594771,0.055555556,1,0,0,.,1,0.958333333,1,.,0.884,5.44,.,About 100% of species are perennial,About 0% of species are woody,About 0% of species are agricultural,radial symmetry,selfing,parthenogenesis,wind-pollinated,low extinction risk,warm climates,medium genome,moderate variation,https://upload.wikimedia.org/wikipedia/commons/f/ff/Aconitum_variegatum_110807f.jpg
Acorus,Acoraceae,Acorales,0,0,1,0,0,.,1,0,1,.,.,0.525,33.67175149,About 100% of species are perennial,About 0% of species are woody,About 0% of species are agricultural,radial,selfing,unspecified reproductive syndrome,wind-pollinated,low extinction risk,cold climates,small genome,high variation,https://upload.wikimedia.org/wikipedia/commons/b/b7/Acorus_calamus.spadix.jpg
Acrotriche,Ericaceae,Ericales,0,0,1,1,0,.,.,.,.,.,.,.,.,About 1% of species are perennial,About 1% of species are woody,About 0% of species are agamic,radial symmetry,selfing,obligate asexual reproduction,wind-pollinated,low extinction risk,cold climates,small genome,low variation,https://upload.wikimedia.org/wikipedia/commons/4/4a/Acrotriche_aggregata.jpg
Actaea,Ranunculaceae,Ranunculales,16.66666667,0.25,1,0,0,.,1,0.5,1,.,.,.,.,About 100% of species are perennial,About 0% of species are woody,About 0% of species are agamic,radial,selfing,dioecious,insect-pollinated,low extinction risk,temperate climates,medium genome,moderate variation,No image found
Actinotus,Apiaceae,Apiales,0,0,0.5,0,0.003968254,.,.,.,.,.,.,.,.,About 50% of species are perennial,About 0% of species are woody,About 0% of species are agamospermous,radial symmetry,mixed mating system,seed-propagated,insect-pollinated,low extinction risk,temperate climates,medium genome,moderate variation,https://upload.wikimedia.org/wikipedia/commons/8/8b/Actinotus_helianthi_and_Actinotus_forsythii_pic2.jpg
Adenocarpus,Fabaceae,Fabales,0,0,1,1,0.096494845,1,.,.,.,.,.,0.875,4.040610178,About 100% of species are perennial,About 100% of species are woody,About 10% of species are used in agriculture,radial,Likely a mixed mating system with both selfing and outcrossing,Reproduction is likely primarily sexual,Likely insect-pollinated,low extinction risk,cold climates,small genome,low variation,https://upload.wikimedia.org/wikipedia/commons/0/03/Adenocarpus_viscosus.jpg
Adenophora,Campanulaceae,Asterales,0,0,1,0,0,.,1,1,1,.,.,4.72,.,About 1% of species are perennial,About 0% of species are woody,About 0% of species are agamospermous,radial symmetry,selfing,obligate xenogamy,insect-pollinated,low extinction risk,temperate climates,medium genome,moderate variation,https://upload.wikimedia.org/wikipedia/commons/6/6b/Adenophora_bulleyana_-_2.JPG
Adenophorus,Polypodiaceae,Monilophyta,6.666666667,0.3,1,0,0,.,.,.,.,.,.,.,.,About 100% of species are perennial,About 0% of species are woody,About 0% of species are annual,radial symmetry,mixed mating system,standard reproductive syndrome,insect-pollinated,low extinction risk,temperate climates,small genome,low variation,https://upload.wikimedia.org/wikipedia/commons/6/6e/Starr_040713-0077_Adenophorus_tamariscinus.jpg
Adenophyllum,Asteraceae,Asterales,0,0,1,1,0.00210989,.,.,.,.,.,.,.,.,About 1% of species are perennial,About 1% of species are woody,About 0% of species are agricultural,radial symmetry,selfing,seed-dispersed by animals,insect-pollinated,low extinction risk,cold climates,small genome,low variation,https://upload.wikimedia.org/wikipedia/commons/9/97/Cooper_dyssodia.jpg
Adenostoma,Rosaceae,Rosales,0,0,1,1,0.001060071,.,.,.,.,.,.,.,.,About 1% of species are perennial,About 1% of species are woody,About 0% of species are agricultural,Unknown floral symmetry,Unknown mating system,Unknown reproductive syndrome,Unknown pollination syndrome,Low extinction risk,Cold climates,Small genome,Low variation,https://upload.wikimedia.org/wikipedia/commons/9/9d/Adenostomafasciculatum.jpg
Adenostyles,Asteraceae,Asterales,33.33333333,0.333333333,1,0,0.00210989,.,1,0.5,1,.,.,.,.,About 100% of species are perennial,About 0% of species are woody,About 0% of species are agricultural,radial,selfing,obligate selfing,wind-pollinated,low extinction risk,cold climates,small genome,low variation,https://upload.wikimedia.org/wikipedia/commons/c/c1/Adenostyles_leucophylla.JPG
Adiantum,Pteridaceae,Monilophyta,0.526315789,0.05,1,0,0,.,.,.,1,3.666666667,.,5.13,.,About 1% of species are perennial,About 0% of species are woody,About 0% of species are agricultural,bilateral symmetry,mixed mating system,self-pollination,insect-pollinated,high risk,temperate climates,medium genome,moderate variation,https://upload.wikimedia.org/wikipedia/commons/1/12/Adiantum_pedatum_09905.JPG
Adonis,Ranunculaceae,Ranunculales,2.222222222,0.1,0.6,0,0,.,1,0.875,1,.,.,15.5,12.31734393,About 60% of species are perennial,About 0% of species are woody,About 0% of species are agricultural,radial,selfing,vegetative reproduction,wind-pollinated,low extinction risk,temperate climates,large genome,moderate variation,https://upload.wikimedia.org/wikipedia/commons/0/05/Cupid_with_Venus_and_Adonis%2C_fresco_in_Pompeii.jpg
Adriana,Euphorbiaceae,Malpighiales,0,0,1,1,0.01239531,.,.,.,.,.,.,.,.,About 1% of species are perennial,About 1% of species are woody,About 1% of species are agroforestry,radial symmetry,selfing,agam – asexual reproduction by budding,wind-pollinated,low extinction risk,cold climates,small genome,low variation,No image found
Aegilops,Poaceae,Poales,0.952380952,0.066666667,0,0,0.074314214,.,.,.,0,.,.,8.908615385,41.28191488,About 0% of species are perennial,About 0% of species are woody,About 7% of species are agricultural,radial,mixed mating,self-pollinating,wind-pollinated,low extinction risk,warm climates,large genome,high variation,https://upload.wikimedia.org/wikipedia/commons/4/4e/Aegilops_geniculata_Enfoque_2010-5-08_DehesaBoyaldePuertollano.jpg
Aeluropus,Poaceae,Poales,0,0,1,0,0.074314214,.,.,.,.,.,.,8.4,.,About 1% of species are perennial,About 0% of species are woody,About 7% of species are agricultural,radial symmetry,mixed mating system,typical reproductive syndrome,insect-pollinated,low extinction risk,temperate climates,large genome,moderate variation,https://upload.wikimedia.org/wikipedia/commons/7/70/Aeluropus_littoralis_%28Les_Chalets_Gruissan_14%29.JPG
Aeonium,Crassulaceae,Saxifragales,0,0,1,1,0,.,.,.,.,.,.,0.937333333,107.3211613,About 100% of species are perennial,About 100% of species are woody,About 0% of species are agricultural,bilateral symmetry,selfing,dioecious,wind-pollinated,low extinction risk,cold climates,small genome,high variation,https://upload.wikimedia.org/wikipedia/commons/0/08/Aeonium_undulatum.JPG
Aesculus,Sapindaceae,Sapindales,0,0,1,1,0.001265823,.,1,1,1,2,.,0.365,0,About 100% of species are perennial,About 100% of species are woody,About 0% of species are agrochemicals,radial symmetry,selfing,dioecious,insect-pollinated,moderate risk,cold climates,small genome,low variation,https://upload.wikimedia.org/wikipedia/commons/e/eb/Aesculus_hippocastanum_flori.jpg
Aethionema,Brassicaceae,Brassicales,0,0,0.9,0,0.00485306,.,1,1,1,4,.,0.71,0,About 90% of species are perennial,About 0% of species are woody,About 0% of species are agricultural,radial symmetry,selfing,self-pollinating,wind-pollinated,high risk,cold climates,small genome,low variation,https://upload.wikimedia.org/wikipedia/commons/9/90/Aethionema_grandiflora0.jpg
Agalinis,Orobanchaceae,Lamiales,0,0,0,0,0,.,.,.,.,.,0.469,.,.,About 0% of species are perennial,About 0% of species are woody,About 0% of species are agamic,radial,selfing,vegetative reproduction,wind-pollinated,low extinction risk,temperate climates,small genome,low variation,https://upload.wikimedia.org/wikipedia/commons/0/00/Agalinis_tenuifolia_2.jpg
Agalinus,Orobanchaceae,Lamiales,0,0,0,0,0,.,.,.,.,.,.,.,.,About 0% of species are perennial,About 0% of species are woody,About 0% of species are agamic,radial,mixed mating system,sexual reproduction,wind-pollinated,low extinction risk,cold climates,small genome,low variation,No image found
Agastache,Lamiaceae,Lamiales,0,0,1,0,0.004320557,.,.,.,.,.,.,.,.,About 100% of species are perennial,About 0% of species are woody,About 0% of species are agricultural,radial symmetry,mixed mating system,standard reproductive syndrome,insect-pollinated,low extinction risk,cold climates,small genome,low variation,https://upload.wikimedia.org/wikipedia/commons/8/86/Hoverfly_on_Agastache_Blue_Fortune.jpg
Agave,Asparagaceae,Asparagales,0,0,1,0,0,0,.,.,1,.,.,6.470684932,34.23608512,About 1% of species are perennial,About 0% of species are woody,About 0% of species are agriculturally important,radial,selfing,self-pollination,wind-pollinated,low extinction risk,temperate climates,medium genome,high variation,https://upload.wikimedia.org/wikipedia/commons/2/21/Agave_americana_R01.jpg
Ageratina,Asteraceae,Asterales,0,0,1,0.5,0.00210989,.,.,.,.,0.9,.,.,.,About 100% of species are perennial,About 50% of species are woody,About 0% of species are agricultural,radial symmetry,mixed mating system,outcrossing with occasional selfing,wind-pollinated,low extinction risk,temperate climates,medium genome,moderate variation,https://upload.wikimedia.org/wikipedia/commons/2/22/Ageratina_adenophora_%28Buds%29.jpg
Ageratum,Asteraceae,Asterales,0,0,0.5,0,0.00210989,0,.,.,1,2,.,.,.,About 50% of species are perennial,About 0% of species are woody,About 0% of species are agricultural,radial,selfing,sexual reproduction,wind-pollinated,moderate risk,temperate climates,medium genome,low variation,https://upload.wikimedia.org/wikipedia/commons/b/b5/Ageratum_corymbosum_%28Asteraceae%29_-_Cielitos.jpg
Agoseris,Asteraceae,Asterales,3.03030303,0.166666667,0.833333333,0,0.00210989,.,.,.,.,.,.,2.4625,44.21783094,About 83% of species are perennial,About 0% of species are woody,About 0% of species are agricultural,radial symmetry,mixed mating system,reproduction by seeds,insect-pollinated,low extinction risk,temperate climates,medium genome,high variation,https://upload.wikimedia.org/wikipedia/commons/3/35/Agoserisglauca.jpg
Agrimonia,Rosaceae,Rosales,0.653594771,0.055555556,1,0,0.001060071,.,1,0.75,1,.,.,.,.,About 100% of species are perennial,About 0% of species are woody,About 0% of species are agricultural,radial,selfing,parthenogenesis,insect-pollinated,low extinction risk,temperate climates,small genome,moderate variation,https://upload.wikimedia.org/wikipedia/commons/2/26/Agrimonia_eupatoria_-_Keila.jpg
Agropyron,Poaceae,Poales,5.627705628,0.590909091,1,0,0.074314214,.,.,.,.,.,.,9.37,35.56842708,About 1% of species are perennial,About 0% of species are woody,About 7% of species are agriculturally important,radial symmetry,mixed mating system,wind-pollinated and insect-pollinated,wind-pollinated,low extinction risk,temperate climates,large genome,high variation,https://upload.wikimedia.org/wikipedia/commons/c/c0/Agropyron_cristatum_illustration_%2801%29.jpg
Agrostemma,Caryophyllaceae,Caryophyllales,0,0,0,0,0.001818182,.,1,1,1,.,.,2.1,.,About 0% of species are perennial,About 0% of species are woody,About 0% of species are agricultural,radial,selfing,inflorescence,wind-pollinated,low extinction risk,temperate climates,medium genome,moderate variation,https://upload.wikimedia.org/wikipedia/commons/1/12/Kornrade2.jpg
Agrostis,Poaceae,Poales,0.293040293,0.152380952,0.808411215,0,0.074314214,.,1,0.576923077,0,1.166666667,.,5.437586207,45.418384,About 81% of species are perennial,About 0% of species are woody,About 7% of species are agricultural,radial,selfing,mostly self-pollinating,wind-pollinated,moderate risk,temperate climates,medium genome,high variation,https://upload.wikimedia.org/wikipedia/commons/b/b8/Gewoon_struisgras_Agrostis_tenuis.jpg
Aichryson,Crassulaceae,Saxifragales,0,0,0,0,0,.,.,.,.,.,.,0.685,1.032272673,About 0% of species are perennial,About 0% of species are woody,About 0% of species are agricultural,Unknown floral symmetry,Unknown mating system,Unknown reproductive syndrome,Unknown pollination syndrome,Low extinction risk,Cold climates,Small genome,Low variation,https://upload.wikimedia.org/wikipedia/commons/9/9e/Aichryson_punctatum.jpg
Aira,Poaceae,Poales,0,0,0,0,0.074314214,.,1,1,0,.,.,4.3275,36.3613866,About 0% of species are perennial,About 0% of species are woody,About 7% of species are agricultural,radial,selfing,wind-pollinated,wind-pollinated,low extinction risk,temperate climates,medium genome,high variation,https://upload.wikimedia.org/wikipedia/commons/6/6b/Aira_caryophyllea_FWS-01.jpg
Ajuga,Lamiaceae,Lamiales,3.80952381,0.266666667,0.866666667,0,0.004320557,.,1,0.875,1,.,.,.,.,About 87% of species are perennial,About 0% of species are woody,About 0% of species are agricultural,radial,mixed mating system,dioecious,wind-pollinated,low extinction risk,temperate climates,medium genome,moderate variation,https://upload.wikimedia.org/wikipedia/commons/4/48/Ajuga_reptans_LC0138.jpg
Albizia,Fabaceae,Fabales,0,0,1,1,0.096494845,0,.,.,1,1.966666667,0.951,1.215,7.565751568,About 100% of species are perennial,About 100% of species are woody,About 10% of species are agricultural,radial,unknown,unknown,wind-pollinated,moderate risk,warm climates,small genome,moderate variation,https://upload.wikimedia.org/wikipedia/commons/3/3d/Albizia_julibrissin4.jpg
Alcea,Malvaceae,Malvales,0,0,1,0,0.006153846,.,1,1,1,.,.,.,.,About 100% of species are perennial,About 0% of species are woody,About 1% of species are agricultural,radial symmetry,selfing,sexual reproduction,insect-pollinated,low extinction risk,temperate climates,small genome,low variation,https://upload.wikimedia.org/wikipedia/commons/9/96/Alcea_setosa.jpg
Alchemilla,Rosaceae,Rosales,0.012986001,0.017985612,1,0,0.001060071,0,0,0.5,1,.,.,.,.,About 100% of species are perennial,About 0% of species are woody,About 0% of species are agricultural,radial,selfing,self-pollination,wind-pollinated,low extinction risk,temperate climates,medium genome,moderate variation,https://upload.wikimedia.org/wikipedia/commons/6/62/Lady%27s_Mantle_Alchemilla_vulgaris_2816px.jpg
Alectryon,Sapindaceae,Sapindales,0,0,1,1,0.001265823,.,.,.,.,3,.,.,.,About 1% of species are perennial,About 1% of species are woody,About 0% of species are agriculturally important,radial,selfing,self-pollination,wind-pollinated,moderate risk,temperate climates,small genome,moderate variation,No image found
Alhagi,Fabaceae,Fabales,0,0,1,1,0.096494845,.,.,.,.,.,.,.,.,About 1% of species are perennial,About 1% of species are woody,About 9.65% of species are agriculturally important,radial symmetry,mixed mating system,vegetative reproduction,wind-pollinated,low extinction risk,cold climates,small genome,low variation,https://upload.wikimedia.org/wikipedia/commons/b/b3/Alhagi_maurorum_Taub123b.png
Alisma,Alismataceae,Alismatales,0.526315789,0.05,0.925,0.1,0,.,1,0.5,0.833333333,.,.,12.7125,6.471772929,About 93% of species are perennial,About 10% of species are woody,About 0% of species are agriculturally important,radial,selfing,primarily seed-mediated,insect-pollinated,low extinction risk,warm climates,large genome,moderate variation,https://upload.wikimedia.org/wikipedia/commons/6/68/Alisma_plantago-aquatica20090812_259.jpg
Alkanna,Boraginaceae,Boraginales,0,0,0.941176471,0,0.001824818,.,.,.,.,.,.,.,.,About 94% of species are perennial,About 0% of species are woody,About 0% of species are agricultural,radial symmetry,selfing,obligate apomixis,wind-pollinated,low extinction risk,temperate climates,medium genome,moderate variation,https://upload.wikimedia.org/wikipedia/commons/2/2a/Alkanna_orientalis01.jpg
Allium,Amaryllidaceae,Asparagales,0,0,1,0,0,0,1,0.543478261,1,4,0.91,19.9175,35.5560929,About 100% of species are perennial,About 0% of species are woody,About 0% of species are agriculturally significant,radial,selfing,"This species likely reproduces through vegetative means or has a high rate of self-pollination, given the low value for reproductive syndrome.",insect-pollinated,high risk,warm climates,large genome,high variation,https://upload.wikimedia.org/wikipedia/commons/c/c9/Ursa_ajlo_1.jpg
Allocasuarina,Casuarinaceae,Fagales,1.818181818,0.090909091,1,1,0.094736842,.,.,.,.,.,.,0.95,.,About 100% of species are perennial,About 100% of species are woody,About 9% of species are agricultural,radial symmetry,selfing,generalist reproductive syndrome,wind-pollinated,low extinction risk,cold climates,small genome,low variation,https://upload.wikimedia.org/wikipedia/commons/c/ce/Allocasuarina_decaisneana.jpg
Allophyllum,Polemoniaceae,Ericales,0,0,0,0,0,.,.,.,.,.,.,.,.,About 0% of species are perennial,About 0% of species are woody,About 0% of species are agricultural,radial,selfing,self-pollination,wind-pollinated,low extinction risk,cold climates,small genome,low variation,https://upload.wikimedia.org/wikipedia/commons/d/d2/Allophyllumglutinosum.jpg
Almaleea,Fabaceae,Fabales,0,0,1,1,0.096494845,.,.,.,.,.,.,.,.,About 1% of species are perennial,About 1% of species are woody,About 10% of species are cultivated,radial,mixed mating system,animal-mediated reproduction,insect-pollinated,low extinction risk,cold climates,small genome,moderate variation,No image found
Alnus,Betulaceae,Fagales,0.865800866,0.090909091,1,1,0.054545455,.,1,0.833333333,0,0.166666667,0.913666667,0.642,19.74571709,About 100% of species are perennial,About 100% of species are woody,About 5% of species are agroforestry-related,radial,selfing,obligate autogamy,wind-pollinated,low extinction risk,warm climates,small genome,high variation,https://upload.wikimedia.org/wikipedia/commons/2/2c/20120904Alnus_glutinosa01.jpg
Aloe,Xanthorrhoeaceae,Asparagales,0,0,1,0.555555556,0,0,.,.,.,1.5,.,16.91779817,26.17850112,About 100% of species are perennial,About 56% of species are woody,About 0% of species are cultivated,radial,selfing,unknown,unknown,moderate risk,temperate climates,large genome,high variation,https://upload.wikimedia.org/wikipedia/commons/4/4c/Aloe_arborescens_on_Monte_Vumba_%284387600468%29.jpg
Alopecurus,Poaceae,Poales,0.634249471,0.136363636,0.647727273,0,0.074314214,.,1,0.642857143,0,.,.,8.914,71.57951463,About 65% of species are perennial,About 0% of species are woody,About 7% of species are agriculturally important,radial symmetry,selfing,dioecious,wind-pollinated,low extinction risk,temperate climates,large genome,high variation,https://upload.wikimedia.org/wikipedia/commons/d/d8/Alopecurus_myosuroides1.jpg
Alsinidendron,Caryophyllaceae,Caryophyllales,0,0,1,0,0.001818182,.,.,.,.,4,0,0.833333333,13.48777224,About 100% of species are perennial,About 0% of species are woody,About 0% of species are agricultural,radial symmetry,selfing,autogamy,wind-pollinated,high risk,cold climates,small genome,moderate variation,https://upload.wikimedia.org/wikipedia/commons/6/69/Schiedea_globosa_-_globe_schiedea_-_stat-vulnerable_-_desc-flowers.jpg
Alternanthera,Amaranthaceae,Caryophyllales,0,0,0.821428571,0.071428571,0.041463415,0,.,.,0.5,1.888888889,.,.,.,About 82% of species are perennial,About 7% of species are woody,About 4% of species are agricultural,radial,mixed mating system,reproduces sexually,insect-pollinated,moderate risk,temperate climates,medium genome,moderate variation,https://upload.wikimedia.org/wikipedia/commons/c/c3/Starr_030523-0122_Alternanthera_pungens.jpg
Althaea,Malvaceae,Malvales,0,0,0.611111111,0,0.006153846,.,1,1,1,.,.,.,.,About 61% of species are perennial,About 0% of species are woody,About 1% of species are agricultural,radial,selfing,requires external agents for reproduction,wind-pollinated,low extinction risk,temperate climates,small genome,low variation,No image found
Alyssoides,Brassicaceae,Brassicales,0,0,1,0,0.00485306,.,.,.,.,.,.,.,.,About 1% of species are perennial,About 0% of species are woody,About 0% of species are agricultural,radial or bilateral symmetry,mixed mating system,sexual reproduction,insect-pollinated,low extinction risk,cold climates,small genome,low variation,https://upload.wikimedia.org/wikipedia/commons/8/81/Alyssoides_utriculata_-_Berlin_Botanical_Garden_-_IMG_8506.JPG
Alyssum,Brassicaceae,Brassicales,0,0,0.675324675,0,0.00485306,.,1,1,1,.,.,0.58,.,About 68% of species are perennial,About 0% of species are woody,About 0% of species are annual,radial,selfing,abiotic,wind-pollinated,low extinction risk,cold climates,small genome,low variation,https://upload.wikimedia.org/wikipedia/commons/3/3b/Alyssum_montanum_ENBLA06.jpg
Amaranthus,Amaranthaceae,Caryophyllales,0.380734818,0.194174757,0.04368932,0,0.041463415,0,1,1,0,2,0.199,0.735263158,23.54830959,About 4% of species are perennial,About 0% of species are woody,About 4% of species are annual,radial,selfing,obligate selfing,wind-pollinated,moderate risk,cold climates,small genome,high variation,https://upload.wikimedia.org/wikipedia/commons/9/91/Amaranthus_tricolor0.jpg
Ambrosia,Asteraceae,Asterales,0.158562368,0.034090909,0.547619048,0.170454545,0.00210989,.,1,0.666666667,0,.,0.95,2.375,49.9008065,About 55% of species are perennial,About 17% of species are woody,About 0% of species are agricultural,radial symmetry,mixed mating system,herbaceous perennial growth,wind-pollinated,low extinction risk,warm climates,medium genome,high variation,https://upload.wikimedia.org/wikipedia/commons/c/c9/WLANL_-_MicheleLovesArt_-_Museum_Boijmans_Van_Beuningen_-_Istoriato_schotel%2C_de_maaltijd_der_Goden_op_de_Olympus.jpg
Amelanchier,Rosaceae,Rosales,1.169590643,0.105263158,1,1,0.001060071,.,1,0.875,1,.,.,1.1175,25.89801521,About 100% of species are perennial,About 100% of species are woody,About 0% of species are in agriculture,radial symmetry,selfing,herbaceous,wind-pollinated,low extinction risk,cold climates,small genome,high variation,https://upload.wikimedia.org/wikipedia/commons/1/16/Amelanchier_grandiflora2.jpg
Ammannia,Lythraceae,Myrtales,0,0,0,0,0,0,.,.,.,.,.,.,.,About 0% of species are perennial,About 0% of species are woody,About 0% of species are agriculturally important,radial,selfing,autogamous,wind-pollinated,low extinction risk,cold climates,small genome,low variation,https://upload.wikimedia.org/wikipedia/commons/d/d8/Ammannia_coccinea_NRCS-1.jpg
Ammi,Apiaceae,Apiales,0,0,0,0,0.003968254,.,1,1,1,.,.,.,.,About 0% of species are perennial,About 0% of species are woody,About 0% of species are agricultural,radial,selfing,abiotic reproduction,wind-pollinated,low extinction risk,cold climates,small genome,low variation,No image found
Ammophila,Poaceae,Poales,5,0.1,1,0,0.074314214,.,1,0,0,.,.,4.815,0,About 100% of species are perennial,About 0% of species are woody,About 7% of species are agricultural,radial symmetry,obligate selfing,obligate selfing,wind-pollinated,low extinction risk,temperate climates,medium genome,low variation,No image found
Amorpha,Fabaceae,Fabales,0,0,1,1,0.096494845,.,1,1,1,.,.,.,.,About 100% of species are perennial,About 100% of species are woody,About 10% of species are agricultural,radial,selfing,obligate selfing,wind-pollinated,low extinction risk,cold climates,small genome,low variation,https://upload.wikimedia.org/wikipedia/commons/9/9d/Amorpha_fruiticosa.jpg
Amphibromus,Poaceae,Poales,0,0,1,0,0.074314214,.,.,.,.,.,.,3.99,.,About 100% of species are perennial,About 0% of species are woody,About 7% of species are agricultural,radial symmetry,mixed mating system,obligate xenogamy,wind-pollinated,low extinction risk,temperate climates,medium genome,moderate variation,https://upload.wikimedia.org/wikipedia/commons/8/83/Amphibromus_nervosus.jpg
Amphicarpum,Poaceae,Poales,0,0,0.5,0,0.074314214,.,.,.,.,.,.,.,.,About 50% of species are perennial,About 0% of species are woody,About 7% of species are agricultural,radial symmetry,mixed mating system,sexual reproduction,insect-pollinated,low extinction risk,temperate climates,medium genome,moderate variation,https://upload.wikimedia.org/wikipedia/commons/b/be/Amphicarpum_muehlenbergianum.jpg
Amphipogon,Poaceae,Poales,0,0,1,0,0.074314214,.,.,.,0,.,.,.,.,About 1% of species are perennial,About 0% of species are woody,About 7% of species are agricultural,radial,mixed,sexual reproduction,wind-pollinated,low extinction risk,cold climates,small genome,low variation,https://upload.wikimedia.org/wikipedia/commons/6/68/Amphipogon_turbinatus_-_01.jpg
Amsinckia,Boraginaceae,Boraginales,0.246305419,0.034482759,0,0,0.001824818,.,.,1,1,4,0.33825,1.133333333,13.47816381,About 0% of species are perennial,About 0% of species are woody,About 0% of species are annual or herbaceous perennial,radial,obligate xenogamy,long-styled,insect-pollinated,high risk,temperate climates,small genome,moderate variation,https://upload.wikimedia.org/wikipedia/commons/d/d9/Amsinckia_eastwoodiae.jpg
Amsonia,Apocynaceae,Gentianales,0,0,1,0,0.000658617,.,.,.,.,.,.,.,.,About 100% of species are perennial,About 0% of species are woody,About 0% of species are agricultural,radial or bilateral symmetry,mixed mating system,herbaceous perennial reproduction,insect-pollinated,low extinction risk,temperate climates,medium genome,moderate variation,https://upload.wikimedia.org/wikipedia/commons/6/6f/Amsonia-tabernaemontana-flowers.JPG
Amyema,Loranthaceae,Santalales,0,0,1,1,0,.,.,.,1,.,.,11.71222222,21.3118243,About 100% of species are perennial,About 100% of species are woody,About 0% of species are agricultural,radial,selfing,sexual reproduction,insect-pollinated,low extinction risk,temperate climates,large genome,high variation,https://upload.wikimedia.org/wikipedia/commons/b/bd/Amyema-pendula-6.jpeg
Anabasis,Amaranthaceae,Caryophyllales,0,0,1,1,0.041463415,.,.,.,.,.,.,.,.,About 1% of species are perennial,About 1% of species are woody,About 4% of species are agricultural,radial,mixed mating system,sexual reproduction,wind-pollinated,low extinction risk,temperate climates,small genome,moderate variation,No image found
Anacyclus,Asteraceae,Asterales,0,0,0.25,0,0.00210989,.,.,.,.,.,.,6.4,22.19813419,About 25% of species are perennial,About 0% of species are woody,About 0% of species are cultivated,radial symmetry,mixed mating system,cross-pollinated,insect-pollinated,low extinction risk,temperate climates,medium genome,high variation,https://upload.wikimedia.org/wikipedia/commons/4/4b/Anacyclus_pyrethrum_-_K%C3%B6hler%E2%80%93s_Medizinal-Pflanzen-011.jpg
Anagallis,Primulaceae,Ericales,0,0,0.333333333,0,0,.,1,0.833333333,1,.,.,1.75,.,About 33% of species are perennial,About 0% of species are woody,About 0% of species are agricultural,radial,selfing,agamospermy,wind-pollinated,low extinction risk,cold climates,small genome,low variation,No image found
Anarrhinum,Plantaginaceae,Lamiales,10,0.2,0.5,0,0.005925926,.,1,1,1,.,.,.,.,About 50% of species are perennial,About 0% of species are woody,About 1% of species are agricultural,radial symmetry,selfing,autogamous,wind-pollinated,low extinction risk,temperate climates,medium genome,moderate variation,https://upload.wikimedia.org/wikipedia/commons/4/48/Anarrhinum_bellidifolium_001.JPG
Anchusa,Boraginaceae,Boraginales,0.15015015,0.027027027,0.445945946,0,0.001824818,.,1,1,1,4,.,.,.,About 45% of species are perennial,About 0% of species are woody,About 0% of species are agriculturally important,radial symmetry,selfing,obligate xenogamy,insect-pollinated,high risk,temperate climates,medium genome,moderate variation,https://upload.wikimedia.org/wikipedia/commons/6/67/Anchusa_officinalis_16-06-2006_19.44.06.JPG
Androcymbium,Colchicaceae,Liliales,0,0,1,0,0,0,.,.,.,.,.,2.89,.,About 1% of species are perennial,About 0% of species are woody,About 0% of species are agroforestry,radial,Selfing,Autogamous,Insect-pollinated,low extinction risk,temperate climates,medium genome,moderate variation,https://upload.wikimedia.org/wikipedia/commons/1/1f/Colchicum_speciosum000.jpg
Andropogon,Poaceae,Poales,0.735294118,0.058823529,1,0,0.074314214,1,.,.,0,3.333333333,.,4.378571429,0,About 1% of species are perennial,About 0% of species are woody,About 7% of species are agricultural,radial,mixed mating system,self-pollination,wind-pollinated,high risk,temperate climates,medium genome,low variation,https://upload.wikimedia.org/wikipedia/commons/a/ad/Starr_031118-0122_Andropogon_virginicus.jpg
Androsace,Primulaceae,Ericales,0,0,0.602941176,0,0,.,1,0.875,1,.,.,.,.,About 60% of species are perennial,About 0% of species are woody,About 0% of species are aggregated,radial symmetry,mixed mating system,obligate autogamy,insect-pollinated,low extinction risk,cold climates,small genome,low variation,https://upload.wikimedia.org/wikipedia/commons/3/3d/Androsace_laevigata_5662.jpg
Andryala,Asteraceae,Asterales,0,0,0.7,0,0.00210989,.,.,.,1,.,.,2.225,27.64866965,About 70% of species are perennial,About 0% of species are woody,About 0% of species are agricultural,radial,mixed mating system,standard sexual reproduction,insect-pollinated,low extinction risk,temperate climates,medium genome,high variation,https://upload.wikimedia.org/wikipedia/commons/4/44/Andryala_laxiflora_FlowerCloseup_DehesaBoyaldePuertollano.jpg
Anemone,Ranunculaceae,Ranunculales,0.289855072,0.065217391,1,0,0,.,1,0.611111111,1,3,.,17.23103448,41.21008428,About 100% of species are perennial,About 0% of species are woody,About 0% of species are agricultural,radial symmetry,selfing,autotrophic,wind-pollinated,moderate risk,temperate climates,large genome,high variation,https://upload.wikimedia.org/wikipedia/commons/d/de/Anemones5.jpg
Angelica,Apiaceae,Apiales,0,0,0.983333333,0,0.003968254,.,1,1,1,.,.,3.23,.,About 98% of species are perennial,About 0% of species are woody,About 0% of species are of agricultural importance,radial symmetry,selfing,hermaphroditic,wind-pollinated,low extinction risk,temperate climates,medium genome,moderate variation,https://upload.wikimedia.org/wikipedia/commons/8/8e/Gewone_engwortel_R0012880_Plant.JPG
Angianthus,Asteraceae,Asterales,0,0,0,0,0.00210989,.,.,.,.,.,.,.,.,About 0% of species are perennial,About 0% of species are woody,About 0% of species are agricultural,radial symmetry,mixed mating system,reproduction by seed,wind-pollinated,low extinction risk,cold climates,small genome,low variation,https://upload.wikimedia.org/wikipedia/commons/d/d7/Angianthus_acrohyalinus.jpg
Anisantha,Poaceae,Poales,0,0,0,0,0.074314214,.,.,.,.,.,.,.,.,About 0% of species are perennial,About 0% of species are woody,About 7% of species are aggregated,radial symmetry,self-incompatible,obligate xenogamy,wind-pollinated,low extinction risk,cold climates,small genome,low variation,https://upload.wikimedia.org/wikipedia/commons/d/d4/Bromus_pubescens.jpg
Antennaria,Asteraceae,Asterales,0.354609929,0.083333333,1,0,0.00210989,.,1,0.5,1,.,0.729,.,.,About 100% of species are perennial,About 0% of species are woody,About 0% of species are agricultural,radial,selfing,sexual reproduction,insect-pollinated,low extinction risk,warm climates,medium genome,moderate variation,https://upload.wikimedia.org/wikipedia/commons/e/ed/Antennaria_racemosa_4844f.JPG
Anthemis,Asteraceae,Asterales,0.016228497,0.006329114,0.486842105,0,0.00210989,.,1,1,1,4,.,8.175,4.757293329,About 49% of species are perennial,About 0% of species are woody,About 0% of species are aggregated,radial symmetry,selfing,vegetative reproduction,wind-pollinated,high risk,temperate climates,large genome,low variation,https://upload.wikimedia.org/wikipedia/commons/8/89/Illustration_Anthemis_arvensis0.jpg
Anthericum,Asparagaceae,Asparagales,0,0,1,0,0,.,1,0.5,1,.,.,8.635,95.23626943,About 100% of species are perennial,About 0% of species are woody,About 0% of species are agricultural,radial,selfing,dioecious,wind-pollinated,low extinction risk,warm climates,large genome,high variation,https://upload.wikimedia.org/wikipedia/commons/5/56/Anthericum_ramosum_250605.jpg
Anthoxanthum,Poaceae,Poales,0,0,0.5,0,0.074314214,.,1,0.75,0,.,.,5.9,.,About 50% of species are perennial,About 0% of species are woody,About 7% of species are agricultural,radial,mixed mating,typically insect-pollinated,wind-pollinated,low extinction risk,temperate climates,medium genome,moderate variation,https://upload.wikimedia.org/wikipedia/commons/9/96/Anthoxanthum_odoratum.jpg
Anthriscus,Apiaceae,Apiales,0,0,0.333333333,0,0.003968254,.,1,0.75,1,.,.,2.25,.,About 33% of species are perennial,About 0% of species are woody,About 0% of species are agricultural,radial symmetry,selfing,non-cleistogamous,wind-pollinated,low extinction risk,temperate climates,medium genome,moderate variation,https://upload.wikimedia.org/wikipedia/commons/4/40/Anthriscus_cerefolium0.jpg
Anthyllis,Fabaceae,Fabales,0,0,0.643410853,0.789473684,0.096494845,.,1,1,1,.,.,0.575,23.36526755,About 64% of species are perennial,About 79% of species are woody,About 10% of species are agricultural,radial symmetry,selfing,obligate selfing,wind-pollinated,low extinction risk,cold climates,small genome,high variation,https://upload.wikimedia.org/wikipedia/commons/0/0a/Anthyllis_vulneraria%2C_AlpenWundklee_1.JPG
Antidesma,Phyllanthaceae,Malpighiales,100,0.5,1,1,0.002292264,0,.,.,.,1.75,.,.,.,About 100% of species are perennial,About 100% of species are woody,About 0% of species are agricultural,radial,mixed mating system,Reproduction typically involves sexual reproduction.,Pollination is primarily achieved through abiotic means.,moderate risk,temperate climates,small genome,moderate variation,https://upload.wikimedia.org/wikipedia/commons/e/e1/Antidesma.platyphyllum3web.jpg
Antinoria,Poaceae,Poales,0,0,0.25,0,0.074314214,.,.,.,.,.,.,.,.,About 25% of species are perennial,About 0% of species are woody,About 7% of species are agroforestry,radial symmetry,mixed mating system,generalist reproduction,insect-pollinated,low extinction risk,temperate climates,medium genome,high variation,https://upload.wikimedia.org/wikipedia/commons/d/d0/Antinoria_agrostidea002.jpg
Antirrhinum,Plantaginaceae,Lamiales,0.64516129,0.096774194,0.59375,0.28125,0.005925926,.,1,1,1,3,0.815,0.778,0,About 59% of species are perennial,About 28% of species are woody,About 1% of species are agricultural,radial symmetry,selfing,outcrossing,insect-pollinated,moderate risk,warm climates,small genome,low variation,https://upload.wikimedia.org/wikipedia/commons/6/6f/Antirrhinum_majus_BCBG_%2802%29.jpg
Aotus,Fabaceae,Fabales,0,0,1,1,0.096494845,.,.,.,.,.,.,.,.,About 1% of species are perennial,About 1% of species are woody,About 10% of species are agamospermic,radial symmetry,mixed mating system,sexual reproduction,wind-pollinated,low extinction risk,cold climates,small genome,low variation,No image found
Apera,Poaceae,Poales,0,0,0,0,0.074314214,.,1,1,0,.,.,5.4,.,About 0% of species are perennial,About 0% of species are woody,About 7% of species are agricultural,radial,selfing,self-pollination,wind-pollinated,low extinction risk,temperate climates,medium genome,moderate variation,https://upload.wikimedia.org/wikipedia/commons/f/f4/Apera_spica-venti_illustration_%2801%29.jpg
Aphanes,Rosaceae,Rosales,0,0,0,0,0.001060071,.,0.75,1,1,2,.,0.58,.,About 0% of species are perennial,About 0% of species are woody,About 0% of species are agricultural,radial symmetry,self-incompatible,bisexual reproduction,insect-pollinated,moderate risk,cold climates,small genome,low variation,https://upload.wikimedia.org/wikipedia/commons/a/aa/Aphanes_arvensis_kz1.jpg
Aphanostephus,Asteraceae,Asterales,0,0,0.25,0,0.00210989,.,.,.,.,.,.,.,.,About 25% of species are perennial,About 0% of species are woody,About 0% of species are agricultural,radial symmetry,mixed mating system,reproduces sexually,insect-pollinated,low extinction risk,temperate climates,small genome,low variation,https://upload.wikimedia.org/wikipedia/commons/a/a3/Aphanostephus_ramosissimus_-_Flickr_-_aspidoscelis_%285%29.jpg
Aphelia,Centrolepidaceae,Poales,0,0,0,0,0,.,.,.,.,.,.,.,.,About 0% of species are perennial,About 0% of species are woody,About 0% of species are agricultural,radial,selfing,autotrophic,wind-pollinated,low extinction risk,cold climates,small genome,low variation,No image found
Apium,Apiaceae,Apiales,2.857142857,0.2,0.5,0,0.003968254,.,1,0.625,1,4,.,1.08,.,About 50% of species are perennial,About 0% of species are woody,About 0% of species are agricultural,radial,selfing,vegetative reproduction,wind-pollinated,high risk,temperate climates,small genome,moderate variation,https://upload.wikimedia.org/wikipedia/commons/4/48/2023-06-22_Apium_graveolens_%28Wild_Celery%29%2C_Elswick%2C_Northumberland_1.jpg
Apocynum,Apocynaceae,Gentianales,11.11111111,0.444444444,1,0,0.000658617,.,.,.,.,.,.,.,.,About 100% of species are perennial,About 0% of species are woody,About 0% of species are agricultural,radial symmetry,selfing,self-pollination,wind-pollinated,low extinction risk,cold climates,small genome,low variation,https://upload.wikimedia.org/wikipedia/commons/a/a3/SpreadingDogbane.JPG
Aquilegia,Ranunculaceae,Ranunculales,0.740055504,0.170212766,1,0,0,.,1,1,1,4,0.486666667,0.53,3.773584906,About 100% of species are perennial,About 0% of species are woody,About 0% of species are agro,radial symmetry,selfing,obligate selfing,insect-pollinated,high risk,temperate climates,small genome,low variation,https://upload.wikimedia.org/wikipedia/commons/b/bb/Wald-Akelei.JPG
Arabidella,Brassicaceae,Brassicales,0,0,0.5,0.5,0.00485306,.,.,.,.,.,.,.,.,About 50% of species are perennial,About 50% of species are woody,About 0% of species are agricultural,radial,mixed mating,vertebrate-dispersed seeds,insect-pollinated,low extinction risk,temperate climates,medium genome,high variation,https://upload.wikimedia.org/wikipedia/commons/7/77/Arabidella_trisecta_%288694899387%29.jpg
Arabidopsis,Brassicaceae,Brassicales,0,0,0.1,0,0.00485306,.,1,0.9,1,.,0.5882,0.266818182,31.02969721,About 10% of species are perennial,About 0% of species are woody,About 0% of species are aggregated,radial,selfing,animal pollination,insect-pollinated,low extinction risk,temperate climates,small genome,high variation,https://upload.wikimedia.org/wikipedia/commons/a/a2/Arabidopsis_thaliana_sl12.jpg
Arabis,Brassicaceae,Brassicales,0.035267149,0.018691589,0.690721649,0,0.00485306,.,0.958333333,0.884615385,1,4,0.56,0.482307692,66.42766091,About 69% of species are perennial,About 0% of species are woody,About 0% of species are agricultural,radial symmetry,self-incompatible,typically reproduces via seeds,insect-pollinated,high risk,temperate climates,small genome,high variation,https://upload.wikimedia.org/wikipedia/commons/c/c1/Arabis_ferdinandi-coburgii.JPG
Aralia,Araliaceae,Apiales,0,0,1,0.333333333,0,.,.,.,.,2,.,.,.,About 100% of species are perennial,About 33% of species are woody,About 0% of species are herbaceous,radial or bilateral symmetry,mixed mating system,unknown reproductive syndrome,unknown pollination syndrome,moderate risk,temperate climates,medium genome size,moderate variation in genome size,https://upload.wikimedia.org/wikipedia/commons/2/23/Aralia_elata_en_fleur4081.jpg
Arbutus,Ericaceae,Ericales,100,0.5,1,1,0,.,.,1,1,1.5,0.97,.,.,About 1% of species are perennial,About 1% of species are woody,About 0% of species are cultivated,radial symmetry,selfing,inflorescence,insect-pollinated,moderate risk,warm climates,medium genome,moderate variation,https://upload.wikimedia.org/wikipedia/commons/8/89/Arbouse.jpg
Arceuthobium,Santalaceae,Santalales,0,0,1,0,0.002139037,.,.,.,.,0,.,.,.,About 100% of species are perennial,About 0% of species are woody,About 0% of species are agricultural,radial symmetry,mixed mating system,seed reproduction,insect-pollinated,low extinction risk,temperate climates,medium genome,low variation,https://upload.wikimedia.org/wikipedia/commons/e/e1/Arceuthobium_abietinum_1.jpg
Arctium,Asteraceae,Asterales,6.666666667,0.466666667,0,0,0.00210989,.,1,1,1,.,.,.,.,About 0% of species are perennial,About 0% of species are woody,About 0% of species are agricultural,radial,selfing,chasmogamous,wind-pollinated,low extinction risk,temperate climates,small genome,low variation,https://upload.wikimedia.org/wikipedia/commons/8/80/Villtakjas_2008.jpg
Arctomecon,Papaveraceae,Ranunculales,0,0,1,0,0,.,.,.,.,.,.,.,.,About 1% of species are perennial,About 0% of species are woody,About 0% of species are agricultural,radial symmetry,selfing,obligate apomixis,wind-pollinated,low extinction risk,cold climates,small genome,low variation,https://upload.wikimedia.org/wikipedia/commons/4/4d/Arctomecon_merriamii_3.jpg
Arctostaphylos,Ericaceae,Ericales,0.372960373,0.121212121,1,1,0,.,1,0.5,1,2,.,1.25,.,About 100% of species are perennial,About 100% of species are woody,About 0% of species are agricultural,radial,selfing,vegetative reproduction,insect-pollinated,moderate risk,temperate climates,small genome,moderate variation,https://upload.wikimedia.org/wikipedia/commons/f/fa/Arctostaphylos_patula_08154.JPG
Arctotheca,Asteraceae,Asterales,0,0,0.666666667,0,0.00210989,.,.,.,.,.,.,.,.,About 67% of species are perennial,About 0% of species are woody,About 0% of species are agricultural,radial symmetry,selfing,dioecious,wind-pollinated,low extinction risk,temperate climates,small genome,moderate variation,https://upload.wikimedia.org/wikipedia/commons/9/9f/Capeweed_flower.jpg
Ardisia,Primulaceae,Ericales,0,0,1,1,0,0,.,.,1,2.328571429,0.63,2.65,.,About 100% of species are perennial,About 100% of species are woody,About 0% of species are agroforestry,radial,selfing,self-pollination,wind-pollinated,moderate risk,temperate climates,medium genome,moderate variation,https://upload.wikimedia.org/wikipedia/commons/3/32/Ardisia_crenata6.jpg
Arenaria,Caryophyllaceae,Caryophyllales,0,0,0.618421053,0,0.001818182,.,1,0.875,1,4,.,0.7,20.20305089,About 62% of species are perennial,About 0% of species are woody,About 0% of species are agricultural,radial symmetry,selfing,self-pollination,wind-pollinated,high risk,temperate climates,small genome,high variation,No image found
Argemone,Papaveraceae,Ranunculales,1.515151515,0.083333333,0.583333333,0,0,0,.,.,1,.,.,0.6,.,About 58% of species are perennial,About 0% of species are woody,About 0% of species are agricultural,radial,Self-incompatible,Requires animal pollination,insect-pollinated,low extinction risk,temperate climates,small genome,low variation,https://upload.wikimedia.org/wikipedia/commons/3/3f/Argemone.jpg
Argentina,Rosaceae,Rosales,0,0,.,0,0.001060071,.,.,.,.,.,.,.,.,About 92% of species are perennial,About 0% of species are woody,About 0% of species are agricultural,radial symmetry,mixed mating system,obligate xenogamy,insect-pollinated,low extinction risk,temperate climates,medium genome,moderate variation,https://upload.wikimedia.org/wikipedia/commons/thumb/1/1a/Flag_of_Argentina.svg/960px-Flag_of_Argentina.svg.png
Argentipallium,Asteraceae,Asterales,0,0,1,0,0.00210989,.,.,.,.,.,.,.,.,About 1% of species are perennial,About 0% of species are woody,About 0% of species are agronomically important,radial symmetry,mixed mating system,dioecious reproduction,wind-pollinated,low extinction risk,cold climates,small genome,low variation,https://upload.wikimedia.org/wikipedia/commons/1/14/Argentipallium_niveum_%2815418043992%29.jpg
Argyrochosma,Pteridaceae,Monilophyta,0,0,1,0,0,.,.,.,.,.,.,.,.,About 100% of species are perennial,About 0% of species are woody,About 0% of species are agricultural,radial symmetry,selfing,self-pollinating,wind-pollinated,low extinction risk,cold climates,small genome,low variation,https://upload.wikimedia.org/wikipedia/commons/9/9a/Argyrochosma_jonesii_3.jpg
Argyrolobium,Fabaceae,Fabales,0,0,1,0.5,0.096494845,.,.,.,1,.,.,1.91,0,About 100% of species are perennial,About 50% of species are woody,About 10% of species are aggregated,radial symmetry,mixed mating system,seed-dispersed by animals,insect-pollinated,low extinction risk,cold climates,small genome,low variation,https://upload.wikimedia.org/wikipedia/commons/c/cc/Argyrolobium_zanonii_2007_057.JPG
Argyroxiphium,Asteraceae,Asterales,80,1.6,1,1,0.00210989,.,.,.,.,3.25,.,.,.,About 100% of species are perennial,About 100% of species are woody,About 0% of species are agricultural,radial,self-incompatible,obligate xenogamy,insect-pollinated,high risk,temperate climates,medium genome,high variation,https://upload.wikimedia.org/wikipedia/commons/8/84/Argyroxiphium_sandwicense_Haleakala.jpg
Argythamnia,Euphorbiaceae,Malpighiales,0,0,1,0,0.01239531,.,.,.,.,.,.,.,.,About 100% of species are perennial,About 0% of species are woody,About 1% of species are agricultural,radial symmetry,mixed mating system,seed reproduction,wind-pollinated,low extinction risk,temperate climates,small genome,low variation,https://upload.wikimedia.org/wikipedia/commons/e/e4/Argythamnia_serrata_4.jpg
Arisaema,Araceae,Alismatales,0,0,1,0,0.000248447,.,.,.,.,.,.,4.975,2.416244277,About 100% of species are perennial,About 0% of species are woody,About 0% of species are agricultural,radial symmetry,mixed mating system,obligate self-pollination,insect-pollinated,low extinction risk,temperate climates,medium genome,low variation,https://upload.wikimedia.org/wikipedia/commons/8/83/Arisaema_triphyllum.jpg
Arisarum,Araceae,Alismatales,0,0,1,0,0.000248447,.,.,.,1,.,.,14,24.33892979,About 100% of species are perennial,About 0% of species are woody,About 0% of species are agricultural,radial,selfing,apomixis,wind-pollinated,low extinction risk,temperate climates,large genome,high variation,https://upload.wikimedia.org/wikipedia/commons/9/90/Arisarum_vulgare_Mallorca_01.jpg
Aristida,Poaceae,Poales,0,0,0.517857143,0,0.074314214,1,.,.,0,2,.,.,.,About 52% of species are perennial,About 0% of species are woody,About 7% of species are agricultural,radial,Mixed mating system,Sexual reproduction,wind-pollinated,moderate risk,temperate climates,medium genome,moderate variation,https://upload.wikimedia.org/wikipedia/commons/e/ec/Aristida_purpurea_form.jpg
Aristolochia,Aristolochiaceae,Piperales,0,0,1,0.238095238,0,1,1,0.5,1,2.636363636,.,0.375,28.28427125,About 100% of species are perennial,About 24% of species are woody,About 0% of species are agricultural,radial,selfing,herbaceous,insect-pollinated,moderate risk,cold climates,small genome,high variation,https://upload.wikimedia.org/wikipedia/commons/b/b1/Round-leaved_Birthwort_%28Aristolochia_rotunda%29_%2814199253496%29.jpg
Armeria,Plumbaginaceae,Caryophyllales,0.606060606,0.133333333,1,0.288888889,0.001196172,.,1,1,1,.,.,4.31,0,About 100% of species are perennial,About 29% of species are woody,About 0% of species are agricultural,radial symmetry,mixed mating system,inflorescence syndrome,insect-pollinated,low extinction risk,temperate climates,medium genome,low variation,https://upload.wikimedia.org/wikipedia/commons/1/1f/Armeria_sp_Sturm57.jpg
Armoracia,Brassicaceae,Brassicales,0,0,1,0,0.00485306,.,1,0,1,.,.,1.25,.,About 100% of species are perennial,About 0% of species are woody,About 0% of species are agricultural,radial symmetry,selfing,asexual reproduction,wind-pollinated,low extinction risk,cold climates,small genome,low variation,https://upload.wikimedia.org/wikipedia/commons/b/b6/Armoracia_rusticana.jpg
Arnica,Asteraceae,Asterales,0.158730159,0.027777778,0.945945946,0,0.00210989,.,1,0.5,1,.,.,.,.,About 95% of species are perennial,About 0% of species are woody,About 0% of species are agricultural,radial symmetry,selfing,seed dispersal by abiotic means,wind-pollinated,low extinction risk,cold climates,small genome,moderate variation,https://upload.wikimedia.org/wikipedia/commons/1/17/Arnica_montana_-_K%C3%B6hler%E2%80%93s_Medizinal-Pflanzen-015.jpg
Aronia,Rosaceae,Rosales,41.66666667,0.625,1,1,0.001060071,.,1,1,1,.,.,1.28,.,About 100% of species are perennial,About 100% of species are woody,About 0% of species are of agricultural importance,radial symmetry,selfing,requires biotic pollination,insect-pollinated,low extinction risk,cold climates,small genome,low variation,https://upload.wikimedia.org/wikipedia/commons/5/58/Chokeberries.jpg
Arrhenatherum,Poaceae,Poales,33.33333333,0.333333333,1,0,0.074314214,.,1,0.5,0,.,0.704,6.395,35.05126656,About 100% of species are perennial,About 0% of species are woody,About 7% of species are agriculturally important,radial symmetry,selfing,dioecious,wind-pollinated,low extinction risk,warm climates,medium genome,high variation,https://upload.wikimedia.org/wikipedia/commons/7/70/Arrhenatherum_elatius_inflorescence.jpg
Artemisia,Asteraceae,Asterales,0.064350064,0.047297297,0.896296296,0.286666667,0.00210989,0,1,0.794117647,0.075,.,.,4.661521739,36.69085686,About 90% of species are perennial,About 29% of species are woody,About 0% of species are agriculturally important,radial,mixed mating system,sexual reproduction with specialized pollination,wind-pollinated,low extinction risk,temperate climates,medium genome,high variation,No image found
Arthrocnemum,Amaranthaceae,Caryophyllales,0,0,1,1,0.041463415,.,.,.,0,.,.,.,.,About 1% of species are perennial,About 1% of species are woody,About 4% of species are agricultural,radial symmetry,selfing,self-pollinating,wind-pollinated,low extinction risk,cold climates,small genome,low variation,No image found
Arthropodium,Asparagaceae,Asparagales,0,0,1,0,0,.,.,.,1,.,.,2.45,.,About 100% of species are perennial,About 0% of species are woody,About 0% of species are agriculturally important,radial symmetry,selfing,asexual reproduction,insect-pollinated,low extinction risk,temperate climates,medium genome,moderate variation,https://upload.wikimedia.org/wikipedia/commons/b/b2/Arthropodium_cirrhatum.jpg
Arum,Araceae,Alismatales,5.555555556,0.222222222,1,0,0.000248447,.,1,0.5,1,.,.,10.28142857,25.83494498,About 100% of species are perennial,About 0% of species are woody,About 0% of species are agricultural,radial,selfing,vegetative reproduction,insect-pollinated,low extinction risk,warm climates,large genome,high variation,https://upload.wikimedia.org/wikipedia/commons/5/53/Arum_palaestinum_flower.jpg
Arundinaria,Poaceae,Poales,0,0,1,0,0.074314214,.,.,.,.,.,.,.,.,About 1% of species are perennial,About 0% of species are woody,About 7% of species are agricultural,radial or bilateral symmetry,mixed mating system,self-pollination or cross-pollination,insect-pollinated,low extinction risk,temperate climates,medium genome,moderate variation,https://upload.wikimedia.org/wikipedia/commons/1/11/Arundinaria_tecta_66420695.jpg
Arundo,Poaceae,Poales,0,0,1,0,0.074314214,.,.,.,0,.,.,2.8,.,About 1% of species are perennial,About 0% of species are woody,About 7% of species are agricultural,bilateral,selfing,abiotic pollination,wind-pollinated,low extinction risk,temperate climates,medium genome,moderate variation,https://upload.wikimedia.org/wikipedia/commons/b/b0/Arundo.donax1web.jpg
Asarum,Aristolochiaceae,Piperales,0,0,1,0,0,.,1,0.5,1,2,.,6.385,21.88347405,About 100% of species are perennial,About 0% of species are woody,About 0% of species are agricultural,bilateral,selfing,obligate apomixis,insect-pollinated,moderate risk,temperate climates,medium genome,high variation,https://upload.wikimedia.org/wikipedia/commons/8/80/Asarum_caudatum_1117.JPG
Asclepias,Apocynaceae,Gentianales,0.037023325,0.013513514,0.986486486,0.027027027,0.000658617,0,1,0.5,1,.,0.981,0.42,.,About 99% of species are perennial,About 3% of species are woody,About 0% of species are agricultural,radial,selfing,typically reproduces sexually,insect-pollinated,low extinction risk,warm climates,small genome,moderate variation,https://upload.wikimedia.org/wikipedia/commons/5/53/Danaus_plexippus_on_Asclepias_incarnata_4999.jpg
Asparagus,Asparagaceae,Asparagales,0,0,1,0,0,0,1,0.5,1,.,.,2.03125,21.04713062,About 100% of species are perennial,About 0% of species are woody,About 0% of species are grown agriculturally,radial,selfing,self-pollination,insect-pollinated,low extinction risk,temperate climates,medium genome,high variation,No image found
Asperula,Rubiaceae,Gentianales,0.063291139,0.025,0.975,0.0125,6.00E-04,.,1,0.875,1,.,.,.,.,About 98% of species are perennial,About 1% of species are woody,About 0% of species are agricultural,radial symmetry,selfing,outcrossing and selfing are common,insect-pollinated,low extinction risk,temperate climates,medium genome,moderate variation,https://upload.wikimedia.org/wikipedia/commons/c/c3/Asperula_arvensis0.jpg
Asphodeline,Xanthorrhoeaceae,Asparagales,0,0,1,0,0,.,.,.,.,.,.,4.44,0,About 100% of species are perennial,About 0% of species are woody,About 0% of species are agro-ecological,radial symmetry,obligate selfing,autotrophic and homothallic,insect-pollinated,low extinction risk,temperate climates,medium genome,low variation,https://upload.wikimedia.org/wikipedia/commons/e/e3/Asphodeline_lutea_pm1.jpg
Asphodelus,Xanthorrhoeaceae,Asparagales,33.33333333,0.5,0.9,0,0,.,.,.,1,.,.,3.485,5.88410234,About 90% of species are perennial,About 0% of species are woody,About 0% of species are agricultural,radial symmetry,mixed mating system,herbaceous plants,insect-pollinated,low extinction risk,temperate climates,medium genome,moderate variation,https://upload.wikimedia.org/wikipedia/commons/a/a0/Asphodelus_aestivus.jpg
Aspidotis,Pteridaceae,Monilophyta,100,0.5,1,0,0,.,.,.,.,.,.,.,.,About 100% of species are perennial,About 0% of species are woody,About 0% of species are agricultural,radial symmetry,selfing,self-pollinating,wind-pollinated,low extinction risk,cold climates,small genome,low variation,https://upload.wikimedia.org/wikipedia/commons/c/c8/Aspidotis_densa_BB-1913.jpg
Asplenium,Aspleniaceae,Monilophyta,0.648148148,0.259259259,1,0,0,.,1,1,1,1.083333333,.,6.301764706,20.8548925,About 1% of species are perennial,About 0% of species are woody,About 0% of species are agricultural,radial,selfing,seed-based reproduction,wind-pollinated,moderate risk,temperate climates,medium genome,high variation,https://upload.wikimedia.org/wikipedia/commons/4/43/Asplenium_trichomanes_subsp_quadrivalens.jpg
Astelia,Asteliaceae,Asparagales,0,0,1,0,0,.,.,.,.,4,.,1.27,.,About 100% of species are perennial,About 0% of species are woody,About 0% of species are cultivated,Unknown floral symmetry,Unknown mating system,Unknown reproductive syndrome,Unknown pollination syndrome,high risk,Cold climates,small genome,Low variation,https://upload.wikimedia.org/wikipedia/commons/4/4a/Astelia_hemichrysa-DenisBarthelEdit.JPG
Aster,Asteraceae,Asterales,0.154181027,0.11409396,0.944444444,0.039473684,0.00210989,0,1,0.5,1,4,.,.,.,About 94% of species are perennial,About 4% of species are woody,About 0% of species are agricultural,radial,selfing,obligate self-pollination,insect-pollinated,high risk,temperate climates,medium genome,moderate variation,No image found
Asteriscus,Asteraceae,Asterales,0,0,0.5,0,0.00210989,.,.,.,1,.,.,0.86,0,About 50% of species are perennial,About 0% of species are woody,About 0% of species are agricultural,radial symmetry,selfing,wind-pollinated,wind-pollinated,low extinction risk,cold climates,small genome,low variation,No image found
Asterolasia,Rutaceae,Sapindales,0,0,1,1,0.001652893,.,.,.,.,.,.,.,.,About 100% of species are perennial,About 100% of species are woody,About 0% of species are agricultural,radial symmetry,selfing,dioecious,wind-pollinated,low extinction risk,cold climates,small genome,low variation,https://upload.wikimedia.org/wikipedia/commons/6/66/Asterolasia_hexapetala.jpg
Astilbe,Saxifragaceae,Saxifragales,100,0.5,1,0,0,.,.,.,.,.,.,.,.,About 1% of species are perennial,About 0% of species are woody,About 0% of species are annual,Unknown floral symmetry,Unknown mating system,Unknown reproductive syndrome,Unknown pollination syndrome,Low extinction risk,Unknown average temperature,Unknown C value,Unknown CV C value,https://upload.wikimedia.org/wikipedia/commons/e/e8/Astilbe_arendsii1.jpg
Astragalus,Fabaceae,Fabales,0,0,0.88863109,0,0.096494845,.,1,0.85,1,2.8,.,0.865,22.2073673,About 89% of species are perennial,About 0% of species are woody,About 10% of species are agricultural,radial,selfing,chasmogamous,insect-pollinated,moderate risk,temperate climates,small genome,high variation,No image found
Astrantia,Apiaceae,Apiales,0,0,1,0,0.003968254,.,1,0.5,1,.,.,.,.,About 100% of species are perennial,About 0% of species are woody,About 0% of species are agricultural,radial,selfing,annual herb,insect-pollinated,low extinction risk,temperate climates,small genome,moderate variation,https://upload.wikimedia.org/wikipedia/commons/7/76/Astrantia.jpg
Astrodaucus,Apiaceae,Apiales,0,0,.,0,0.003968254,.,.,.,.,.,.,5.04,3.928371007,About 90% of species are perennial,About 0% of species are woody,About 0% of species are agricultural,radial symmetry,mixed mating system,obligate cross-pollination,insect-pollinated,low extinction risk,temperate climates,medium genome,moderate variation,https://upload.wikimedia.org/wikipedia/commons/5/54/Astrodaucus_orientalis_Astrodaucus_%E1%83%A6%E1%83%A0%E1%83%98%E1%83%90%E1%83%9C%E1%83%AD%E1%83%95%E1%83%94%E1%83%9A%E1%83%90_%282%29.JPG
Astroloma,Ericaceae,Ericales,0,0,1,1,0,.,.,.,.,.,.,.,.,About 1% of species are perennial,About 1% of species are woody,About 0% of species are agamic,radial,mixed mating system,reproduces sexually,insect-pollinated,low extinction risk,cold climates,small genome,low variation,No image found
Astrotricha,Araliaceae,Apiales,0,0,1,1,0,.,.,.,.,.,.,.,.,About 100% of species are perennial,About 100% of species are woody,About 0% of species are agamic,radial symmetry,obligate outcrossing,dioecious,wind-pollinated,low extinction risk,temperate climates,medium genome,moderate variation,https://upload.wikimedia.org/wikipedia/commons/8/80/Astrotricha_crassifolia.jpg
Asyneuma,Campanulaceae,Asterales,0,0,1,0,0,.,.,.,.,.,.,.,.,About 100% of species are perennial,About 0% of species are woody,About 0% of species are agricultural,radial symmetry,selfing,self-pollination facilitated by anthers dehiscing over stigmas,insect-pollinated,low extinction risk,cold climates,small genome,low variation,https://upload.wikimedia.org/wikipedia/commons/9/94/Asyneuma_japonicum_1.JPG
Athamanta,Apiaceae,Apiales,0,0,1,0,0.003968254,.,1,1,1,.,.,1.23,.,About 100% of species are perennial,About 0% of species are woody,About 0% of species are agricultural,radial symmetry,mixed mating system,autotrophic reproduction,wind-pollinated,low extinction risk,cold climates,small genome,low variation,https://upload.wikimedia.org/wikipedia/commons/a/a1/Athamantha_haynaldii0.jpg
Atractylis,Asteraceae,Asterales,0,0,0.75,0,0.00210989,.,.,.,1,.,.,3.99,.,About 75% of species are perennial,About 0% of species are woody,About 0% of species are agricultural,radial,mixed mating system,sexual reproduction,insect-pollinated,low extinction risk,temperate climates,medium genome,low variation,https://upload.wikimedia.org/wikipedia/commons/e/e9/Atractylis_comosa.jpg
Atraphaxis,Polygonaceae,Caryophyllales,0,0,1,1,0.002727273,.,.,.,.,3,.,.,.,About 100% of species are perennial,About 100% of species are woody,About 0% of species are agricultural,radial symmetry,selfing,self-pollination,wind-pollinated,moderate risk,temperate climates,medium genome,moderate variation,https://upload.wikimedia.org/wikipedia/commons/f/f3/Atraphaxis_pyrifolia.JPG
Atriplex,Amaranthaceae,Caryophyllales,0.158940397,0.119205298,0.369281046,0.232026144,0.041463415,.,1,0.96875,0.086956522,4,.,1.172962963,58.85704279,About 37% of species are perennial,About 23% of species are woody,About 4% of species are agricultural,radial,selfing,vegetative reproduction,wind-pollinated,high risk,temperate climates,small genome,high variation,https://upload.wikimedia.org/wikipedia/commons/c/c9/Atriplex_hortensis_cleaned_Sturm.png
Atropa,Solanaceae,Solanales,0,0,1,0,0.089837398,.,1,1,1,.,.,1.95,.,About 100% of species are perennial,About 0% of species are woody,About 9% of species are agricultural,radial symmetry,selfing,seed reproduction,wind-pollinated,low extinction risk,cold climates,small genome,low variation,https://upload.wikimedia.org/wikipedia/commons/8/80/Atropa_belladonna_%2816421213557%29.jpg
Aubrieta,Brassicaceae,Brassicales,13.33333333,0.333333333,1,0,0.00485306,.,.,.,.,.,.,0.42,.,About 100% of species are perennial,About 0% of species are woody,About 0% of species are agricultural,radial,selfing,reproduces by seeds,insect-pollinated,low extinction risk,cold climates,small genome,low variation,https://upload.wikimedia.org/wikipedia/commons/e/eb/Purple_rock_cress.JPG
Aureolaria,Orobanchaceae,Lamiales,0,0,.,0,0,.,.,.,.,.,.,.,.,About 75% of species are perennial,About 0% of species are woody,About 0% of species are agamic,radial symmetry,mixed mating system,"dioecious, wind pollinated",wind-pollinated,low extinction risk,cold climates,small genome,moderate variation,https://upload.wikimedia.org/wikipedia/commons/5/59/Aureolaria_pectinata.jpg
Australopyrum,Poaceae,Poales,0,0,1,0,0.074314214,.,.,.,.,.,.,5.72,0,About 100% of species are perennial,About 0% of species are woody,About 7% of species are agriculturally important,radial symmetry,selfing,self-pollinating,wind-pollinated,low extinction risk,temperate climates,medium genome,low variation,https://upload.wikimedia.org/wikipedia/commons/1/18/Australopyrum_pectinatum.jpg
Austrofestuca,Poaceae,Poales,0,0,1,0,0.074314214,.,.,.,.,.,.,3.71,.,About 100% of species are perennial,About 0% of species are woody,About 7% of species are agricultural,radial symmetry,mixed mating system,seed reproduction,insect-pollinated,low extinction risk,temperate climates,medium genome,moderate variation,https://upload.wikimedia.org/wikipedia/commons/7/77/Poa_annua.jpg
Avena,Poaceae,Poales,0.600600601,0.108108108,0,0,0.074314214,.,1,1,0,.,0.028333333,8.917777778,36.76904813,About 0% of species are perennial,About 0% of species are woody,About 7% of species are agriculturally important,radial,mixed mating system,dioecious,wind-pollinated,low extinction risk,cold climates,large genome,high variation,https://upload.wikimedia.org/wikipedia/commons/9/9e/Avena_fatua1.jpg
Avenula,Poaceae,Poales,0.666666667,0.08,1,0,0.074314214,.,.,.,.,.,.,.,.,About 1% of species are perennial,About 0% of species are woody,About 7% of species are agricultural,radial symmetry,mixed mating system,annual herb,wind-pollinated,low extinction risk,temperate climates,small genome,high variation,https://upload.wikimedia.org/wikipedia/commons/e/ed/Illustration_Avenula_pubescens0_clean.jpg
Azolla,Salviniaceae,Monilophyta,0,0,0.666666667,0,0,.,1,0.5,.,.,.,0.77,.,About 67% of species are perennial,About 0% of species are woody,About 0% of species are agricultural,radial,selfing,asexual reproduction,insect-pollinated,low extinction risk,cold climates,small genome,low variation,https://upload.wikimedia.org/wikipedia/commons/8/80/Azolla_caroliniana0.jpg
Baccharis,Asteraceae,Asterales,0,0,1,0.833333333,0.00210989,.,.,.,1,1.928571429,.,.,.,About 100% of species are perennial,About 83% of species are woody,About 0% of species are cultivated,radial symmetry,mixed mating system,no specific reproductive syndrome identified,insect-pollinated,moderate risk,temperate climates,medium genome,moderate variation,https://upload.wikimedia.org/wikipedia/commons/5/56/Baccharis_articulata_1.jpg
Bacopa,Plantaginaceae,Lamiales,0,0,0.666666667,0,0.005925926,1,.,.,.,.,.,1.2,.,About 67% of species are perennial,About 0% of species are woody,About 1% of species are agricultural,radial,Mixed mating system,Unknown reproductive syndrome,Unknown pollination syndrome,Unknown extinction risk,Unknown climate,small genome,Low variation in genome size,https://upload.wikimedia.org/wikipedia/commons/f/f0/Starr_070815-8055_Bacopa_monnieri.jpg
Baeckea,Myrtaceae,Myrtales,0,0,1,1,0.003243243,.,.,.,.,.,.,.,.,About 100% of species are perennial,About 100% of species are woody,About 0% of species are agroforestry species,radial symmetry,mixed mating system,typical reproductive syndrome,wind-pollinated,low extinction risk,cold climates,small genome,high variation,https://upload.wikimedia.org/wikipedia/commons/1/16/Weeping_Baeckea_flowers_%2811878114085%29.jpg
Bahia,Asteraceae,Asterales,0,0,0.75,0,0.00210989,.,.,.,.,.,.,.,.,About 75% of species are perennial,About 0% of species are woody,About 0% of species are agricultural,radial or bilateral symmetry,mixed mating system,typical reproductive syndrome,insect-pollinated,low extinction risk,temperate climates,medium genome,moderate variation,https://upload.wikimedia.org/wikipedia/commons/thumb/e/e4/Bahia_in_Brazil.svg/2008px-Bahia_in_Brazil.svg.png
Baileya,Asteraceae,Asterales,0,0,0.2,0,0.00210989,.,.,.,.,.,.,7.32,.,About 20% of species are perennial,About 0% of species are woody,About 0% of species are agricultural,radial symmetry,mixed mating system,obligate xenogamy,wind-pollinated,low extinction risk,temperate climates,medium genome,moderate variation,No image found
Baldellia,Alismataceae,Alismatales,0,0,1,0,0,.,1,0.5,1,.,.,.,.,About 100% of species are perennial,About 0% of species are woody,About 0% of species are agroforestry,radial symmetry,selfing,vegetative reproduction,insect-pollinated,low extinction risk,temperate climates,small genome,moderate variation,https://upload.wikimedia.org/wikipedia/commons/5/52/BaldelliaRanunculoides.jpg
Ballota,Lamiaceae,Lamiales,0,0,1,0.142857143,0.004320557,.,1,1,1,.,.,.,.,About 100% of species are perennial,About 14% of species are woody,About 0% of species are cultivated,radial symmetry,selfing,asexual reproduction,wind-pollinated,low extinction risk,temperate climates,small genome,low variation,https://upload.wikimedia.org/wikipedia/commons/b/be/Ballota_nigra_2005.06.19_10.13.06-p6190007.jpg
Balsamorhiza,Asteraceae,Asterales,7.272727273,0.363636364,1,0,0.00210989,.,.,.,.,.,.,.,.,About 1% of species are perennial,About 0% of species are woody,About 0% of species are agamic,radial symmetry,selfing,dioecious,wind-pollinated,low extinction risk,cold climates,small genome,low variation,https://upload.wikimedia.org/wikipedia/commons/c/cc/Balsamorhiza_sagittata_whole_20070422.jpg
Banksia,Proteaceae,Proteales,4.761904762,0.142857143,1,1,0.000625,.,.,.,.,.,0.8945,0.85,.,About 100% of species are perennial,About 100% of species are woody,About 0% of species are agamic,radial symmetry,mixed mating system,asexual reproduction,wind-pollinated,low extinction risk,warm climates,small genome,low variation,https://upload.wikimedia.org/wikipedia/commons/5/5f/Banksia_in_the_Blue_Mountains.jpg
Baptisia,Fabaceae,Fabales,6.666666667,0.166666667,1,0,0.096494845,.,.,.,.,.,.,.,.,About 1% of species are perennial,About 0% of species are woody,About 10% of species are agricultural,radial symmetry,mixed mating system,sexual reproduction,wind-pollinated,low extinction risk,temperate climates,small genome,moderate variation,https://upload.wikimedia.org/wikipedia/commons/2/24/Baptisia_australis_-_false_blue_indigo_-_desc-flower_front_view.jpg
Barbarea,Brassicaceae,Brassicales,0,0,0.36,0,0.00485306,.,1,1,1,.,.,.,.,About 36% of species are perennial,About 0% of species are woody,About 0% of species are agricultural,radial,selfing,obligate self-pollination,wind-pollinated,low extinction risk,temperate climates,small genome,low variation,https://upload.wikimedia.org/wikipedia/commons/7/70/Illustration_Barbaraea_vulgaris0.jpg
Bartonia,Gentianaceae,Gentianales,0,0,0,0,0,.,.,.,.,.,.,.,.,About 0% of species are perennial,About 0% of species are woody,About 0% of species are agricultural,radial,selfing,dioecious,wind-pollinated,low extinction risk,cold climates,small genome,low variation,https://upload.wikimedia.org/wikipedia/commons/e/e3/White_screwstem_%28Bartonia_verna%29_%286603422259%29.jpg
Bartsia,Orobanchaceae,Lamiales,0,0,1,0,0,1,1,0.5,1,2,.,.,.,About 100% of species are perennial,About 0% of species are woody,About 0% of species are agricultural,radial,selfing,unknown,insect-pollinated,moderate risk,temperate climates,medium genome,moderate variation,https://upload.wikimedia.org/wikipedia/commons/8/89/Bartsia_alpina_a3.jpg
Bassia,Amaranthaceae,Caryophyllales,3.571428571,0.125,0.125,0.166666667,0.041463415,.,1,1,0.333333333,.,.,1.12,.,About 13% of species are perennial,About 17% of species are woody,About 4% of species are agricultural,radial or bilateral symmetry,selfing,self-pollination,insect-pollinated,low extinction risk,cold climates,small genome,low variation,https://upload.wikimedia.org/wikipedia/commons/4/4c/Desert_bush_2.JPG
Bauera,Cunoniaceae,Oxalidales,0,0,1,1,0,.,.,.,.,.,.,.,.,About 100% of species are perennial,About 100% of species are woody,About 0% of species are agricultural,radial symmetry,mixed mating system,obligate apomixis,wind-pollinated,low extinction risk,cold climates,small genome,low variation,https://upload.wikimedia.org/wikipedia/commons/7/73/Bauera_sessiliflora.jpg
Baumea,Cyperaceae,Poales,0,0,1,0,0.00045977,.,.,.,.,.,.,.,.,About 100% of species are perennial,About 0% of species are woody,About 0% of species are agroforestry species,radial symmetry,mixed mating system,reproduction by seed,insect-pollinated,low extinction risk,cold climates,small genome,low variation,https://upload.wikimedia.org/wikipedia/commons/b/b0/Baumea_rubiginosa_garden_show.JPG
Beckmannia,Poaceae,Poales,0,0,0.333333333,0,0.074314214,.,1,1,0,.,.,.,.,About 33% of species are perennial,About 0% of species are woody,About 7% of species are cultivated,radial symmetry,obligate selfing,outcrossing,wind-pollinated,low extinction risk,temperate climates,medium genome,moderate variation,https://upload.wikimedia.org/wikipedia/commons/d/d8/Beckmannia_syzigachne_01.jpg
Begonia,Begoniaceae,Cucurbitales,0,0,1,0,0,1,.,.,1,2.24,0.04,0.5655,48.23633615,About 100% of species are perennial,About 0% of species are woody,About 0% of species are grown as agricultural crops,radial,Mating system is unknown,Reproductive syndrome is unknown,insect-pollinated,moderate risk,cold climates,small genome,high variation,https://upload.wikimedia.org/wikipedia/commons/f/fb/Begonia_obliqua00.jpg
Bellevalia,Asparagaceae,Asparagales,0,0,1,0,0,.,.,.,.,.,.,15.51923077,70.31024987,About 1% of species are perennial,About 0% of species are woody,About 0% of species are agricultural,radial,selfing,obligate self-pollination,wind-pollinated,low extinction risk,cold climates,large genome,high variation,https://upload.wikimedia.org/wikipedia/commons/c/c5/Bellevalia_nivalis_kz4.jpg
Bellis,Asteraceae,Asterales,0,0,0.857142857,0,0.00210989,.,1,0.5,1,.,.,1.706666667,16.91455867,About 86% of species are perennial,About 0% of species are woody,About 0% of species are agricultural,radial,mixed mating system,primarily insect pollinated,insect-pollinated,low extinction risk,temperate climates,small genome,high variation,https://upload.wikimedia.org/wikipedia/commons/e/e3/2014-03-10_12-32-15_Bellis-perennis.jpg
Bellium,Asteraceae,Asterales,0,0,0.5,0,0.00210989,.,.,.,.,.,.,.,.,About 50% of species are perennial,About 0% of species are woody,About 0% of species are agricultural,radial or bilateral symmetry,mixed mating system,diverse reproductive syndromes,wind-pollinated or insect-pollinated,low extinction risk,temperate climates,medium genome,moderate variation,https://upload.wikimedia.org/wikipedia/commons/b/b3/Bellium_bellidioides3.JPG
Berberis,Berberidaceae,Ranunculales,0.362318841,0.041666667,1,1,0,.,1,0.833333333,1,1.941176471,.,1.401578947,45.51012976,About 100% of species are perennial,About 100% of species are woody,About 0% of species are in agricultural use,radial symmetry,selfing,seed dispersal by zoochory,insect-pollinated,moderate risk,temperate climates,small genome,high variation,https://upload.wikimedia.org/wikipedia/commons/5/5c/Berberis_darwinii_shoot.jpg
Bergia,Elatinaceae,Malpighiales,0,0,0,0,0,.,.,.,.,.,.,.,.,About 0% of species are perennial,About 0% of species are woody,About 0% of species are agricultural,radial,mixed mating system,self-pollination,wind-pollinated,low extinction risk,cold climates,small genome,low variation,https://upload.wikimedia.org/wikipedia/commons/d/df/Bergia_henshallii_1.jpg
Berlandiera,Asteraceae,Asterales,0,0,1,0,0.00210989,.,.,.,.,.,.,.,.,About 100% of species are perennial,About 0% of species are woody,About 0% of species are agricultural,Unknown floral symmetry,Unknown mating system,Unknown reproductive syndrome,Unknown pollination syndrome,Low extinction risk,Cold climates,Unknown genome size,Unknown genome variation,https://upload.wikimedia.org/wikipedia/commons/4/43/Berlandiera_lyrata.jpg
Berteroa,Brassicaceae,Brassicales,0,0,0.3,0,0.00485306,.,1,1,1,.,.,0.71,.,About 30% of species are perennial,About 0% of species are woody,About 0% of species are agricultural,radial symmetry,selfing,autogamous,wind-pollinated,low extinction risk,temperate climates,small genome,moderate variation,https://upload.wikimedia.org/wikipedia/commons/a/ad/20120624Berteroa_incana2.jpg
Bertya,Euphorbiaceae,Malpighiales,0,0,1,1,0.01239531,.,.,.,.,.,.,.,.,About 1% of species are perennial,About 1% of species are woody,About 1% of species are agricultural,radial symmetry,mixed mating system,self-pollination with occasional outcrossing,wind-pollinated,low extinction risk,cold climates,small genome,low variation,https://upload.wikimedia.org/wikipedia/commons/a/a1/Bertya_gummifera_8002290357_608ff1640f_o.jpg
Besseya,Plantaginaceae,Lamiales,0,0,1,0,0.005925926,.,.,.,.,.,.,.,.,About 100% of species are perennial,About 0% of species are woody,About 1% of species are agricultural,radial symmetry,mixed mating system,obligate outcrossing,insect-pollinated,low extinction risk,cold climates,small genome,low variation,https://upload.wikimedia.org/wikipedia/commons/b/bd/Veronica_chamaedrys_-_K%C3%BClmamailane.jpg
Beta,Amaranthaceae,Caryophyllales,0,0,0.5,0,0.041463415,.,1,1,0.5,.,.,1.022857143,0,About 50% of species are perennial,About 0% of species are woody,About 4% of species are aggregated,radial symmetry,mixed mating system,bisexual reproduction,insect-pollinated,low extinction risk,cold climates,small genome,low variation,No image found
Betula,Betulaceae,Fagales,2.645502646,0.357142857,1,1,0.054545455,.,1,0.8,0,2.846153846,0.995,0.648333333,39.94133988,About 100% of species are perennial,About 100% of species are woody,About 5% of species are agricultural,radial,selfing,requires pollinators,wind-pollinated,moderate risk,warm climates,small genome,high variation,https://upload.wikimedia.org/wikipedia/commons/4/46/Betula_pendula_001.jpg
Beyeria,Euphorbiaceae,Malpighiales,0,0,1,1,0.01239531,.,.,.,.,.,.,.,.,About 1% of species are perennial,About 1% of species are woody,About 1% of species are agricultural,radial symmetry,mixed mating system,sexual reproduction,insect-pollinated,low extinction risk,cold climates,small genome,low variation,https://upload.wikimedia.org/wikipedia/commons/3/3c/Beyeria_apiculata_%288691777527%29.jpg
Biarum,Araceae,Alismatales,0,0,1,0,0.000248447,.,.,.,.,.,.,3.32,2.347659227,About 100% of species are perennial,About 0% of species are woody,About 0% of species are agricultural,radial symmetry,mixed mating system,outcrossing,insect-pollinated,low extinction risk,temperate climates,medium genome,low variation,https://upload.wikimedia.org/wikipedia/commons/4/41/Biarum_tenuifolium.jpg
Bidens,Asteraceae,Asterales,0.324569945,0.126582278,0.327868852,0.012658228,0.00210989,0,1,1,1,2.555555556,0.59125,2.183333333,41.22731085,About 33% of species are perennial,About 1% of species are woody,About 0% of species are agricultural,radial,selfing,generalist,insect-pollinated,moderate risk,temperate climates,medium genome,high variation,https://upload.wikimedia.org/wikipedia/en/3/35/Bidenstripartita.jpg
Bifora,Apiaceae,Apiales,0,0,0,0,0.003968254,.,1,1,1,.,.,.,.,About 0% of species are perennial,About 0% of species are woody,About 0% of species are annual,radial,selfing,inbreeding depression,wind-pollinated,low extinction risk,cold climates,small genome,low variation,No image found
Bilderdykia,Polygonaceae,Caryophyllales,0,0,0.333333333,0.333333333,0.002727273,.,.,.,.,.,.,.,.,About 33% of species are perennial,About 33% of species are woody,About 0% of species are agricultural,radial,mixed,insects,insect-pollinated,low extinction risk,temperate climates,medium genome,moderate variation,https://upload.wikimedia.org/wikipedia/commons/1/19/Illustration_Fallopia_dumetorum0.jpg
Billardiera,Pittosporaceae,Apiales,0,0,1,0.5,0.005,.,.,.,.,.,.,.,.,About 1% of species are perennial,About 50% of species are woody,About 0.5% of species are agricultural,About 85% of species exhibit radial symmetry,Most species exhibit mixed mating systems,Most species are primarily insect-pollinated,Primarily insect-pollinated,Low extinction risk,Temperate climates,Medium genome,Moderate variation,https://upload.wikimedia.org/wikipedia/commons/2/2c/Billardiera_scandens_Lawson_fruit_email.jpg
Biscutella,Brassicaceae,Brassicales,0,0,0.871794872,.,0.00485306,.,1,1,1,4,.,1.29,49.33303125,About 87% of species are perennial,About 50% of species are woody,About 0% of species are agricultural,radial symmetry,selfing,obligate selfing,wind-pollinated,high risk,temperate climates,small genome,high variation,https://upload.wikimedia.org/wikipedia/commons/e/e5/Biscutella_laevigata_a4.jpg
Bistorta,Polygonaceae,Caryophyllales,0,0,1,0,0.002727273,.,.,.,.,.,.,.,.,About 1% of species are perennial,About 0% of species are woody,About 0% of species are agricultural,symmetry not specified,mating system not specified,reproductive syndrome not specified,pollination syndrome not specified,low extinction risk,climate not specified,genome size not specified,genome variation not specified,https://upload.wikimedia.org/wikipedia/commons/2/2f/Polygonum_bistorta_03.jpg
Blechnum,Blechnaceae,Monilophyta,0,0,1,0,0,.,1,1,.,2.25,.,.,.,About 100% of species are perennial,About 0% of species are woody,About 0% of species are agricultural,radial symmetry,selfing,agamospermy,insect-pollinated,moderate risk,temperate climates,medium genome,moderate variation,https://upload.wikimedia.org/wikipedia/commons/6/66/Blechnum_occidentale_%2819984063741%29.jpg
Blennosperma,Asteraceae,Asterales,0,0,0,0,0.00210989,.,.,.,.,.,.,.,.,About 0% of species are perennial,About 0% of species are woody,About 0% of species are agricultural,radial symmetry,selfing,seed dispersal by gravity,wind-pollinated,low extinction risk,cold climates,small genome,low variation,https://upload.wikimedia.org/wikipedia/commons/e/ed/Blennosperma_nanum.jpg
Blephilia,Lamiaceae,Lamiales,0,0,1,0,0.004320557,.,.,.,.,.,.,.,.,About 100% of species are perennial,About 0% of species are woody,About 0% of species are agricultural,radial symmetry,mixed mating system,sexual reproduction,insect-pollinated,low extinction risk,temperate climates,medium genome,moderate variation,https://upload.wikimedia.org/wikipedia/commons/2/2e/Blephilia_ciliata.jpg
Bloomeria,Asparagaceae,Asparagales,0,0,1,0,0,.,.,.,.,.,.,.,.,About 100% of species are perennial,About 0% of species are woody,About 0% of species are agamic,radial symmetry,selfing,obligate xenogamy,wind-pollinated,low extinction risk,temperate climates,small genome,moderate variation,https://upload.wikimedia.org/wikipedia/commons/a/a6/Bloomeria_crocea_2003-05-19.jpg
Blumea,Asteraceae,Asterales,0,0,.,0,0.00210989,0,.,.,.,.,.,.,.,About 85% of species are perennial,About 0% of species are woody,About 0% of species are agricultural,radial,mixed mating system,Generalist reproduction,insect-pollinated,low extinction risk,temperate climates,small genome,moderate variation,https://upload.wikimedia.org/wikipedia/commons/7/72/Blumea_balsamifera_Blanco2.403-cropped.jpg
Blysmus,Cyperaceae,Poales,0,0,1,0,0.00045977,.,1,0.5,0,.,.,.,.,About 100% of species are perennial,About 0% of species are woody,About 0% of species are agriculturally important,radial symmetry,selfing,vegetative reproduction,wind-pollinated,low extinction risk,cold climates,small genome,low variation,https://upload.wikimedia.org/wikipedia/commons/0/09/Cyperaceae_spp_Sturm14.jpg
Bobea,Rubiaceae,Gentianales,16.66666667,0.25,1,1,6.00E-04,.,.,.,.,2.5,.,.,.,About 1% of species are perennial,About 1% of species are woody,About 0% of species are agroforestry,radial symmetry,mixed mating system,reproduction by seeds,insect-pollinated,moderate risk,temperate climates,medium genome,moderate variation,https://upload.wikimedia.org/wikipedia/commons/5/57/Starr_040713-0002_Bobea_elatior.jpg
Boechera,Brassicaceae,Brassicales,0.534759358,0.088235294,0.847222222,0,0.00485306,.,.,.,.,.,.,0.24,0,About 85% of species are perennial,About 0% of species are woody,About 0% of species are agricultural,radial symmetry,mixed mating system,dioecious species,insect-pollinated,low extinction risk,cold climates,small genome,low variation,https://upload.wikimedia.org/wikipedia/commons/7/74/Boechera_drummondii.jpg
Boerhavia,Nyctaginaceae,Caryophyllales,0,0,0.461538462,0,0.005063291,0,.,.,1,.,.,.,.,About 46% of species are perennial,About 0% of species are woody,About 1% of species are agricultural,radial,mixed mating system,typical insect pollination,insect-pollinated,moderate risk,temperate climates,medium genome,moderate variation,https://upload.wikimedia.org/wikipedia/commons/e/e2/Boerhavia_diffusa_in_AP_W_IMG_8081.jpg
Bolanthus,Caryophyllaceae,Caryophyllales,0,0,1,0,0.001818182,.,.,.,.,.,.,.,.,About 100% of species are perennial,About 0% of species are woody,About 0% of species are agricultural,radial symmetry,mixed mating system,reproduction by seed,insect-pollinated,low extinction risk,temperate climates,small genome,low variation,No image found
Bombycilaena,Asteraceae,Asterales,0,0,0,0,0.00210989,.,.,.,1,.,.,.,.,About 0% of species are perennial,About 0% of species are woody,About 0% of species are agricultural,radial,mixed mating system,seed reproduction,wind-pollinated,low extinction risk,cold climates,small genome,low variation,https://upload.wikimedia.org/wikipedia/commons/4/41/Bombycilaena_erecta_1_%28Espagne%29.jpg
Borago,Boraginaceae,Boraginales,0,0,0.5,0,0.001824818,.,1,1,1,.,0.915,1.75,.,About 50% of species are perennial,About 0% of species are woody,About 0% of species are agricultural,radial,selfing,obligate apomixis,wind-pollinated,low extinction risk,warm climates,small genome,low variation,https://upload.wikimedia.org/wikipedia/commons/a/a1/Borage-flower-hr.jpg
Borderea,Dioscoreaceae,Dioscoreales,0,0,1,0,0.009195402,.,.,.,.,.,.,.,.,About 100% of species are perennial,About 0% of species are woody,About 1% of species are agricultural,radial symmetry,mixed mating system,vegetative reproduction,insect-pollinated,low extinction risk,temperate climates,medium genome,moderate variation,https://upload.wikimedia.org/wikipedia/commons/9/96/Dioscorea_balcanica_BotGardBln310505.jpg
Bornmuellera,Brassicaceae,Brassicales,0,0,1,0,0.00485306,.,.,.,.,.,.,1.09,.,About 100% of species are perennial,About 0% of species are woody,About 0% of species are agricultural,radial symmetry,selfing,vertebrate pollinated,insect-pollinated,low extinction risk,cold climates,small genome,low variation,No image found
Boronia,Rutaceae,Sapindales,0,0,1,1,0.001652893,.,.,.,.,.,.,.,.,About 100% of species are perennial,About 100% of species are woody,About 0% of species are agricultural,radial or bilateral symmetry,mixed mating system,unknown reproductive syndrome,unknown pollination syndrome,low extinction risk,cold climates,small genome,low variation,https://upload.wikimedia.org/wikipedia/commons/5/57/Boronia_fraseri_Glenbrook.jpg
Boschniakia,Orobanchaceae,Lamiales,0,0,1,0,0,.,.,.,.,.,.,.,.,About 100% of species are perennial,About 0% of species are woody,About 0% of species are of agricultural importance,radial symmetry,selfing,obligate self-pollination,wind-pollinated,low extinction risk,cold climates,small genome,low variation,https://upload.wikimedia.org/wikipedia/commons/8/85/Boschniakia_rossica.jpg
Bossiaea,Fabaceae,Fabales,0,0,1,1,0.096494845,.,.,.,.,.,.,.,.,About 1% of species are perennial,About 1% of species are woody,About 10% of species are agricultural,radial,mixed mating,biotic pollination,insect-pollinated,low extinction risk,cold climates,small genome,low variation,https://upload.wikimedia.org/wikipedia/commons/0/06/Bossiaea_walkeri.jpg
Bothriochloa,Poaceae,Poales,0,0,1,0,0.074314214,.,0,0.5,0,3,.,.,.,About 1% of species are perennial,About 0% of species are woody,About 7% of species are agricultural,radial,obligate selfing,asexual reproduction,wind-pollinated,moderate risk,temperate climates,small genome,low variation,https://upload.wikimedia.org/wikipedia/commons/9/93/Bothriochloa_pertusa_habit.jpg
Botrychium,Ophioglossaceae,Monilophyta,0,0,1,0,0,.,1,1,.,.,.,8.306666667,39.54803008,About 100% of species are perennial,About 0% of species are woody,About 0% of species are agricultural,radial,selfing,autotrophic,insect-pollinated,low extinction risk,temperate climates,large genome,high variation,https://upload.wikimedia.org/wikipedia/commons/d/dc/Botrychium-4.jpg
Bouteloua,Poaceae,Poales,0.284900285,0.037037037,0.796296296,0,0.074314214,.,.,.,.,.,.,.,.,About 80% of species are perennial,About 0% of species are woody,About 7% of species are agriculturally important,Unknown floral symmetry,Unknown mating system,Unknown reproductive syndrome,Unknown pollination syndrome,Low extinction risk,Unknown climate type,Unknown genome size,Unknown genome variation,https://upload.wikimedia.org/wikipedia/commons/8/8a/Bouteloua_curtipendula.jpg
Boykinia,Saxifragaceae,Saxifragales,0,0,1,0,0,.,.,.,.,.,.,.,.,About 100% of species are perennial,About 0% of species are woody,About 0% of species are grown as crops,radial symmetry,selfing,standard sexual reproduction,wind-pollinated,low extinction risk,cold climates,small genome,low variation,https://upload.wikimedia.org/wikipedia/commons/0/0e/Boykinia_occidentalis_6567.JPG
Brachiaria,Poaceae,Poales,0,0,0,0,0.074314214,.,.,.,0,.,.,.,.,0% of species are perennial,0% of species are woody,About 7% of species are agroforestry species,radial or bilateral symmetry,mixed mating system,self-pollination,wind-pollinated,low extinction risk,cold climates,small genome,low variation,https://upload.wikimedia.org/wikipedia/commons/3/36/Urochloa_mosambicensis_flowerhead15_NWP_-_Flickr_-_Macleay_Grass_Man.jpg
Brachyactis,Asteraceae,Asterales,0,0,.,0,0.00210989,.,.,.,.,.,.,.,.,About 75% of species are perennial,About 0% of species are woody,About 0% of species are agricultural,radial,mixed mating system,sexual reproduction,insect-pollinated,low extinction risk,cold climates,small genome,low variation,https://upload.wikimedia.org/wikipedia/commons/4/40/Erigeron_Glaucus.jpg
Brachyelytrum,Poaceae,Poales,0,0,1,0,0.074314214,.,.,.,.,.,.,.,.,About 1% of species are perennial,About 0% of species are woody,About 7% of species are agricultural,radial symmetry,mixed mating system,seed dispersal by gravity,insect-pollinated,low extinction risk,temperate climates,medium genome,moderate variation,https://upload.wikimedia.org/wikipedia/commons/d/d8/Brachyelytrum_erectum_HC-1950.png
Brachyglottis,Asteraceae,Asterales,100,0.5,1,1,0.00210989,.,.,.,.,1.875,.,.,.,About 100% of species are perennial,About 100% of species are woody,About 0% of species are agricultural,radial symmetry,selfing,sexual reproduction,wind-pollinated,moderate risk,temperate climates,medium genome,moderate variation,https://upload.wikimedia.org/wikipedia/commons/8/8d/Brachyglottis_elaeagnifolia_11.JPG
Brachyloma,Ericaceae,Ericales,0,0,1,1,0,.,.,.,.,.,.,.,.,About 1% of species are perennial,About 1% of species are woody,About 0% of species are agricultural,radial symmetry,mixed mating system,reproduction by seeds,wind-pollinated,low extinction risk,cold climates,small genome,low variation,https://upload.wikimedia.org/wikipedia/commons/a/a7/Brachyloma_ciliatum.jpg
Brachypodium,Poaceae,Poales,2.222222222,0.1,0.7,0,0.074314214,.,1,0.5,0,.,.,0.572222222,36.17847615,About 70% of species are perennial,About 0% of species are woody,About 7% of species are agricultural,radial symmetry,selfing,wind-pollinated,wind-pollinated,low extinction risk,cold climates,small genome,high variation,https://upload.wikimedia.org/wikipedia/commons/4/4c/Nordens_flora_Brachypodium_pinnatum.jpg
Brachyscome,Asteraceae,Asterales,0,0,0.735294118,0,0.00210989,.,.,.,.,.,.,.,.,About 74% of species are perennial,About 0% of species are woody,About 0% of species are agriculturally important,radial symmetry,mixed mating system,typical animal pollination syndrome,insect-pollinated,moderate risk,temperate climates,medium genome,high variation,https://upload.wikimedia.org/wikipedia/commons/d/da/Brachyscome_angustifolia.jpg
Bracteantha,Asteraceae,Asterales,0,0,0.6,0,0.00210989,.,.,.,.,.,.,.,.,About 60% of species are perennial,About 0% of species are woody,About 0% of species are agricultural,radial,mixed mating system,sexual reproduction,insect-pollinated,low extinction risk,temperate climates,small genome,low variation,https://upload.wikimedia.org/wikipedia/commons/f/ff/Xerochrysum_subundulatum.jpg
Brassica,Brassicaceae,Brassicales,0.12987013,0.035714286,0.259259259,0.06779661,0.00485306,0,1,1,1,.,0.37,0.925151515,36.57966381,About 26% of species are perennial,About 7% of species are woody,About 0% of species are agricultural,radial,mixed mating,obligate sexual reproduction,insect-pollinated,low extinction risk,temperate climates,small genome,high variation,https://upload.wikimedia.org/wikipedia/commons/d/d9/Brassica_rapa_plant.jpg
Braya,Brassicaceae,Brassicales,0,0,1,0,0.00485306,.,.,.,.,.,.,1.05,.,About 1% of species are perennial,About 0% of species are woody,About 0% of species are agricultural,radial symmetry,mixed mating system,typical angiosperm reproduction,insect-pollinated,low extinction risk,cold climates,small genome,low variation,https://upload.wikimedia.org/wikipedia/commons/f/fa/Atlas_der_Alpenflora_%286311498865%29.jpg
Brickellia,Asteraceae,Asterales,0.362318841,0.041666667,1,0.8125,0.00210989,.,.,.,1,.,.,.,.,About 100% of species are perennial,About 81% of species are woody,About 0% of species are agricultural,radial symmetry,mixed mating system,sexual reproduction,insect-pollinated,low extinction risk,temperate climates,medium genome,moderate variation,https://upload.wikimedia.org/wikipedia/commons/9/9a/Brickelliacalifornica.jpg
Brighamia,Campanulaceae,Asterales,0,0,1,1,0,.,.,.,.,4,.,1.05,.,About 1% of species are perennial,About 1% of species are woody,About 0% of species are agricultural,radial symmetry,selfing,obligate self-pollination,wind-pollinated,high risk,cold climates,small genome,low variation,https://upload.wikimedia.org/wikipedia/commons/7/7e/Lobelia_niihauensis_%285762180787%29.jpg
Brimeura,Asparagaceae,Asparagales,0,0,1,0,0,.,.,.,.,4,.,8.4,.,About 100% of species are perennial,About 0% of species are woody,About 0% of species are agricultural,radial symmetry,selfing,dioecious,wind-pollinated,high risk,temperate climates,large genome,moderate variation,https://upload.wikimedia.org/wikipedia/commons/2/2c/Brimeura_amethystina05.jpg
Briza,Poaceae,Poales,0,0,0.1875,0,0.074314214,.,1,0.75,0,.,.,6.954814815,23.92674775,About 19% of species are perennial,About 0% of species are woody,About 7% of species are agricultural,radial,selfing,autogamous reproduction,wind-pollinated,low extinction risk,temperate climates,medium genome,high variation,https://upload.wikimedia.org/wikipedia/commons/4/4f/Briza_maxima1.jpg
Brodiaea,Asparagaceae,Asparagales,1.098901099,0.071428571,1,0,0,.,.,.,.,.,.,.,.,About 100% of species are perennial,About 0% of species are woody,About 0% of species are agriculturally important,unknown,unknown,unknown,unknown,low extinction risk,unknown,small genome,low variation,https://upload.wikimedia.org/wikipedia/commons/d/d8/Brodiaea_californica_ssp_leptandra_1.jpg
Bromopsis,Poaceae,Poales,0,0,1,0,0.074314214,.,.,.,.,.,.,.,.,About 1% of species are perennial,About 0% of species are woody,About 7% of species are agricultural,radial,mixed,self-pollinating with occasional cross-pollination,insect-pollinated,low extinction risk,temperate climates,small genome,moderate variation,https://upload.wikimedia.org/wikipedia/commons/d/d4/Bromus_pubescens.jpg
Bromus,Poaceae,Poales,0.031735957,0.02173913,0.317391304,0,0.074314214,.,1,0.880952381,0,.,0.0185,8.390131579,32.17300086,About 32% of species are perennial,About 0% of species are woody,About 7% of species are agricultural,radial symmetry,selfing,obligate selfing,wind-pollinated,low extinction risk,cold climates,large genome,high variation,https://upload.wikimedia.org/wikipedia/commons/d/d4/Bromus_pubescens.jpg
Bryonia,Cucurbitaceae,Cucurbitales,0,0,1,0,0.024852071,.,0.75,1,1,.,.,2.158,24.71426572,About 100% of species are perennial,About 0% of species are woody,About 2% of species are agricultural,radial symmetry,mixed mating system,seed reproduction,insect-pollinated,moderate risk,temperate climates,medium genome,high variation,https://upload.wikimedia.org/wikipedia/commons/a/ad/P1000627_Bryonia_dioica_%28Cucurbitaceae%29_Plant.JPG
Buddleja,Scrophulariaceae,Lamiales,1.098901099,0.071428571,1,1,0.001764706,0,1,1,1,2.6,0.93,1.246666667,27.43581311,About 100% of species are perennial,About 100% of species are woody,About 0% of species are agriculturally important,radial,selfing,obligate outcrossing,wind-pollinated,moderate risk,warm climates,small genome,high variation,https://upload.wikimedia.org/wikipedia/commons/c/c4/White_buddleia_closeup.jpg
Bufonia,Caryophyllaceae,Caryophyllales,0,0,0.714285714,0,0.001818182,.,.,.,1,.,.,.,.,About 71% of species are perennial,About 0% of species are woody,About 0% of species are agricultural,radial,mixed mating system,sexual reproduction,insect-pollinated,low extinction risk,temperate climates,medium genome,moderate variation,No image found
Buglossoides,Boraginaceae,Boraginales,0,0,0.428571429,0,0.001824818,.,1,0.5,1,.,.,.,.,About 43% of species are perennial,About 0% of species are woody,About 0% of species are agricultural,radial symmetry,selfing,agamorphous,wind-pollinated,low extinction risk,temperate climates,medium genome,high variation,https://upload.wikimedia.org/wikipedia/commons/1/15/Lithospermum_arvense_W.jpg
Bulbine,Xanthorrhoeaceae,Asparagales,0,0,0.666666667,0,0,0,.,.,1,0,.,16.40846154,33.7347424,About 67% of species are perennial,About 0% of species are woody,About 0% of species are herbaceous annuals,radial,"Unknown, likely mixed or self-incompatible given floral traits",Asexual reproduction is unlikely,wind-pollinated,low extinction risk,temperate climates,large genome,high variation,https://upload.wikimedia.org/wikipedia/commons/7/70/Bulbine_bulbosa_flower.jpg
Bulbocodium,Colchicaceae,Liliales,0,0,1,0,0,.,.,.,.,.,.,.,.,About 100% of species are perennial,About 0% of species are woody,About 0% of species are agro-biodiversity,radial symmetry,mixed mating system,generalist reproduction,wind-pollinated,low extinction risk,temperate climates,small genome,low variation,https://upload.wikimedia.org/wikipedia/commons/1/1f/Colchicum_speciosum000.jpg
Bulbostylis,Cyperaceae,Poales,0,0,1,0,0.00045977,.,.,.,0,.,.,.,.,About 100% of species are perennial,About 0% of species are woody,About 0% of species are agricultural,Unknown floral symmetry,Unknown mating system,Unknown reproductive syndrome,Likely wind-pollinated,Low extinction risk,Cold climates,Small genome,Low variation,https://upload.wikimedia.org/wikipedia/commons/a/aa/Bulbostylis_neglecta_scale.jpg
Bunias,Brassicaceae,Brassicales,0,0,0.166666667,0,0.00485306,.,1,0.75,1,.,.,2.39,11.08929142,About 17% of species are perennial,About 0% of species are woody,About 0% of species are agriculturally important,radial,selfing,self-pollinating,wind-pollinated,low extinction risk,temperate climates,medium genome,moderate variation,https://upload.wikimedia.org/wikipedia/commons/5/52/Bunias_orientalis_eF.jpg
Bunium,Apiaceae,Apiales,0,0,1,0,0.003968254,.,1,1,1,.,.,.,.,About 100% of species are perennial,About 0% of species are woody,About 0% of species are agricultural,radial symmetry,selfing,obligate selfing,wind-pollinated,low extinction risk,cold climates,small genome,low variation,https://upload.wikimedia.org/wikipedia/commons/6/68/Bunium_bulbocastanum.jpg
Buphthalmum,Asteraceae,Asterales,0,0,1,0,0.00210989,.,1,0.5,1,.,.,2.45,0,About 100% of species are perennial,About 0% of species are woody,About 0% of species are agricultural,radial,selfing,dioecious,insect-pollinated,low extinction risk,temperate climates,medium genome,low variation,https://upload.wikimedia.org/wikipedia/commons/3/3e/Buphthalmum_salicifolium.jpg
Bupleurum,Apiaceae,Apiales,0,0,0.414893617,0.14893617,0.003968254,.,1,0.857142857,1,4,.,2.491666667,34.02759147,About 41% of species are perennial,About 15% of species are woody,About 0% of species are cultivated,radial,selfing,autogamous,insect-pollinated,high risk,temperate climates,medium genome,high variation,https://upload.wikimedia.org/wikipedia/commons/d/d8/Bupleurum_rotundifolium_Llez_001.jpg
Bursaria,Pittosporaceae,Apiales,0,0,1,1,0.005,.,.,.,.,.,.,.,.,About 100% of species are perennial,About 100% of species are woody,About 0% of species are agamospermic,radial or bilateral symmetry,mixed mating system,vegetative reproduction,insect-pollinated,low extinction risk,cold climates,small genome,low variation,https://upload.wikimedia.org/wikipedia/commons/6/60/Bursaria_spinosa_flowers_and_fruit_P2150004.jpg
Buxus,Buxaceae,Buxales,0,0,1,1,0,.,1,1,1,2,.,1.115,38.68476561,About 100% of species are perennial,About 100% of species are woody,About 0% of species are agricultural,radial,selfing,reproduces asexually,wind-pollinated,moderate risk,temperate climates,small genome,high variation,https://upload.wikimedia.org/wikipedia/commons/f/fd/Buxus_sempervirens.jpg
Cacalia,Asteraceae,Asterales,0,0,1,0,0.00210989,.,.,.,1,.,.,.,.,About 100% of species are perennial,About 0% of species are woody,About 0% of species are agricultural,radial,selfing,autotrophic,insect-pollinated,low extinction risk,cold climates,small genome,low variation,https://upload.wikimedia.org/wikipedia/commons/3/35/Asteraceae_-_Adenostyles_alpina-2.JPG
Cachrys,Apiaceae,Apiales,0,0,1,0,0.003968254,.,.,.,.,.,.,.,.,About 100% of species are perennial,About 0% of species are woody,About 0% of species are agricultural,radial symmetry,mixed mating system,self-pollination,insect-pollinated,low extinction risk,cold climates,small genome,low variation,https://upload.wikimedia.org/wikipedia/commons/9/91/Cachrys_sicula_EnfoqueFrutos_2010-6-25_CampodeCalatrava.jpg
Caesalpinia,Fabaceae,Fabales,0,0,1,0.8,0.096494845,1,.,.,1,1.833333333,.,1.55,39.63937331,About 100% of species are perennial,About 80% of species are woody,About 10% of species are agricultural,radial,selfing,self-pollination,insect-pollinated,moderate risk,temperate climates,small genome,high variation,https://upload.wikimedia.org/wikipedia/commons/a/ab/Starr_061111-1568_Caesalpinia_pulcherrima.jpg
Caesia,Xanthorrhoeaceae,Asparagales,0,0,1,0,0,0,.,.,.,.,.,.,.,About 100% of species are perennial,About 0% of species are woody,About 0% of species are agamic,radial,unknown,unknown,unknown,low extinction risk,cold climates,small genome,low variation,https://upload.wikimedia.org/wikipedia/commons/f/f2/Caesia_parviflora.jpg
Cakile,Brassicaceae,Brassicales,0,0,0,0,0.00485306,.,1,1,1,.,.,0.68,.,About 0% of species are perennial,About 0% of species are woody,About 0% of species are agamic,radial,selfing,asexual reproduction,wind-pollinated,low extinction risk,cold climates,small genome,low variation,https://upload.wikimedia.org/wikipedia/commons/e/e8/Cakile_Maritima.jpg
Caladenia,Orchidaceae,Asparagales,0.54446461,0.155172414,1,0,0,.,.,.,.,.,.,.,.,About 1% of species are perennial,About 0% of species are woody,About 0% of species are agamic,radial symmetry,selfing,vegetative reproduction,wind-pollinated,low extinction risk,cold climates,small genome,low variation,https://upload.wikimedia.org/wikipedia/commons/a/ac/Pink_fingers.jpg
Calamagrostis,Poaceae,Poales,1.341463415,0.268292683,1,0,0.074314214,.,0.9375,0.5,0,2,0.929,5.74375,26.76071151,About 1% of species are perennial,About 0% of species are woody,About 7% of species are agricultural,radial,self-compatible,obligately outcrossing,wind-pollinated,moderate risk,warm climates,medium genome,high variation,https://upload.wikimedia.org/wikipedia/commons/b/bc/Calamagrostis-canadensis1we.jpg
Calamintha,Lamiaceae,Lamiales,0,0,1,0,0.004320557,.,.,.,.,.,.,.,.,About 1% of species are perennial,About 0% of species are woody,About 0% of species are agricultural,radial symmetry,mixed mating system,sexual reproduction,insect-pollinated,low extinction risk,temperate climates,small genome,low variation,https://upload.wikimedia.org/wikipedia/commons/0/0c/Clinopodium_vulgare01.jpg
Calamovilfa,Poaceae,Poales,0,0,1,0,0.074314214,.,.,.,.,.,.,.,.,About 100% of species are perennial,About 0% of species are woody,About 7% of species are agricultural,radial symmetry,mixed mating system,opportunistic reproduction,insect-pollinated,low extinction risk,temperate climates,medium genome,high variation,https://upload.wikimedia.org/wikipedia/commons/8/8c/Calamovilfa_longifolia.jpg
Calandrinia,Montiaceae,Caryophyllales,0,0,0.05,0,0,.,.,.,1,1,.,1.07,.,About 5% of species are perennial,About 0% of species are woody,About 0% of species are agroforestry,radial,mixed mating,outcrossing and selfing,insect-pollinated,moderate risk,temperate climates,small genome,moderate variation,https://upload.wikimedia.org/wikipedia/commons/8/80/Calandrinia_colchaguensis_%288677477954%29.jpg
Caleana,Orchidaceae,Asparagales,0,0,1,0,0,.,.,.,.,.,.,.,.,About 100% of species are perennial,About 0% of species are woody,About 0% of species are agricultural,Unknown floral symmetry,Unknown mating system,Unknown reproductive syndrome,Unknown pollination syndrome,Low extinction risk,Unknown average temperature,Unknown C-value,Unknown variation in C-value,https://upload.wikimedia.org/wikipedia/commons/1/1b/Duck_off_Elvina.JPG
Calendula,Asteraceae,Asterales,1.818181818,0.090909091,0.181818182,0,0.00210989,.,1,1,1,4,.,.,.,About 18% of species are perennial,About 0% of species are woody,About 0% of species are of agricultural importance,unknown floral symmetry,obligate selfing,obligate selfing,wind-pollinated,high risk,temperate climates,medium genome,moderate variation,https://upload.wikimedia.org/wikipedia/commons/6/67/Calendula_January_2008-1_filtered.jpg
Calicotome,Fabaceae,Fabales,0,0,1,1,0.096494845,.,.,.,1,.,.,.,.,About 100% of species are perennial,About 100% of species are woody,About 10% of species are annual,radial,mixed mating system,primarily insect-pollinated with some wind pollination,insect-pollinated,low extinction risk,temperate climates,medium genome,low variation,https://upload.wikimedia.org/wikipedia/commons/8/8c/Calicotome_villosa3.JPG
Callianthemum,Ranunculaceae,Ranunculales,0,0,1,0,0,.,.,.,.,.,.,.,.,About 100% of species are perennial,About 0% of species are woody,About 0% of species are agricultural,radial symmetry,selfing,obligate xenogamy,wind-pollinated,low extinction risk,temperate climates,medium genome,moderate variation,https://upload.wikimedia.org/wikipedia/commons/1/19/Callianthemum_hondoense_01.jpg
Callirhoe,Malvaceae,Malvales,0,0,0.8,0,0.006153846,.,.,.,.,.,.,.,.,About 80% of species are perennial,About 0% of species are woody,About 1% of species are agricultural,radial,mixed mating,obligate xenogamy,insect-pollinated,low extinction risk,temperate climates,medium genome,moderate variation,No image found
Callistemon,Myrtaceae,Myrtales,0,0,1,1,0.003243243,0,.,.,.,.,.,1.15,31.9616973,About 100% of species are perennial,About 100% of species are woody,About 0% of species are agricultural,radial,"Mating system is not specified, but likely involves self-incompatibility or mixed mating strategies in many species.",Reproductive syndrome is not specified; likely diverse depending on pollination mechanisms.,Pollination syndrome is not specified; could be wind-pollinated or insect-pollinated.,low extinction risk,cold climates,small genome,high variation,https://upload.wikimedia.org/wikipedia/commons/e/ec/Red_bottle_brush.jpg
Callitriche,Plantaginaceae,Lamiales,0,0,0.196428571,0,0.005925926,.,1,0.444444444,0,0,.,2.298461538,56.74045044,About 20% of species are perennial,About 0% of species are woody,About 1% of species are agricultural,radial symmetry,mixed mating system,likely entomophilous syndrome,wind-pollinated,low extinction risk,temperate climates,medium genome,high variation,https://upload.wikimedia.org/wikipedia/commons/8/8b/Illustration_Callitriche_palustris0.jpg
Callitris,Cupressaceae,Pinophyta,0,0,1,1,0.007142857,.,.,.,0,0.933333333,.,9.7,10.0900224,About 100% of species are perennial,About 100% of species are woody,About 1% of species are agricultural,radial symmetry,selfing,autogamous,wind-pollinated,low extinction risk,temperate climates,large genome,moderate variation,https://upload.wikimedia.org/wikipedia/commons/0/0e/Slender_Cypress-pine.jpg
Calocephalus,Asteraceae,Asterales,0,0,0.666666667,0,0.00210989,.,.,.,.,.,.,.,.,About 67% of species are perennial,About 0% of species are woody,About 0% of species are agricultural,radial symmetry,mixed mating system,dioecious reproduction,insect-pollinated,low extinction risk,temperate climates,small genome,moderate variation,https://upload.wikimedia.org/wikipedia/commons/2/27/Calocephalus_platycephalus_B.jpg
Calochilus,Orchidaceae,Asparagales,0,0,1,0,0,.,.,.,.,.,.,.,.,About 100% of species are perennial,About 0% of species are woody,About 0% of species are agricultural,radial symmetry,mixed mating system,outcrossing and self-pollination,insect-pollinated,low extinction risk,temperate climates,small genome,low variation,https://upload.wikimedia.org/wikipedia/commons/0/02/Calochilus_platychilus_-_Flickr_003.jpg
Calochortus,Liliaceae,Liliales,0.134680135,0.036363636,1,0,0,.,.,.,.,.,.,5.35,.,About 100% of species are perennial,About 0% of species are woody,About 0% of species are agricultural,radial symmetry,selfing,self-pollination,insect-pollinated,low extinction risk,temperate climates,medium genome,moderate variation,https://upload.wikimedia.org/wikipedia/commons/0/01/Sego_lily_cm.jpg
Calotis,Asteraceae,Asterales,0,0,0.833333333,0,0.00210989,.,.,.,1,.,.,.,.,About 83% of species are perennial,About 0% of species are woody,About 0% of species are agricultural,radial symmetry,mixed mating system,Generalist reproductive syndrome,insect-pollinated,low extinction risk,temperate climates,small genome,low variation,https://upload.wikimedia.org/wikipedia/commons/7/71/Calotis_cuneifolia.jpg
Calycadenia,Asteraceae,Asterales,0,0,0,0,0.00210989,.,.,.,.,.,.,1.48,.,About 0% of species are perennial,About 0% of species are woody,About 0% of species are agricultural,radial symmetry,mixed mating system,obligate xenogamy,insect-pollinated,low extinction risk,cold climates,small genome,low variation,https://upload.wikimedia.org/wikipedia/commons/b/bc/Calycadenia_multiglandulosa2836.jpg
Calycoseris,Asteraceae,Asterales,0,0,0,0,0.00210989,.,.,.,.,.,.,.,.,About 0% of species are perennial,About 0% of species are woody,About 0% of species are agricultural,radial symmetry,mixed mating system,typical sexual reproduction,wind-pollinated,low extinction risk,cold climates,small genome,low variation,https://upload.wikimedia.org/wikipedia/commons/b/ba/Calycoseris_wrightii_1.jpg
Calylophus,Onagraceae,Myrtales,0,0,1,0,0.001538462,.,.,.,.,.,.,.,.,About 100% of species are perennial,About 0% of species are woody,About 0% of species are agricultural,radial symmetry,mixed mating system,typically reproduces sexually,insect-pollinated,low extinction risk,cold climates,small genome,low variation,https://upload.wikimedia.org/wikipedia/commons/0/0d/Oenothera_rubricaulis_2014_G1.jpg
Calyptridium,Montiaceae,Caryophyllales,1.282051282,0.076923077,0.307692308,0,0,.,.,.,.,.,.,.,.,About 31% of species are perennial,About 0% of species are woody,About 0% of species are agricultural,floral symmetry is not specified,mating system is not specified,reproductive syndrome is not specified,pollination syndrome is not specified,"RedList score is not specified, implying low extinction risk","average temperature is not specified, implying cold climates","C value is not specified, implying small genome","CV C value is not specified, implying low variation",https://upload.wikimedia.org/wikipedia/commons/7/71/Cistanthe_monandra.jpg
Calystegia,Convolvulaceae,Solanales,1.176470588,0.2,1,0.057142857,0.044375,.,1,0.5,1,.,.,0.8,.,About 100% of species are perennial,About 6% of species are woody,About 4% of species are agriculturally important,radial symmetry,mixed mating system,likely self-pollinating,insect-pollinated,low extinction risk,cold climates,small genome,low variation,https://upload.wikimedia.org/wikipedia/commons/b/b3/Calystegia_sepium_ssp_sepium_bluete.jpeg
Calytrix,Myrtaceae,Myrtales,0,0,1,1,0.003243243,.,.,.,.,.,.,.,.,About 100% of species are perennial,About 100% of species are woody,About 0% of species are agricultural,radial symmetry,mixed mating system,generalist reproductive syndrome,insect-pollinated,low extinction risk,cold climates,small genome,low variation,https://upload.wikimedia.org/wikipedia/commons/8/8a/Calytrix_sullivanii.jpg
Camassia,Asparagaceae,Asparagales,0,0,1,0,0,.,.,.,.,.,.,2.575,5.565289281,About 1% of species are perennial,About 0% of species are woody,About 0% of species are agroforestry,unknown,unknown,unknown,unknown,low extinction risk,temperate climates,medium genome,moderate variation,https://upload.wikimedia.org/wikipedia/commons/f/f6/Camassia_quamash_6374.JPG
Camelina,Brassicaceae,Brassicales,0,0,0,0,0.00485306,.,1,1,1,.,.,.,.,About 0% of species are perennial,About 0% of species are woody,About 0% of species are agricultural,radial,selfing,reproduces sexually,wind-pollinated,low extinction risk,cold climates,small genome,low variation,https://upload.wikimedia.org/wikipedia/commons/b/b8/Camelina_sativa_eF.jpg
Camissonia,Onagraceae,Myrtales,0.699300699,0.227272727,0.112676056,0.007042254,0.001538462,.,.,.,.,.,.,.,.,About 11% of species are perennial,About 1% of species are woody,About 0% of species are agricultural,radial symmetry,mixed mating system,biotic pollination,insect-pollinated,low extinction risk,temperate climates,medium genome,moderate variation,https://upload.wikimedia.org/wikipedia/commons/a/a2/Camissonia_benitensis.jpg
Campanula,Campanulaceae,Asterales,0.005569479,0.005263158,0.707100592,0,0,.,1,0.80952381,1,0,0.7125,1.955,28.60243016,About 71% of species are perennial,About 0% of species are woody,About 0% of species are agricultural,radial,selfing,generalist pollen vectors,wind-pollinated,low extinction risk,warm climates,small genome,high variation,https://upload.wikimedia.org/wikipedia/commons/2/2e/Campanula_persicifolia_Tehumardi_Saaremaa.jpg
Camphorosma,Amaranthaceae,Caryophyllales,0,0,0.5,0.5,0.041463415,.,.,.,0,.,.,.,.,About 50% of species are perennial,About 50% of species are woody,About 4% of species are agricultural,radial symmetry,mixed mating system,vegetative reproduction and self-pollination,wind-pollinated,low extinction risk,temperate climates,medium genome,moderate variation,https://upload.wikimedia.org/wikipedia/commons/6/60/Kamforika_-_cvetovi.jpg
Canavalia,Fabaceae,Fabales,3.571428571,0.125,1,0,0.096494845,1,.,.,1,4,.,.,.,About 100% of species are perennial,About 0% of species are woody,About 10% of species are agricultural,radial,Unknown mating system,Unknown reproductive syndrome,wind-pollinated,high risk,Unknown average temperature,Unknown C value,Unknown CV C value,https://upload.wikimedia.org/wikipedia/commons/f/f8/Canavalia_sericea.jpg
Capsella,Brassicaceae,Brassicales,4.761904762,0.142857143,0.357142857,0,0.00485306,.,1,1,1,.,0.046666667,0.448333333,35.99426902,About 36% of species are perennial,About 0% of species are woody,About 0% of species are cultivated,radial symmetry,selfing,self-pollination,wind-pollinated,low extinction risk,cold climates,small genome,high variation,No image found
Caragana,Fabaceae,Fabales,0,0,1,1,0.096494845,.,1,1,1,.,.,1.6,.,About 100% of species are perennial,About 100% of species are woody,About 10% of species are agriculturally important,radial symmetry,obligately selfing,generalist pollen,wind-pollinated,low extinction risk,cold climates,small genome,low variation,https://upload.wikimedia.org/wikipedia/commons/c/c7/Caragana_sinica_3.JPG
Caralluma,Apocynaceae,Gentianales,0,0,1,0,0.000658617,0,.,.,.,.,.,.,.,About 100% of species are perennial,About 0% of species are woody,About 0% of species are agriculturally significant,radial,Unknown mating system,Unknown reproductive syndrome,Unknown pollination syndrome,low extinction risk,Unknown climate classification,Unknown genome size classification,Unknown genome variation classification,https://upload.wikimedia.org/wikipedia/commons/8/89/Caralluma_acutangula_Bild0685.jpg
Cardamine,Brassicaceae,Brassicales,0.16722408,0.076086957,0.673469388,0,0.00485306,.,1,0.615384615,1,2,.,0.824210526,49.90911071,About 67% of species are perennial,About 0% of species are woody,About 0% of species are agricultural,radial,selfing,obligate xenogamy,wind-pollinated,moderate risk,cold climates,small genome,high variation,https://upload.wikimedia.org/wikipedia/commons/2/27/Cardamine_oligosperma_6649.JPG
Cardaminopsis,Brassicaceae,Brassicales,0,0,0.9,0,0.00485306,.,.,.,.,.,.,.,.,About 90% of species are perennial,About 0% of species are woody,About 0% of species are agricultural,radial symmetry,mixed mating system,reproduces sexually,insect-pollinated,low extinction risk,temperate climates,medium genome,moderate variation,https://upload.wikimedia.org/wikipedia/commons/a/a2/Arabidopsis_thaliana_sl12.jpg
Cardaria,Brassicaceae,Brassicales,3.571428571,0.125,1,0,0.00485306,.,.,.,.,.,.,.,.,About 100% of species are perennial,About 0% of species are woody,About 0% of species are agricultural,radial symmetry,selfing,self-pollination,insect-pollinated,low extinction risk,cold climates,small genome,low variation,https://upload.wikimedia.org/wikipedia/commons/2/2f/Lepidium_flavum_3.jpg
Cardiospermum,Sapindaceae,Sapindales,0,0,0.75,0,0.001265823,.,.,.,1,.,.,.,.,About 75% of species are perennial,About 0% of species are woody,About 0% of species are agricultural,radial,mixed mating,dioecious,insect-pollinated,low extinction risk,temperate climates,medium genome,low variation,https://upload.wikimedia.org/wikipedia/commons/e/eb/Starr_060810-8525_Cardiospermum_sp..jpg
Carduncellus,Asteraceae,Asterales,0,0,1,0,0.00210989,.,.,.,.,.,.,.,.,About 100% of species are perennial,About 0% of species are woody,About 0% of species are agricultural,Unknown floral symmetry,Unknown mating system,Unknown reproductive syndrome,Unknown pollination syndrome,Low extinction risk,Unknown average temperature,Unknown C value,Unknown CV C value,https://upload.wikimedia.org/wikipedia/commons/8/83/Carduncellus_monspeliensium_01.JPG
Carduus,Asteraceae,Asterales,0.480769231,0.153846154,0.330769231,0,0.00210989,0,1,0.8,1,.,0.806,4.28,.,About 33% of species are perennial,About 0% of species are woody,About 0% of species are agricultural,radial,selfing,primarily self-pollinated,insect-pollinated,low extinction risk,warm climates,medium genome,moderate variation,https://upload.wikimedia.org/wikipedia/commons/8/8a/Carduus_crispus_-_Keila.jpg
Carex,Cyperaceae,Poales,0.024607728,0.104582844,1,0,0.00045977,.,1,0.5,0.008474576,2.416666667,0.17,0.419318182,46.22570709,About 100% of species are perennial,About 0% of species are woody,About 0% of species are agricultural,radial symmetry,selfing,dioecious,wind-pollinated,moderate risk,cold climates,small genome,high variation,https://upload.wikimedia.org/wikipedia/commons/e/e4/Carex_diversity_in_south-west_France.jpg
Carlina,Asteraceae,Asterales,0,0,0.653846154,0,0.00210989,.,1,0.75,1,.,.,4.326,16.91235139,About 65% of species are perennial,About 0% of species are woody,About 0% of species are agricultural,radial symmetry,selfing,intermediate reproductive syndrome,wind-pollinated,low extinction risk,temperate climates,medium genome,high variation,https://upload.wikimedia.org/wikipedia/commons/6/63/Carlina_vulgaris_02_%28HS%29.JPG
Carpesium,Asteraceae,Asterales,0,0,0.5,0,0.00210989,.,1,1,1,.,.,.,.,About 50% of species are perennial,About 0% of species are woody,About 0% of species are agricultural,radial symmetry,selfing,autotrophic,wind-pollinated,low extinction risk,temperate climates,small genome,low variation,https://upload.wikimedia.org/wikipedia/commons/6/63/Carpesium_rosulatum_himegankubi02.jpg
Carpha,Cyperaceae,Poales,0,0,1,0,0.00045977,.,.,.,.,.,.,.,.,About 100% of species are perennial,About 0% of species are woody,About 0% of species are agriculturally important,Unknown floral symmetry,Unknown mating system,Unknown reproductive syndrome,Unknown pollination syndrome,Low extinction risk,Unknown climate,Unknown genome size,Unknown genome size variation,https://upload.wikimedia.org/wikipedia/commons/2/2b/Carpha_schoenoides_imported_from_iNaturalist_photo_255759620_on_3_December_2023.jpg
Carpinus,Betulaceae,Fagales,0,0,1,1,0.054545455,.,1,1,0,4,.,1.03,.,About 100% of species are perennial,About 100% of species are woody,About 5% of species are agriculturally important,radial symmetry,selfing,obligate selfing,wind-pollinated,high risk,temperate climates,small genome,moderate variation,https://upload.wikimedia.org/wikipedia/commons/6/69/Carpinus_foliage.jpg
Carpobrotus,Aizoaceae,Caryophyllales,2.564102564,0.153846154,1,0.384615385,0.000990099,0,.,.,1,.,.,.,.,About 100% of species are perennial,About 38% of species are woody,About 0% of species are of agricultural significance,radial,mating system not specified,reproductive syndrome not specified,wind-pollinated,red list status not specified,average temperature not specified,genome size not specified,coefficient of variation in genome size not specified,https://upload.wikimedia.org/wikipedia/commons/3/32/Carpobrotus_April_2008-1.jpg
Carthamus,Asteraceae,Asterales,1.666666667,0.125,0.058823529,0,0.00210989,.,1,1,1,.,.,1.762941176,44.68554251,About 6% of species are perennial,About 0% of species are woody,About 0% of species are annual,radial symmetry,selfing,self-pollination,wind-pollinated,low extinction risk,cold climates,small genome,high variation,https://upload.wikimedia.org/wikipedia/commons/1/1a/Carthamus_lanatus_1_bgiu.jpg
Carum,Apiaceae,Apiales,0,0,0.785714286,0,0.003968254,.,1,1,1,4,.,4.78,.,About 79% of species are perennial,About 0% of species are woody,About 0% of species are agricultural,radial symmetry,selfing,seed reproduction,wind-pollinated,high risk,temperate climates,medium genome,moderate variation,https://upload.wikimedia.org/wikipedia/commons/4/42/Carum_carvi_-_K%C3%B6hler%E2%80%93s_Medizinal-Pflanzen-172.jpg
Carya,Juglandaceae,Fagales,3.80952381,0.266666667,1,1,0,.,.,.,.,.,.,0.83,.,About 100% of species are perennial,About 100% of species are woody,About 0% of species are agricultural,radial,selfing,wind-pollinated,wind-pollinated,low extinction risk,cold climates,small genome,low variation,https://upload.wikimedia.org/wikipedia/commons/e/eb/Carya_Morton_29-U-10.jpg
Cassia,Fabaceae,Fabales,0,0,0.5,0,0.096494845,1,.,.,1,2.5,.,0.976666667,2.364574481,About 50% of species are perennial,About 0% of species are woody,About 10% of species are agriculturally important,radial,mixed mating system,typically self-pollinated,insect-pollinated,moderate risk,temperate climates,small genome,low variation,No image found
Cassinia,Asteraceae,Asterales,20,0.5,1,1,0.00210989,.,.,.,.,.,.,.,.,About 1% of species are perennial,About 1% of species are woody,About 0% of species are agriculturally important,radial,mixed mating,seed propagated,wind-pollinated,low extinction risk,temperate climates,small genome,low variation,https://upload.wikimedia.org/wikipedia/commons/b/b5/Cassinia_trinerva.jpg
Cassiope,Ericaceae,Ericales,0,0,1,1,0,.,.,1,1,.,.,.,.,About 100% of species are perennial,About 100% of species are woody,About 0% of species are agricultural,radial,selfing,biotically pollinated,insect-pollinated,low extinction risk,cold climates,small genome,low variation,https://upload.wikimedia.org/wikipedia/commons/4/49/Cassiope_mertensiana_9197.JPG
Cassytha,Lauraceae,Laurales,0,0,1,0,4.00E-04,0,.,.,1,.,.,.,.,About 1% of species are perennial,About 0% of species are woody,About 0.04% of species are agroforestry,radial,mixed mating system,sexual reproduction,insect-pollinated,low extinction risk,cold climates,small genome,low variation,https://upload.wikimedia.org/wikipedia/commons/4/41/Starr_010520-0082_Cassytha_filiformis.jpg
Castanea,Fagaceae,Fagales,0,0,1,1,0.001492537,.,1,1,0.5,.,.,0.875,0,About 100% of species are perennial,About 100% of species are woody,About 0% of species are aggregated,radial,selfing,unassisted selfing,insect-pollinated,low extinction risk,cold climates,small genome,low variation,https://upload.wikimedia.org/wikipedia/commons/2/2c/Ch%C3%A2taignier_120807_1.jpg
Castilleja,Orobanchaceae,Lamiales,0.385964912,0.144736842,0.818181818,0.037974684,0,.,.,.,1,1,.,.,.,About 82% of species are perennial,About 4% of species are woody,About 0% of species are cultivated,radial symmetry,selfing,self-pollination,insect-pollinated,moderate risk,temperate climates,medium genome,moderate variation,https://upload.wikimedia.org/wikipedia/commons/0/0c/Castilleja_integra_-_Michael_Tidwell_01.jpg
Casuarina,Casuarinaceae,Fagales,0,0,1,1,0.094736842,.,.,.,0,.,.,0.45,31.42696805,About 100% of species are perennial,About 100% of species are woody,About 9% of species are agricultural,radial symmetry,selfing,self-pollinating,wind-pollinated,low extinction risk,cold climates,small genome,high variation,https://upload.wikimedia.org/wikipedia/commons/f/fa/Casuarina_equisetifolia_0004.jpg
Catalpa,Bignoniaceae,Lamiales,0,0,1,1,0.01,.,.,.,.,2,.,.,.,About 100% of species are perennial,About 100% of species are woody,About 1% of species are agricultural,radial symmetry,selfing,dioecious,wind-pollinated,moderate risk,temperate climates,medium genome,moderate variation,https://upload.wikimedia.org/wikipedia/commons/9/93/Cataspec.jpg
Catananche,Asteraceae,Asterales,0,0,0.5,0,0.00210989,.,.,.,1,.,.,.,.,About 50% of species are perennial,About 0% of species are woody,About 0% of species are agricultural,radial,mixed mating system,standard reproductive syndrome,insect-pollinated,low extinction risk,temperate climates,small genome,low variation,https://upload.wikimedia.org/wikipedia/commons/a/a4/Catananche_caerulea4.jpg
Catapodium,Poaceae,Poales,16.66666667,0.25,0,0,0.074314214,.,1,1,0,.,.,3.4,.,About 0% of species are perennial,About 0% of species are woody,About 7% of species are agricultural,radial,selfing,asexual reproduction,wind-pollinated,low extinction risk,temperate climates,medium genome,moderate variation,https://upload.wikimedia.org/wikipedia/commons/f/f3/Catapodium_rigidum.jpg
Caulanthus,Brassicaceae,Brassicales,0,0,0.368421053,0,0.00485306,.,.,.,.,.,.,0.59,30.82463302,About 37% of species are perennial,About 0% of species are woody,About 0% of species are agricultural,Radial symmetry,Mixed mating system,Sexual reproduction,Wind-pollinated,Low extinction risk,Cold climates,Small genome,High variation,https://upload.wikimedia.org/wikipedia/commons/f/fd/Caulanthus_inflatus_004_%E2%80%94_Jim_Staley.jpg
Caulophyllum,Berberidaceae,Ranunculales,0,0,1,0,0,.,.,.,.,.,.,.,.,About 100% of species are perennial,About 0% of species are woody,About 0% of species are agroforestry species,radial symmetry,selfing,dioecious,insect-pollinated,low extinction risk,cold climates,small genome,low variation,https://upload.wikimedia.org/wikipedia/commons/6/61/Caulophyllum_thalictroides-BB.jpg
Caustis,Cyperaceae,Poales,0,0,1,0,0.00045977,.,.,.,.,.,.,.,.,About 100% of species are perennial,About 0% of species are woody,About 0% of species are agamospermic,Unknown floral symmetry,Unknown mating system,Unknown reproductive syndrome,Unknown pollination syndrome,Low extinction risk,Unknown climate temperature,Unknown genome size,Unknown genome variation,https://upload.wikimedia.org/wikipedia/commons/8/86/Curly_Wig_Woodford.jpg
Ceanothus,Rhamnaceae,Rosales,0.653120464,0.169811321,1,1,0.004444444,.,.,.,.,.,.,.,.,About 100% of species are perennial,About 100% of species are woody,About 0% of species are cultivated,radial symmetry,obligate outcrossing,entomophily,insect-pollinated,low extinction risk,cold climates,small genome,low variation,https://upload.wikimedia.org/wikipedia/commons/b/bd/Ceanothus_americanus.jpg
Cedrus,Pinaceae,Pinophyta,0,0,1,1,0.004761905,.,.,.,0,0.5,0.91,16.14375,1.239284262,About 100% of species are perennial,About 100% of species are woody,About 0% of species are agricultural,radial symmetry,selfing,self-pollinating,wind-pollinated,low extinction risk,warm climates,large genome,low variation,https://upload.wikimedia.org/wikipedia/commons/e/ed/View_from_the_Barouk_Forest_1.JPG
Celastrus,Celastraceae,Celastrales,0,0,1,1,0,.,.,.,.,.,.,.,.,About 1% of species are perennial,About 1% of species are woody,About 0% of species are agroeconomic,radial or bilateral symmetry,mixed mating system,sexual reproduction,wind-pollinated,low extinction risk,cold climates,small genome,low variation,https://upload.wikimedia.org/wikipedia/commons/0/0b/Celastrus_scandens.jpg
Celmisia,Asteraceae,Asterales,0,0,1,0,0.00210989,.,.,.,.,.,.,.,.,About 100% of species are perennial,About 0% of species are woody,About 0% of species are agricultural,radial symmetry,selfing,seed,wind-pollinated,low extinction risk,cold climates,small genome,low variation,https://upload.wikimedia.org/wikipedia/commons/3/33/Celmisia.JPG
Celtis,Cannabaceae,Rosales,0,0,1,1,0.017647059,.,.,.,0,1.583333333,.,1.29,0,About 100% of species are perennial,About 100% of species are woody,About 2% of species are agricultural,radial symmetry,mixed mating system,seed-producing species,wind-pollinated,moderate risk,temperate climates,small genome,low variation,https://upload.wikimedia.org/wikipedia/commons/d/d5/Celtis_sinensis3.jpg
Cenchrus,Poaceae,Poales,0,0,0.266666667,0,0.074314214,.,.,.,0,4,.,3.146666667,69.19092241,About 27% of species are perennial,About 0% of species are woody,About 7% of species are agricultural,radial,selfing,wind-pollinated,wind-pollinated,high risk,temperate climates,medium genome,high variation,https://upload.wikimedia.org/wikipedia/commons/7/7f/Cenchrus_longispinus.jpg
Centaurea,Asteraceae,Asterales,0.062784492,0.086642599,0.715135738,0.021276596,0.00210989,0,1,0.958333333,1,3.5,0.978,1.543934426,24.72579688,About 72% of species are perennial,About 2% of species are woody,About 0% of species are agricultural,radial,mixed mating system,asexual reproduction,insect-pollinated,high risk,warm climates,small genome,high variation,https://upload.wikimedia.org/wikipedia/commons/3/36/Centaurea_pullata_b.JPG
Centaurium,Gentianaceae,Gentianales,0.929152149,0.19047619,0.047619048,0,0,.,1,1,1,4,.,1.23,.,About 5% of species are perennial,About 0% of species are woody,About 0% of species are agroforestry,radial symmetry,selfing,asexual reproduction,wind-pollinated,high risk,cold climates,small genome,low variation,https://upload.wikimedia.org/wikipedia/commons/5/5e/Centaurium_erythraea_%28plant%29.jpg
Centipeda,Asteraceae,Asterales,0,0,0.375,0,0.00210989,.,.,.,1,.,.,.,.,About 38% of species are perennial,About 0% of species are woody,About 0% of species are agamospermous,radial,mixed mating,unknown reproductive syndrome,wind-pollinated,low extinction risk,temperate climates,medium genome,low variation,https://upload.wikimedia.org/wikipedia/commons/f/f0/Centipeda_minima_3.JPG
Centrolepis,Centrolepidaceae,Poales,0,0,0.166666667,0,0,.,.,.,.,.,.,.,.,About 17% of species are perennial,About 0% of species are woody,About 0% of species are agricultural,Unknown floral symmetry,Unknown mating system,Unknown reproductive syndrome,Unknown pollination syndrome,Unknown RedList status,Unknown average temperature,Unknown C-value,Unknown variation in C-value,https://upload.wikimedia.org/wikipedia/commons/3/3c/Centrolepis_fascicularis.jpg
Cephalanthera,Orchidaceae,Asparagales,3.571428571,0.125,1,0,0,.,1,0.5,1,.,.,16.42,2.27495241,About 100% of species are perennial,About 0% of species are woody,About 0% of species are agricultural,radial,selfing,asexual reproduction,wind-pollinated,low extinction risk,temperate climates,large genome,low variation,https://upload.wikimedia.org/wikipedia/commons/8/8f/Cephalanthera_longifolia_plant100604.jpg
Cephalaria,Caprifoliaceae,Dipsacales,0,0,0.785714286,0.071428571,0,.,.,.,1,.,.,5.06,19.78891561,About 79% of species are perennial,About 7% of species are woody,About 0% of species are agricultural,radial,mixed mating system,generalist reproduction,insect-pollinated,low extinction risk,temperate climates,medium genome,high variation,https://upload.wikimedia.org/wikipedia/commons/d/df/Cephalaria_gigantea_2.jpg
Cerastium,Caryophyllaceae,Caryophyllales,0.153508772,0.072916667,0.5625,0,0.001818182,.,1,0.733333333,1,3,.,2.077777778,47.88014012,About 56% of species are perennial,About 0% of species are woody,About 0% of species are agricultural,radial,mixed mating,obligate xenogamy,insect-pollinated,moderate risk,temperate climates,medium genome,high variation,https://upload.wikimedia.org/wikipedia/commons/8/8e/Cerastium_arvense_-_Acker-Hornkraut_Detail.JPG
Ceratocephalus,Ranunculaceae,Ranunculales,0,0,0,0,0,.,.,.,.,.,.,.,.,About 0% of species are perennial,About 0% of species are woody,About 0% of species are agroforestry,radial symmetry,mixed mating system,generalist reproduction,insect-pollinated,low extinction risk,temperate climates,small genome,low variation,https://upload.wikimedia.org/wikipedia/en/3/35/Bidenstripartita.jpg
Ceratochloa,Poaceae,Poales,0,0,1,0,0.074314214,.,.,.,.,.,.,.,.,About 1% of species are perennial,About 0% of species are woody,About 7% of species are agricultural,radial symmetry,mixed mating system,sexual reproduction,wind-pollinated,low extinction risk,temperate climates,small genome,moderate variation,https://upload.wikimedia.org/wikipedia/commons/d/d4/Bromus_pubescens.jpg
Ceratophyllum,Ceratophyllaceae,Ceratophyllales,0,0,1,0,0,.,1,0.25,0,.,.,0.69,.,About 100% of species are perennial,About 0% of species are woody,About 0% of species are aggregated,radial symmetry,selfing,unknown reproductive syndrome,wind-pollinated,low extinction risk,cold climates,small genome,low variation,https://upload.wikimedia.org/wikipedia/commons/9/9f/CeratophyllumSubmersum.jpg
Cercidium,Fabaceae,Fabales,0,0,1,1,0.096494845,.,.,.,.,.,.,.,.,About 1% of species are perennial,About 1% of species are woody,About 10% of species are agricultural,radial,mixed mating,biotic pollination,insect-pollinated,low extinction risk,temperate climates,small genome,moderate variation,https://upload.wikimedia.org/wikipedia/commons/0/0d/Starr_010209-0260_Parkinsonia_aculeata.jpg
Cercocarpus,Rosaceae,Rosales,10.71428571,0.375,1,1,0.001060071,.,.,.,.,4,.,.,.,About 100% of species are perennial,About 100% of species are woody,About 0% of species are agricultural,radial symmetry,selfing,non-herbaceous perennial,insect-pollinated,high risk,temperate climates,medium genome,moderate variation,https://upload.wikimedia.org/wikipedia/commons/6/6f/Cercocarpus_intricatus_12.jpg
Cerinthe,Boraginaceae,Boraginales,0,0,0.205128205,0,0.001824818,.,1,0.75,1,.,.,0.95,.,About 21% of species are perennial,About 0% of species are woody,About 0% of species are agriculturally important,radial symmetry,selfing,typical insect-pollinated syndrome,insect-pollinated,low extinction risk,cold climates,small genome,low variation,https://upload.wikimedia.org/wikipedia/commons/3/3a/Cerinthe_major_%28flower%29.jpg
Cestrum,Solanaceae,Solanales,0,0,1,1,0.089837398,.,.,.,1,3.333333333,.,.,.,About 100% of species are perennial,About 100% of species are woody,About 9% of species are aggregated,radial symmetry,mixed mating system,reproduction by seeds,insect-pollinated,high risk,temperate climates,medium genome,high variation,https://upload.wikimedia.org/wikipedia/commons/9/9d/Ruhr-Uni-Bochum-0024.JPG
Chaenactis,Asteraceae,Asterales,0.865800866,0.090909091,0.386363636,0,0.00210989,.,.,.,.,.,.,.,.,About 39% of species are perennial,About 0% of species are woody,About 0% of species are agricultural,Radial symmetry,Mixed mating system,Seed-dispersed by animals,Insect-pollinated,Low extinction risk,Temperate climates,Medium genome,Moderate variation,https://upload.wikimedia.org/wikipedia/commons/c/cb/Chaenactis_fremontii_flower_1.jpg
Chaenomeles,Rosaceae,Rosales,0,0,1,1,0.001060071,.,1,1,1,.,.,0.6,.,About 100% of species are perennial,About 100% of species are woody,About 0% of species are agricultural,radial,selfing,obligate self-pollination,wind-pollinated,low extinction risk,cold climates,small genome,low variation,https://upload.wikimedia.org/wikipedia/commons/1/11/Quince8317.jpg
Chaenorhinum,Plantaginaceae,Lamiales,0,0,0.458333333,0,0.005925926,.,1,1,1,.,.,.,.,About 46% of species are perennial,About 0% of species are woody,About 1% of species are agriculturally important,radial symmetry,selfing,obligate apomixis,wind-pollinated,low extinction risk,temperate climates,medium genome,moderate variation,https://upload.wikimedia.org/wikipedia/commons/e/ec/Chaenorhinum-minus-4269.jpg
Chaerophyllum,Apiaceae,Apiales,0,0,0.59375,0,0.003968254,.,1,0.7,1,.,.,.,.,About 59% of species are perennial,About 0% of species are woody,About 0% of species are agricultural,radial symmetry,selfing,reproduces by seeds,wind-pollinated,moderate risk,temperate climates,medium genome,moderate variation,https://upload.wikimedia.org/wikipedia/commons/7/76/Chaerophyllum_temulum_blossom.jpg
Chamaebatia,Rosaceae,Rosales,0,0,1,1,0.001060071,.,.,.,.,.,.,.,.,About 1% of species are perennial,About 1% of species are woody,About 0% of species are agricultural,radial symmetry,selfing,self-pollinating,insect-pollinated,low extinction risk,cold climates,small genome,low variation,https://upload.wikimedia.org/wikipedia/commons/5/5c/Chamaebatia_australis_2.jpg
Chamaecrista,Fabaceae,Fabales,0,0,.,0,0.096494845,0.666666667,.,.,1,2,0.665,.,.,About 65% of species are perennial,About 0% of species are woody,About 10% of species are aggressive,radial,mixed mating system,typically reproduced by seeds,insect-pollinated,moderate risk,temperate climates,medium genome,moderate variation,https://upload.wikimedia.org/wikipedia/commons/c/c6/Starr_080208-2456_Chamaecrista_nictitans.jpg
Chamaecyparis,Cupressaceae,Pinophyta,5,0.1,1,1,0.007142857,.,.,.,.,1.1,0.977,10.63923077,11.62669103,About 100% of species are perennial,About 100% of species are woody,About 1% of species are agamospermous,radial symmetry,mixed mating system,agamospermy,insect-pollinated,moderate risk,warm climates,large genome,moderate variation,https://upload.wikimedia.org/wikipedia/commons/4/48/Sawara.jpg
Chamaecytisus,Fabaceae,Fabales,1.176470588,0.2,1,1,0.096494845,.,.,.,.,.,.,.,.,About 1% of species are perennial,About 1% of species are woody,About 10% of species are agricultural,radial symmetry,mixed mating system,vegetative reproduction,insect-pollinated,low extinction risk,temperate climates,small genome,moderate variation,https://upload.wikimedia.org/wikipedia/commons/7/78/Chamaecytisus_ruthenicus_%28in_bloom%29.jpg
Chamaemelum,Asteraceae,Asterales,0,0,0.4,0,0.00210989,.,1,1,1,.,.,5.24,2.42899276,About 40% of species are perennial,About 0% of species are woody,About 0% of species are agricultural,radial symmetry,selfing,seed reproduction,wind-pollinated,low extinction risk,temperate climates,medium genome,low variation,https://upload.wikimedia.org/wikipedia/commons/f/fa/Chamaemelum_nobile1.jpg
Chamaesaracha,Solanaceae,Solanales,0,0,1,0,0.089837398,.,.,.,.,.,.,.,.,About 100% of species are perennial,About 0% of species are woody,About 9% of species are agamic,radial symmetry,mixed mating system,sexual reproduction,insect-pollinated,low extinction risk,cold climates,small genome,low variation,https://upload.wikimedia.org/wikipedia/commons/1/14/Leucophysalis_nana_%285908341901%29.jpg
Chamaespartium,Fabaceae,Fabales,0,0,1,1,0.096494845,.,.,.,.,.,.,.,.,About 100% of species are perennial,About 100% of species are woody,About 10% of species are agricultural,radial symmetry,mixed mating system,standard seed reproduction,wind-pollinated,low extinction risk,cold climates,small genome,low variation,https://upload.wikimedia.org/wikipedia/commons/9/90/French_Broom2.jpg
Chamaesyce,Euphorbiaceae,Malpighiales,0.144230769,0.046153846,0.464285714,0.169230769,0.01239531,.,.,.,.,2.958333333,.,.,.,About 46% of species are perennial,About 17% of species are woody,About 1% of species are agricultural,radial symmetry,mixed mating system,generalist syndrome,insect-pollinated,moderate risk,temperate climates,medium genome,moderate variation,https://upload.wikimedia.org/wikipedia/commons/c/cf/Starr_080531-4851_Chamaesyce_hypericifolia.jpg
Chamerion,Onagraceae,Myrtales,0,0,1,0,0.001538462,.,.,.,.,.,0.799333333,.,.,About 100% of species are perennial,About 0% of species are woody,About 0% of species are agricultural,radial symmetry,selfing,wind pollination,wind-pollinated,low extinction risk,warm climates,medium genome,moderate variation,https://upload.wikimedia.org/wikipedia/commons/1/1d/Maitohorsma_%28Epilobium_angustifolium%29.JPG
Chamomilla,Asteraceae,Asterales,0,0,0,0,0.00210989,.,.,.,.,.,.,.,.,About 0% of species are perennial,About 0% of species are woody,About 0% of species are cultivated,radial or bilateral symmetry,mixed mating system,herbaceous perennial,insect-pollinated,low extinction risk,cold climates,small genome,low variation,https://upload.wikimedia.org/wikipedia/commons/4/4c/Matricaria_chamomilla.jpg
Charpentiera,Amaranthaceae,Caryophyllales,10,0.2,1,1,0.041463415,.,.,.,.,4,.,.,.,About 100% of species are perennial,About 100% of species are woody,About 4% of species are agricultural,radial symmetry,selfing,self-pollination,wind-pollinated,high risk,cold climates,small genome,low variation,https://upload.wikimedia.org/wikipedia/commons/c/c1/Starr_060225-6118_Charpentiera_obovata.jpg
Cheilanthes,Pteridaceae,Monilophyta,0.860215054,0.129032258,1,0,0,.,.,.,.,.,.,.,.,About 1% of species are perennial,About 0% of species are woody,About 0% of species are agamic,radial symmetry,mixed mating system,self-compatible,wind-pollinated,low extinction risk,cold climates,small genome,low variation,https://upload.wikimedia.org/wikipedia/commons/1/12/Cheilanthes_parryi_1.jpg
Cheiranthera,Pittosporaceae,Apiales,0,0,1,0,0.005,.,.,.,.,.,.,.,.,About 100% of species are perennial,About 0% of species are woody,About 1% of species are agricultural,radial,selfing,vertebrate pollination,insect-pollinated,low extinction risk,temperate climates,small genome,low variation,https://upload.wikimedia.org/wikipedia/commons/4/46/Telford%27s_Finger_Flower.JPG
Cheirodendron,Araliaceae,Apiales,33.33333333,0.5,1,1,0,.,.,.,.,1.666666667,.,.,.,About 1% of species are perennial,About 1% of species are woody,About 0% of species are agricultural,radial or bilateral symmetry,mixed mating system,reproduction through seeds and vegetative means,insect-pollinated,moderate risk,temperate climates,medium genome,moderate variation,https://upload.wikimedia.org/wikipedia/commons/e/e9/Starr_040522-0024_Cheirodendron_trigynum.jpg
Cheirolophus,Asteraceae,Asterales,0,0,1,0,0.00210989,.,.,.,1,4,.,0.705,3.008965026,About 1% of species are perennial,About 0% of species are woody,About 0% of species are agricultural,radial symmetry,mixed mating system,non-adaptive pollination,wind-pollinated,high risk,cold climates,small genome,low variation,https://upload.wikimedia.org/wikipedia/commons/d/dd/Cheirolophus_crassifolius_flower.jpg
Chelone,Plantaginaceae,Lamiales,0,0,1,0,0.005925926,.,.,.,.,.,.,.,.,About 100% of species are perennial,About 0% of species are woody,About 1% of species are agricultural,radial or bilateral symmetry,mixed mating system,sexual reproduction,insect-pollinated,low extinction risk,temperate climates,small genome,moderate variation,No image found
Chenopodium,Amaranthaceae,Caryophyllales,0.021905805,0.018072289,0.082542001,0.02189781,0.041463415,0,1,1,0.431818182,.,.,1.309230769,36.24816596,About 8% of species are perennial,About 2% of species are woody,About 4% of species are agroforestry,radial,mixed mating,obligate selfing,insect-pollinated,low extinction risk,temperate climates,small genome,high variation,https://upload.wikimedia.org/wikipedia/commons/7/77/Chenopodium_berlandieri_NPS-1.jpg
Chiloglottis,Orchidaceae,Asparagales,20,0.4,1,0,0,.,.,.,.,.,.,.,.,About 100% of species are perennial,About 0% of species are woody,About 0% of species are agricultural,radial symmetry,selfing,asexual reproduction,wind-pollinated,low extinction risk,cold climates,small genome,low variation,https://upload.wikimedia.org/wikipedia/commons/3/38/Chiloglottis_reflexa.jpg
Chimaphila,Ericaceae,Ericales,0,0,1,0.75,0,.,1,0.5,1,.,.,.,.,About 100% of species are perennial,About 75% of species are woody,About 0% of species are agricultural,radial,selfing,sexual reproduction,insect-pollinated,low extinction risk,cold climates,medium genome,moderate variation,https://upload.wikimedia.org/wikipedia/commons/9/92/Chimaphila2.jpg
Chionodoxa,Asparagaceae,Asparagales,0,0,1,0,0,.,.,.,.,.,.,.,.,About 100% of species are perennial,About 0% of species are woody,About 0% of species are agricultural,radial or bilateral,mixed,obligate cross-pollination,insect-pollinated,low extinction risk,temperate climates,medium genome,moderate variation,https://upload.wikimedia.org/wikipedia/commons/0/07/Glory_of_the_Snow_in_the_snow.JPG
Chionogentias,Gentianaceae,Gentianales,10,0.2,0.4,0,0,.,.,.,.,.,.,.,.,About 40% of species are perennial,About 0% of species are woody,About 0% of species are agricultural,radial symmetry,mixed mating system,typical animal pollination,insect-pollinated,low extinction risk,temperate climates,small genome,low variation,No image found
Chloris,Poaceae,Poales,0.432900433,0.045454545,0.659090909,0,0.074314214,.,.,.,0,.,.,0.35,.,About 66% of species are perennial,About 0% of species are woody,About 7% of species are agricultural,radial symmetry,selfing,biotic pollination,wind-pollinated,low extinction risk,cold climates,small genome,low variation,No image found
Chlorogalum,Asparagaceae,Asparagales,0,0,1,0,0,.,.,.,.,.,.,.,.,About 1% of species are perennial,About 0% of species are woody,About 0% of species are agriculturally important,radial symmetry,mixed mating system,animal-dispersed seeds,insect-pollinated,low extinction risk,temperate climates,small genome,low variation,https://upload.wikimedia.org/wikipedia/commons/thumb/4/4e/Chlorogalum_pomeridianum_%28soap_root_plant%29_%287155017691%29.jpg/2112px-Chlorogalum_pomeridianum_%28soap_root_plant%29_%287155017691%29.jpg
Choenomeles,Rosaceae,Rosales,0,0,1,1,0.001060071,.,.,.,.,.,.,.,.,About 100% of species are perennial,About 100% of species are woody,About 0% of species are agricultural,radial symmetry,selfing,autogamous,wind-pollinated,low extinction risk,cold climates,small genome,low variation,No image found
Chondrilla,Asteraceae,Asterales,0,0,0.625,0,0.00210989,.,0,1,1,.,.,.,.,About 63% of species are perennial,About 0% of species are woody,About 0% of species are agricultural,radial symmetry,selfing,dioecious,insect-pollinated,low extinction risk,temperate climates,small genome,low variation,No image found
Choretrum,Santalaceae,Santalales,0,0,1,1,0.002139037,.,.,.,.,.,.,.,.,About 100% of species are perennial,About 100% of species are woody,About 0% of species are agroforestry,radial symmetry,selfing,agamospermy,wind-pollinated,low extinction risk,cold climates,small genome,low variation,https://upload.wikimedia.org/wikipedia/commons/8/8c/Common_sour_bush.JPG
Chorizandra,Cyperaceae,Poales,0,0,1,0,0.00045977,.,.,.,.,.,.,.,.,About 100% of species are perennial,About 0% of species are woody,About 0% of species are cultivated,radial symmetry,mixed mating system,typical reproductive syndrome,insect-pollinated,low extinction risk,cold climates,small genome,low variation,https://upload.wikimedia.org/wikipedia/commons/5/53/Chorizandra_cymbaria_%289623201742%29.jpg
Chorizanthe,Polygonaceae,Caryophyllales,0,0,0,0,0.002727273,.,.,.,.,.,.,.,.,About 0% of species are perennial,About 0% of species are woody,About 0% of species are agricultural,radial,mixed mating system,self-pollination,wind-pollinated,low extinction risk,cold climates,small genome,low variation,https://upload.wikimedia.org/wikipedia/commons/e/e8/Chorizanthe_rigida_1.jpg
Christella,Thelypteridaceae,Monilophyta,20,0.4,1,0,0,.,.,.,.,3,.,.,.,About 100% of species are perennial,About 0% of species are woody,About 0% of species are agricultural,radial symmetry,selfing,self-pollination,wind-pollinated,moderate risk,temperate climates,medium genome,moderate variation,https://upload.wikimedia.org/wikipedia/commons/2/2b/Christella_dentata_Chatswood_West.jpg
Chrozophora,Euphorbiaceae,Malpighiales,0,0,0,0,0.01239531,0,.,.,.,.,.,.,.,About 0% of species are perennial,About 0% of species are woody,About 1% of species are agricultural,radial,selfing,requires pollination,wind-pollinated,low extinction risk,cold climates,small genome,low variation,https://upload.wikimedia.org/wikipedia/commons/1/18/Chrozophora_tinctoria_Habitus_2010-6-25_DehesaBoyaldePuertollano.jpg
Chrysanthemum,Asteraceae,Asterales,0,0,0.3,0,0.00210989,.,.,.,.,.,.,10.451,35.2082587,About 30% of species are perennial,About 0% of species are woody,About 0% of species are agricultural,radial symmetry,mixed mating system,sexual reproduction,insect-pollinated,low extinction risk,warm climates,large genome,high variation,https://upload.wikimedia.org/wikipedia/commons/b/b5/Chrysanthemum_nangkingense.jpg
Chrysocephalum,Asteraceae,Asterales,0,0,0.8,0,0.00210989,.,.,.,1,.,.,.,.,About 80% of species are perennial,About 0% of species are woody,About 0% of species are agricultural,radial symmetry,mixed mating system,sexual reproduction,insect-pollinated,low extinction risk,cold climates,small genome,low variation,https://upload.wikimedia.org/wikipedia/commons/5/54/Chrysocephalum_apiculatum.jpg
Chrysocoma,Asteraceae,Asterales,0,0,1,1,0.00210989,.,.,.,.,.,.,.,.,About 100% of species are perennial,About 100% of species are woody,About 0% of species are agricultural,radial,selfing,dioecious,wind-pollinated,low extinction risk,cold climates,small genome,low variation,https://upload.wikimedia.org/wikipedia/commons/0/03/Chrysocoma_coma-aurea_pm.jpg
Chrysolepis,Fagaceae,Fagales,0,0,1,1,0.001492537,.,.,.,.,.,.,.,.,About 100% of species are perennial,About 100% of species are woody,About 0% of species are agricultural,radial symmetry,self-compatible,vegetative reproduction,insect-pollinated,low extinction risk,cold climates,small genome,low variation,https://upload.wikimedia.org/wikipedia/commons/a/aa/Chrysolepis_chrysophylla_Burr.JPG
Chrysopsis,Asteraceae,Asterales,0,0,0.875,0,0.00210989,.,.,.,.,.,.,.,.,About 87.5% of species are perennial,About 0% of species are woody,About 0.21% of species are cultivated,radial symmetry,mixed mating system,obligate xenogamy,insect-pollinated,low extinction risk,temperate climates,small genome,low variation,https://upload.wikimedia.org/wikipedia/commons/1/16/Coastalplain_goldenaster_%28Chrysopsis_scabrella%29_%286408192511%29.jpg
Chrysosplenium,Saxifragaceae,Saxifragales,0,0,1,0,0,.,1,0.5,1,.,.,.,.,About 100% of species are perennial,About 0% of species are woody,About 0% of species are agricultural,radial,selfing,vegetative reproduction,insect-pollinated,low extinction risk,temperate climates,medium genome,moderate variation,https://upload.wikimedia.org/wikipedia/commons/a/a0/Chrysosplenium_alternifolium_BavariaMay2005a.jpg
Chrysothamnus,Asteraceae,Asterales,0.925925926,0.125,1,0.964285714,0.00210989,.,.,.,.,.,.,.,.,About 100% of species are perennial,About 96% of species are woody,About 0% of species are agricultural,Flowers exhibit radial symmetry,Reproduction involves both selfing and cross-pollination,Reproduces via vegetative means and sexual reproduction,Primarily pollinated by insects,low extinction risk,temperate climates,medium genome,moderate variation,https://upload.wikimedia.org/wikipedia/commons/c/c9/Chrysothamnusvicidiflorus.JPG
Cicendia,Gentianaceae,Gentianales,0,0,0,0,0,.,1,1,1,.,.,.,.,About 0% of species are perennial,About 0% of species are woody,About 0% of species are agricultural,radial symmetry,selfing,self-pollination,wind-pollinated,low extinction risk,cold climates,small genome,low variation,https://upload.wikimedia.org/wikipedia/commons/2/24/Cicendia_filiformis_%28detail%29.jpg
Cicer,Fabaceae,Fabales,0,0,0.75,0,0.096494845,.,.,.,.,.,.,1.411333333,14.68291407,About 75% of species are perennial,About 0% of species are woody,About 10% of species are agricultural,radial symmetry,mixed mating system,self-pollination,insect-pollinated,low extinction risk,cold climates,small genome,moderate variation,https://upload.wikimedia.org/wikipedia/commons/9/96/Cicer_arietinum_HabitusFruitsFlowers_BotGardBln0906.jpg
Cicerbita,Asteraceae,Asterales,0,0,1,0,0.00210989,.,.,.,.,.,.,.,.,About 100% of species are perennial,About 0% of species are woody,About 0% of species are agricultural,radial or bilateral symmetry,mixed mating system,sexual reproduction,wind-pollinated,low extinction risk,cold climates,small genome,low variation,https://upload.wikimedia.org/wikipedia/commons/1/14/Mulgedium_alpinum_a1.jpg
Cichorium,Asteraceae,Asterales,0,0,0.714285714,0,0.00210989,.,1,1,1,.,.,.,.,About 71% of species are perennial,About 0% of species are woody,About 0% of species are agricultural,radial symmetry,selfing,obligate self-pollination,insect-pollinated,low extinction risk,temperate climates,small genome,low variation,https://upload.wikimedia.org/wikipedia/commons/a/a2/Cichorium_pumilum.jpg
Cicuta,Apiaceae,Apiales,0,0,0.833333333,0,0.003968254,.,1,0.5,1,.,.,.,.,About 83% of species are perennial,About 0% of species are woody,About 0% of species are agricultural,radial,selfing,self-pollinating,wind-pollinated,low extinction risk,temperate climates,small genome,low variation,https://upload.wikimedia.org/wikipedia/commons/1/10/Illustration_Cicuta_virosa0.jpg
Cinna,Poaceae,Poales,0,0,1,0,0.074314214,.,.,.,.,.,.,.,.,About 1% of species are perennial,About 0% of species are woody,About 7% of species are agricultural,Unknown floral symmetry,Unknown mating system,Unknown reproductive syndrome,Unknown pollination syndrome,Low extinction risk,Unknown climate,Unknown genome size,Unknown genome variation,No image found
Cinnamomum,Lauraceae,Laurales,0,0,1,1,4.00E-04,.,.,.,1,2.477272727,.,0.6,.,About 100% of species are perennial,About 100% of species are woody,About 0% of species are herbaceous,radial,selfing,dioecious,wind-pollinated,moderate risk,cold climates,small genome,moderate variation,https://upload.wikimedia.org/wikipedia/commons/6/68/Cinnamomum_verum_10zz.jpg
Circaea,Onagraceae,Myrtales,20,0.5,1,0,0.001538462,.,1,0.333333333,1,.,.,.,.,About 100% of species are perennial,About 0% of species are woody,About 0% of species are agroeconomic,radial symmetry,selfing,typical angiosperm reproduction,insect-pollinated,low extinction risk,temperate climates,medium genome,low variation,https://upload.wikimedia.org/wikipedia/commons/f/f7/Circaea_lutetiana01.jpg
Cirsium,Asteraceae,Asterales,0.245630609,0.178082192,0.57615894,0,0.00210989,.,1,0.666666667,1,.,.,1.463684211,31.65784155,About 58% of species are perennial,About 0% of species are woody,About 0% of species are cultivated,radial,mixed mating,typically animal-dispersed,insect-pollinated,low extinction risk,temperate climates,small genome,high variation,https://upload.wikimedia.org/wikipedia/commons/6/62/Cirsium_heterophyllum_5_RF.jpg
Cistanche,Orobanchaceae,Lamiales,0,0,1,0,0,1,.,.,.,.,.,9.435,0,About 100% of species are perennial,About 0% of species are woody,About 0% of species are agricultural,radial,selfing,dioecious,insect-pollinated,low extinction risk,temperate climates,large genome,low variation,https://upload.wikimedia.org/wikipedia/commons/8/8c/Broomrape_%28Cistanche_tubulosa%29_Negev.jpg
Cistus,Cistaceae,Malvales,15.78947368,1.421052632,1,1,0.011428571,.,.,.,1,.,.,2.327058824,17.25777595,About 100% of species are perennial,About 100% of species are woody,About 1% of species are agricultural,radial symmetry,selfing,herbaceous,insect-pollinated,low extinction risk,temperate climates,medium genome,high variation,https://upload.wikimedia.org/wikipedia/commons/d/da/Cistus_May_2014-7.jpg
Citrullus,Cucurbitaceae,Cucurbitales,4.761904762,0.142857143,0.285714286,0,0.024852071,0,.,.,.,.,.,0.45,.,About 29% of species are perennial,About 0% of species are woody,About 2% of species are agricultural,radial symmetry,mixed mating system,typically reproduces sexually,insect-pollinated,low extinction risk,temperate climates,small genome,low variation,https://upload.wikimedia.org/wikipedia/commons/4/4c/Vampire_watermelon.jpg
Citrus,Rutaceae,Sapindales,0,0,1,1,0.001652893,.,.,.,1,4,.,0.454137931,14.961553,About 100% of species are perennial,About 100% of species are woody,About 0% of species are agromyzid flies,radial,self-compatible,outcrossing,wind-pollinated,high risk,cold climates,small genome,moderate variation,https://upload.wikimedia.org/wikipedia/commons/b/b0/OrangeBloss_wb.jpg
Cladanthus,Asteraceae,Asterales,0,0,0,0,0.00210989,.,.,.,.,.,.,3.8,.,About 0% of species are perennial,About 0% of species are woody,About 0% of species are agamic,radial symmetry,mixed mating system,seed reproduction,insect-pollinated,low extinction risk,temperate climates,medium genome,moderate variation,https://upload.wikimedia.org/wikipedia/commons/3/33/Cladanthus_arabicus_%28Compositae%29_plant.JPG
Cladium,Cyperaceae,Poales,0,0,1,0,0.00045977,.,1,0,0,.,.,.,.,About 100% of species are perennial,About 0% of species are woody,About 0% of species are agricultural,radial,selfing,sexual reproduction,wind-pollinated,low extinction risk,cold climates,small genome,low variation,https://upload.wikimedia.org/wikipedia/commons/3/37/Cladium_mariscus.jpeg
Clarkia,Onagraceae,Myrtales,0.769230769,0.15,0,0,0.001538462,.,.,.,.,.,0.655666667,1.849166667,40.32936589,About 0% of species are perennial,About 0% of species are woody,About 0% of species are agricultural,radial,selfing,sexual reproduction,insect-pollinated,low extinction risk,temperate climates,small genome,high variation,https://upload.wikimedia.org/wikipedia/commons/b/b1/Clarkia_amoena.jpg
Claytonia,Montiaceae,Caryophyllales,1.13960114,0.148148148,0.553571429,0,0,.,1,1,1,.,.,2.815,31.9014427,About 55% of species are perennial,About 0% of species are woody,About 0% of species are agricultural,radial symmetry,selfing,normal reproduction,wind-pollinated,low extinction risk,temperate climates,medium genome,high variation,https://upload.wikimedia.org/wikipedia/commons/3/39/Claytonia_virginica_2_Radnor_Lake.jpg
Cleistogenes,Poaceae,Poales,0,0,1,0,0.074314214,.,.,.,.,.,.,.,.,About 1% of species are perennial,About 0% of species are woody,About 7% of species are agriculturally significant,bilateral symmetry,mixed mating system,obligate xenogamy,wind-pollinated,low extinction risk,temperate climates,medium genome,moderate variation,https://upload.wikimedia.org/wikipedia/commons/9/92/Cleistogenes_serotina_-_Berlin_Botanical_Garden_-_IMG_8585.JPG
Clematis,Ranunculaceae,Ranunculales,0,0,1,0.814814815,0,0,1,0.666666667,0.8,.,.,10.66818182,22.49928382,About 100% of species are perennial,About 81% of species are woody,About 0% of species are agricultural,radial,selfing,vegetative reproduction,insect-pollinated,low extinction risk,warm climates,large genome,high variation,https://upload.wikimedia.org/wikipedia/commons/7/70/Clematis_%27Nelly_Moser%27.JPG
Cleome,Cleomaceae,Brassicales,0,0,0,0,0.006666667,0.875,.,.,1,0,.,0.31,.,About 0% of species are perennial,About 0% of species are woody,About 1% of species are agricultural,radial,mixed mating,typical seed reproduction,wind-pollinated,low extinction risk,cold climates,small genome,low variation,https://upload.wikimedia.org/wikipedia/commons/9/99/Cleome_%28Spider_Flower%29_in_Gavi.jpg
Cleomella,Cleomaceae,Brassicales,0,0,0,0,0.006666667,.,.,.,.,.,.,.,.,About 0% of species are perennial,About 0% of species are woody,About 1% of species are agricultural,radial symmetry,mixed mating system,vegetative reproduction,wind-pollinated,low extinction risk,temperate climates,small genome,low variation,https://upload.wikimedia.org/wikipedia/commons/8/85/Cleomellaplocasperma.jpg
Clermontia,Campanulaceae,Asterales,2.164502165,0.227272727,1,1,0,.,.,.,.,2.923076923,.,.,.,About 100% of species are perennial,About 100% of species are woody,About 0% of species are agamic,radial symmetry,self-incompatible,entomophilous pollination with nectar reward,insect-pollinated,moderate risk,temperate climates,medium genome,moderate variation,https://upload.wikimedia.org/wikipedia/commons/7/7e/Lobelia_niihauensis_%285762180787%29.jpg
Clinopodium,Lamiaceae,Lamiales,0,0,0.8,0,0.004320557,1,1,0.6,1,0.25,.,0.44,.,About 80% of species are perennial,About 0% of species are woody,About 0% of species are agricultural,radial,selfing,autogamous,insect-pollinated,low extinction risk,cold climates,small genome,low variation,https://upload.wikimedia.org/wikipedia/commons/0/0c/Clinopodium_vulgare01.jpg
Clintonia,Liliaceae,Liliales,0,0,1,0,0,.,.,.,.,.,.,18.85,.,About 100% of species are perennial,About 0% of species are woody,About 0% of species are agricultural,radial symmetry,mixed mating system,sexual reproduction,insect-pollinated,low extinction risk,temperate climates,large genome,moderate variation,https://upload.wikimedia.org/wikipedia/commons/d/da/NLW_DeerLake2_tango7174.jpg
Clypeola,Brassicaceae,Brassicales,0,0,0,0,0.00485306,.,.,.,1,.,.,.,.,0% of species are perennial,0% of species are woody,About 0% of species are agricultural,radial,mixed mating system,likely self-pollinating,wind-pollinated,low extinction risk,cold climates,small genome,low variation,No image found
Cnidium,Apiaceae,Apiales,0,0,0.75,0,0.003968254,.,1,1,1,.,.,.,.,About 75% of species are perennial,About 0% of species are woody,About 0% of species are agricultural,radial,selfing,vertebrate pollination,wind-pollinated,low extinction risk,temperate climates,small genome,low variation,https://upload.wikimedia.org/wikipedia/commons/7/76/Cnidium_silaifolium0.jpg
Cochlearia,Brassicaceae,Brassicales,1.960784314,0.166666667,0.388888889,0,0.00485306,.,1,0.8,1,.,.,0.642222222,34.37332475,About 39% of species are perennial,About 0% of species are woody,About 0% of species are agricultural,radial,selfing,generalist,wind-pollinated,low extinction risk,cold climates,small genome,high variation,https://upload.wikimedia.org/wikipedia/commons/a/a9/Cochlearia_excelsa.jpg
Coincya,Brassicaceae,Brassicales,0,0,0.25,0,0.00485306,.,1,1,1,.,.,.,.,About 25% of species are perennial,About 0% of species are woody,About 0% of species are agricultural,radial symmetry,selfing,asexual reproduction,wind-pollinated,low extinction risk,temperate climates,small genome,low variation,https://upload.wikimedia.org/wikipedia/commons/f/fc/IsleofMancabbage.jpg
Colchicum,Colchicaceae,Liliales,0.790513834,0.086956522,1,0,0,.,1,0.5,1,.,.,4.713636364,53.69759852,About 100% of species are perennial,About 0% of species are woody,About 0% of species are agricultural,radial symmetry,selfing,seed reproductive syndrome,insect-pollinated,low extinction risk,temperate climates,medium genome,high variation,https://upload.wikimedia.org/wikipedia/commons/1/1f/Colchicum_speciosum000.jpg
Coleostephus,Asteraceae,Asterales,0,0,0,0,0.00210989,.,.,.,1,.,.,.,.,About 0% of species are perennial,About 0% of species are woody,About 0% of species are annual,radial,mixed mating system,obligate xenogamy,wind-pollinated,low extinction risk,cold climates,small genome,low variation,https://upload.wikimedia.org/wikipedia/commons/f/f1/Coleostephus_February_2008-2.jpg
Collinsia,Plantaginaceae,Lamiales,1.754385965,0.157894737,0,0,0.005925926,.,.,.,.,.,0.592666667,3.2,31.96066919,About 0% of species are perennial,About 0% of species are woody,About 1% of species are agricultural,radial symmetry,selfing,self-pollinated,insect-pollinated,low extinction risk,temperate climates,medium genome,high variation,https://upload.wikimedia.org/wikipedia/commons/f/f3/ChineseHouses.jpg
Collomia,Polemoniaceae,Ericales,0,0,0.214285714,0,0,.,1,1,1,.,.,2.08,.,About 21% of species are perennial,About 0% of species are woody,About 0% of species are agricultural,radial,selfing,obligate self-pollination,wind-pollinated,low extinction risk,temperate climates,medium genome,moderate variation,https://upload.wikimedia.org/wikipedia/commons/7/70/Collomia_linearis_%281%29.jpg
Colobanthus,Caryophyllaceae,Caryophyllales,0,0,1,0,0.001818182,.,.,.,.,.,.,0.7,.,About 100% of species are perennial,About 0% of species are woody,About 0% of species are agricultural,radial,selfing,hermaphroditic,insect-pollinated,low extinction risk,cold climates,small genome,low variation,https://upload.wikimedia.org/wikipedia/commons/3/3d/ColobanthusQuitensisIllustration.jpg
Colubrina,Rhamnaceae,Rosales,0,0,1,1,0.004444444,.,.,.,1,3,.,0.93,.,About 100% of species are perennial,About 100% of species are woody,About 0% of species are agriculturally important,radial,mixed mating system,inconspicuous flowers,wind-pollinated,moderate risk,temperate climates,small genome,moderate variation,https://upload.wikimedia.org/wikipedia/commons/2/20/Starr_061222-2598_Colubrina_asiatica.jpg
Colutea,Fabaceae,Fabales,0,0,1,1,0.096494845,.,1,1,1,.,.,0.65,.,About 100% of species are perennial,About 100% of species are woody,About 10% of species are agricultural,radial,selfing,seed reproduction,insect-pollinated,low extinction risk,cold climates,small genome,low variation,https://upload.wikimedia.org/wikipedia/commons/2/28/Colutea_orientalis_-_Feuillage.jpg
Comesperma,Polygalaceae,Fabales,0,0,1,0.428571429,0.001913876,.,.,.,.,.,.,.,.,About 100% of species are perennial,About 43% of species are woody,About 0% of species are agricultural,radial symmetry,mixed mating system,typical floral syndrome,insect-pollinated,low extinction risk,temperate climates,medium genome,moderate variation,https://upload.wikimedia.org/wikipedia/commons/c/cc/Comesperma_ericinum.JPG
Commelina,Commelinaceae,Commelinales,0,0,0.4375,0,0,1,.,.,1,.,.,7.00125,33.06139589,About 44% of species are perennial,About 0% of species are woody,About 0% of species are agricultural,radial,Mixed mating system,Mixed reproductive syndrome,Insect-pollinated,Low extinction risk,Temperate climates,Medium genome,High variation,https://upload.wikimedia.org/wikipedia/commons/9/97/Commelina_communis_bgiu_02.jpg
Commersonia,Malvaceae,Malvales,0,0,1,1,0.006153846,.,.,.,.,.,.,.,.,About 100% of species are perennial,About 100% of species are woody,About 1% of species are agricultural,radial symmetry,selfing,generalist reproduction,wind-pollinated,low extinction risk,cold climates,small genome,high variation,https://upload.wikimedia.org/wikipedia/commons/b/ba/Commersonia_bartramia_%281%29.jpg
Conopodium,Apiaceae,Apiales,0,0,.,0,0.003968254,.,1,1,1,.,.,.,.,About 95% of species are perennial,About 0% of species are woody,About 0% of species are agricultural,radial,selfing,dioecious,wind-pollinated,low extinction risk,cold climates,small genome,low variation,https://upload.wikimedia.org/wikipedia/commons/2/2d/Conopodium_majus_03.jpg
Conospermum,Proteaceae,Proteales,0,0,1,1,0.000625,.,.,.,.,.,.,.,.,About 1% of species are perennial,About 1% of species are woody,About 0% of species are agriculturally important,radial symmetry,mixed mating system,unknown reproductive syndrome,insect-pollinated,low extinction risk,cold climates,small genome,low variation,https://upload.wikimedia.org/wikipedia/commons/5/5f/Smoke_Bush_Towlers_Track2.jpg
Conringia,Brassicaceae,Brassicales,0,0,0,0,0.00485306,.,1,1,1,.,.,0.23,.,About 0% of species are perennial,About 0% of species are woody,About 0% of species are annual or biennial,radial,selfing,obligate selfing,wind-pollinated,low extinction risk,cold climates,small genome,low variation,https://upload.wikimedia.org/wikipedia/commons/6/60/Conringia_orientalis_eF.jpg
Consolida,Ranunculaceae,Ranunculales,0,0,0,0,0,.,1,1,1,4,.,5.665,50.70520024,About 0% of species are perennial,About 0% of species are woody,About 0% of species are agricultural,radial,selfing,herbaceous,wind-pollinated,high risk,temperate climates,medium genome,high variation,https://upload.wikimedia.org/wikipedia/commons/6/6c/Consolida_ajacis_sl3.jpg
Convolvulus,Convolvulaceae,Solanales,0,0,0.859375,0.058823529,0.044375,0,1,0.5,1,1,.,1.202,26.91575983,About 86% of species are perennial,About 6% of species are woody,About 4% of species are agricultural,radial,mixed mating system,dioecious with some capacity for autogamy,insect-pollinated,moderate risk,temperate climates,small genome,high variation,https://upload.wikimedia.org/wikipedia/commons/c/cb/Convolvulus_arvensis_bg.jpg
Conyza,Asteraceae,Asterales,1.086956522,0.125,0.045454545,0,0.00210989,0,.,.,1,.,.,.,.,About 5% of species are perennial,About 0% of species are woody,About 0% of species are agricultural,radial,mixed mating system,unknown reproductive syndrome,wind-pollinated,low extinction risk,temperate climates,medium genome,low variation,https://upload.wikimedia.org/wikipedia/commons/8/85/Conyza_podocephala_1DS-II_4-2778.jpg
Coprosma,Rubiaceae,Gentianales,3.03030303,0.318181818,1,0.818181818,6.00E-04,.,.,.,.,1,.,1.33,5.31659234,About 100% of species are perennial,About 82% of species are woody,About 0% of species are agricultural,radial,selfing,vertebrate-pollinated,insect-pollinated,moderate risk,temperate climates,small genome,moderate variation,https://upload.wikimedia.org/wikipedia/commons/c/c8/Coprosma_rhamnoides_11.JPG
Corallorhiza,Orchidaceae,Asparagales,0,0,1,0,0,.,.,.,1,.,.,.,.,About 1% of species are perennial,About 0% of species are woody,About 0% of species are agricultural,radial symmetry,obligate selfing,self-pollination,insect-pollinated,low extinction risk,cold climates,small genome,low variation,https://upload.wikimedia.org/wikipedia/commons/a/a4/Corallorrhiza_trifida_02_mg-k.jpg
Cordylanthus,Orobanchaceae,Lamiales,0,0,0,0,0,.,.,.,.,.,.,.,.,About 0% of species are perennial,About 0% of species are woody,About 0% of species are annual,radial,selfing,seed reproduction,wind-pollinated,low extinction risk,cold climates,small genome,low variation,https://upload.wikimedia.org/wikipedia/commons/9/9e/Cordylanthus_parviflorus_6.jpg
Coreopsis,Asteraceae,Asterales,0,0,0.552631579,0.035714286,0.00210989,.,.,.,.,.,.,2.025,33.17291072,About 55% of species are perennial,About 4% of species are woody,About 0% of species are cultivated,Flowers exhibit radial symmetry,Mating system is primarily self-incompatible,Reproduction is achieved through apomixis,Pollination is facilitated by flies,low extinction risk,temperate climates,medium genome,high variation,https://upload.wikimedia.org/wikipedia/commons/1/1e/Coreopsisgigantea.jpg
Coris,Primulaceae,Ericales,0,0,0.5,0,0,.,.,.,1,.,.,.,.,About 50% of species are perennial,About 0% of species are woody,About 0% of species are agricultural,radial symmetry,selfing,sexual reproduction,insect-pollinated,moderate risk,temperate climates,medium genome,moderate variation,No image found
Corispermum,Amaranthaceae,Caryophyllales,0,0,0,0,0.041463415,.,1,1,1,.,.,.,.,About 0% of species are perennial,About 0% of species are woody,About 4% of species are agroforestry,radial or bilateral,selfing,wind-pollinated,wind-pollinated,low extinction risk,temperate climates,small genome,moderate variation,https://upload.wikimedia.org/wikipedia/commons/6/6f/Illustration_Corispermum_intermedium0_clean.JPG
Cornus,Cornaceae,Cornales,1.322751323,0.178571429,0.964285714,0.75,0,.,1,0.6,1,2,.,1.83,74.29835431,About 96% of species are perennial,About 75% of species are woody,About 0% of species are agamospermous,radial symmetry,selfing,"high nectar reward, conspicuous petals",insect-pollinated,moderate risk,temperate climates,small genome,high variation,https://upload.wikimedia.org/wikipedia/commons/4/49/Bgbo_cornus_kousa_var_chinensis_ies.jpg
Coronilla,Fabaceae,Fabales,0,0,0.583333333,0.333333333,0.096494845,.,1,1,1,.,.,.,.,About 58% of species are perennial,About 33% of species are woody,About 10% of species are agricultural,radial,selfing,vegetative reproduction,wind-pollinated,low extinction risk,temperate climates,medium genome,low variation,https://upload.wikimedia.org/wikipedia/commons/9/95/Coronilla_minima8.jpg
Coronopus,Brassicaceae,Brassicales,0,0,0.136363636,0,0.00485306,.,.,.,.,.,.,.,.,About 14% of species are perennial,About 0% of species are woody,About 0% of species are agricultural,radial,mixed mating system,self-pollination,wind-pollinated,low extinction risk,temperate climates,medium genome,moderate variation,https://upload.wikimedia.org/wikipedia/commons/0/04/Kleine_varkenskers_stukje_plant_Coronopus_didymus.jpg
Correa,Rutaceae,Sapindales,33.33333333,0.833333333,1,1,0.001652893,.,.,.,.,.,.,1.33,.,About 100% of species are perennial,About 100% of species are woody,About 0% of species are agriculturally significant,Radial symmetry is common,Mixed mating systems are likely,Obligate cross-pollination is probable,Pollination by abiotic means is possible,Low extinction risk,Temperate climates are typical,Small genome size,Moderate variation in genome size,No image found
Corrigiola,Molluginaceae,Caryophyllales,0,0,0.5,0,0.022988506,.,1,1,1,.,.,0.49,.,About 50% of species are perennial,About 0% of species are woody,About 2% of species are agricultural,radial symmetry,selfing,vegetative reproduction,wind-pollinated,low extinction risk,cold climates,small genome,low variation,https://upload.wikimedia.org/wikipedia/commons/e/ef/CorrigiolaLitoralis1.jpg
Cortaderia,Poaceae,Poales,0,0,1,0,0.074314214,.,.,.,0,.,.,3.885,14.09621067,About 1% of species are perennial,About 0% of species are woody,About 7% of species are agriculturally important,radial symmetry,mixed mating system,insect pollination,insect-pollinated,moderate risk,temperate climates,medium genome,moderate variation,https://upload.wikimedia.org/wikipedia/commons/e/e6/Cortaderia_selloana0.jpg
Corybas,Orchidaceae,Asparagales,0,0,1,0,0,.,.,.,.,.,.,.,.,About 1% of species are perennial,About 0% of species are woody,About 0% of species are agricultural,radial symmetry,mixed mating system,sexual reproduction,insect-pollinated,low extinction risk,cold climates,small genome,low variation,No image found
Corydalis,Papaveraceae,Ranunculales,0,0,0.573029198,0,0,.,1,1,1,.,.,0.7175,22.68468409,About 57% of species are perennial,About 0% of species are woody,About 0% of species are agricultural,radial,selfing,self-pollination,wind-pollinated,low extinction risk,cold climates,small genome,high variation,https://upload.wikimedia.org/wikipedia/commons/b/b5/Corydalis_solida_-_Bois_d%27Havr%C3%A9_%281%29.jpg
Corylus,Betulaceae,Fagales,2.222222222,0.1,1,1,0.054545455,.,1,1,0,1.5,.,0.45,0,About 100% of species are perennial,About 100% of species are woody,About 5% of species are agricultural,radial symmetry,selfing,annual reproduction,wind-pollinated,moderate risk,cold climates,small genome,low variation,https://upload.wikimedia.org/wikipedia/commons/b/b0/Corylus_avellana_0001.JPG
Corynephorus,Poaceae,Poales,0,0,0.25,0,0.074314214,.,1,1,0,.,.,1.13,.,About 25% of species are perennial,About 0% of species are woody,About 7% of species are agricultural,radial symmetry,selfing,obligate self-pollination,wind-pollinated,low extinction risk,cold climates,small genome,low variation,https://upload.wikimedia.org/wikipedia/commons/a/af/Silbergras2.jpg
Coryphantha,Cactaceae,Caryophyllales,0,0,1,0.666666667,0,.,.,.,.,2.8,.,.,.,About 100% of species are perennial,About 67% of species are woody,About 0% of species are agricultural,radial symmetry,mixed mating system,obligate xenogamy,insect-pollinated,moderate risk,temperate climates,medium genome,moderate variation,https://upload.wikimedia.org/wikipedia/commons/6/6c/Nightblooming_cactus.jpg
Cosmos,Asteraceae,Asterales,0,0,0,0,0.00210989,0,1,1,1,.,.,3.963333333,76.01711185,About 0% of species are perennial,About 0% of species are woody,About 0% of species are agricultural,radial,selfing,asexual,wind-pollinated,low extinction risk,temperate climates,medium genome,high variation,https://upload.wikimedia.org/wikipedia/commons/1/15/The_Nights_Long_Moments_%28152181573%29.jpeg
Cotoneaster,Rosaceae,Rosales,0.150557061,0.06097561,1,1,0.001060071,.,0.5,0.6875,1,0.333333333,.,1.211666667,21.71311737,About 100% of species are perennial,About 100% of species are woody,About 0% of species are agricultural,radial symmetry,mixed mating system,reproduces by seeds,wind-pollinated,low extinction risk,cold climates,small genome,high variation,https://upload.wikimedia.org/wikipedia/commons/8/8d/Cotoneaster_frigidus.jpg
Cotula,Asteraceae,Asterales,0,0,0.423076923,0,0.00210989,.,1,1,1,2,.,2.03,.,About 42% of species are perennial,About 0% of species are woody,About 0% of species are agricultural,radial symmetry,selfing,obligate self-pollination,insect-pollinated,moderate risk,temperate climates,medium genome,moderate variation,https://upload.wikimedia.org/wikipedia/commons/d/d2/BrassButtonsHand.jpg
Crambe,Brassicaceae,Brassicales,0,0,0.9,0,0.00485306,.,1,1,1,.,.,1.825,84.38338374,About 90% of species are perennial,About 0% of species are woody,About 0% of species are agricultural,radial symmetry,mixed mating system,obligate self-pollination,wind-pollinated,low extinction risk,cold climates,small genome,high variation,https://upload.wikimedia.org/wikipedia/commons/a/ab/Crambe_Maritima_Estonia.jpg
Craspedia,Asteraceae,Asterales,4.545454545,0.25,0.5,0,0.00210989,.,.,.,.,.,.,.,.,About 50% of species are perennial,About 0% of species are woody,About 0% of species are agricultural,radial symmetry,mixed mating system,sexual reproduction,insect-pollinated,low extinction risk,temperate climates,medium genome,moderate variation,No image found
Crassula,Crassulaceae,Saxifragales,0,0,0.296296296,0.111111111,0,0,1,0.333333333,0.666666667,0,.,.,.,About 30% of species are perennial,About 11% of species are woody,About 0% of species are agricultural,radial,selfing,seed dispersal,insect-pollinated,low extinction risk,temperate climates,small genome,moderate variation,https://upload.wikimedia.org/wikipedia/commons/6/6b/Crassula_capitella_2.jpg
Crataegus,Rosaceae,Rosales,0.737704918,0.221311475,1,1,0.001060071,.,1,1,1,2,.,1.198,24.88391901,About 100% of species are perennial,About 100% of species are woody,About 0% of species are cultivated,radial symmetry,selfing,seed reproduction,wind-pollinated,moderate risk,cold climates,small genome,high variation,https://upload.wikimedia.org/wikipedia/commons/2/21/Crataegus%2C_various_species%2C_fruit.jpg
Crepidomanes,Hymenophyllaceae,Monilophyta,0,0,1,0,0,.,.,.,.,.,.,.,.,About 1% of species are perennial,About 0% of species are woody,About 0% of species are agricultural,radial symmetry,selfing,sexual reproduction,wind-pollinated,low extinction risk,cold climates,small genome,low variation,https://upload.wikimedia.org/wikipedia/commons/8/81/Crepidomanes_minutum_utiwagoke01.jpg
Crepis,Asteraceae,Asterales,0.101405186,0.059322034,0.612279226,0,0.00210989,0,1,0.861111111,0.977272727,.,0.911,4.19043956,53.11960139,About 61% of species are perennial,About 0% of species are woody,About 0% of species are agricultural,radial,selfing,likely insect-mediated reproduction,insect-pollinated,low extinction risk,warm climates,medium genome,high variation,https://upload.wikimedia.org/wikipedia/commons/7/71/Crepis_jacquini_a1.jpg
Critesion,Poaceae,Poales,0,0,0.25,0,0.074314214,.,.,.,.,.,.,.,.,About 25% of species are perennial,About 0% of species are woody,About 7% of species are agricultural,radial symmetry,mixed mating system,obligate outcrossing,wind-pollinated,low extinction risk,temperate climates,medium genome,low variation,https://upload.wikimedia.org/wikipedia/commons/d/d1/Hordelymus_europaeus.JPG
Crocosmia,Iridaceae,Asparagales,0,0,1,0,0,.,.,.,1,.,.,1.04,11.16689389,About 100% of species are perennial,About 0% of species are woody,About 0% of species are agricultural,radial,selfing,requires cross-pollination,insect-pollinated,low extinction risk,cold climates,small genome,moderate variation,https://upload.wikimedia.org/wikipedia/commons/a/ab/Iridaceae_-_Crocosmia_aurea-1.JPG
Crocus,Iridaceae,Asparagales,0.269360269,0.072727273,1,0,0,.,1,0.75,1,.,.,5.660909091,52.33293524,About 100% of species are perennial,About 0% of species are woody,About 0% of species are agricultural,radial symmetry,selfing,dioecious,insect-pollinated,moderate risk,temperate climates,medium genome,high variation,https://upload.wikimedia.org/wikipedia/commons/2/2c/860808-Saffronfarm-01-IMG_7707-2.jpg
Crossosoma,Crossosomataceae,Crossosomatales,0,0,1,1,0,.,.,.,.,.,.,.,.,About 1% of species are perennial,About 1% of species are woody,About 0% of species are agriculturally important,radial symmetry,mixed mating system,standard reproductive syndrome,insect-pollinated,low extinction risk,temperate climates,small genome,low variation,https://upload.wikimedia.org/wikipedia/commons/0/07/Crossosoma_californicum.jpg
Crotalaria,Fabaceae,Fabales,0,0,0.545454545,0.181818182,0.096494845,1,.,.,1,1.583333333,.,1.16,16.26738833,About 55% of species are perennial,About 18% of species are woody,About 10% of species are agamic,radial,mixed mating system,sexual reproduction,insect-pollinated,moderate risk,temperate climates,small genome,high variation,https://upload.wikimedia.org/wikipedia/commons/0/0c/2013.10.31.150923_Rattlepod_%28Crotalaria_retusa%29_Chain_of_Craters_Road_Hawaii_Volcanoes_National_Park_Hawaii.jpg
Croton,Euphorbiaceae,Malpighiales,0,0,0.333333333,0.133333333,0.01239531,0,.,.,1,2.066666667,.,.,.,About 33% of species are perennial,About 13% of species are woody,About 1% of species are agricultural,radial,unknown mating system,unknown reproductive syndrome,insect-pollinated,moderate risk,temperate climates,medium genome,moderate variation,No image found
Crucianella,Rubiaceae,Gentianales,0,0,0.125,0.125,6.00E-04,.,.,.,1,.,.,.,.,About 13% of species are perennial,About 13% of species are woody,About 0% of species are agricultural,radial symmetry,mixed mating system,typically relies on external agents for reproduction,insect-pollinated,low extinction risk,temperate climates,medium genome,moderate variation,https://upload.wikimedia.org/wikipedia/commons/e/e8/Crucianella_macrostachya_1.JPG
Cruciata,Rubiaceae,Gentianales,0,0,0.8,0,6.00E-04,.,1,0.666666667,1,.,.,0.71,0,About 80% of species are perennial,About 0% of species are woody,About 0.06% of species are agricultural,radial,selfing,moderate reproductive output,wind-pollinated,low extinction risk,temperate climates,small genome,low variation,https://upload.wikimedia.org/wikipedia/commons/6/6c/Cruciata_glabra3.jpg
Crupina,Asteraceae,Asterales,0,0,0,0,0.00210989,.,.,.,1,.,.,.,.,About 0% of species are perennial,About 0% of species are woody,About 0% of species are agricultural,radial,selfing,autogamous,insect-pollinated,low extinction risk,cold climates,small genome,low variation,https://upload.wikimedia.org/wikipedia/commons/a/a5/Crupina_crupinastrum.jpg
Crypsis,Poaceae,Poales,0,0,0,0,0.074314214,.,.,.,.,.,.,.,.,About 0% of species are perennial,About 0% of species are woody,About 7% of species are agricultural,radial,mixed mating system,self-pollinating,wind-pollinated,low extinction risk,temperate climates,small genome,moderate variation,https://upload.wikimedia.org/wikipedia/commons/5/59/Mossy_leaf-tailed_gecko_%28Uroplatus_sikorae%29_Montagne_d%E2%80%99Ambre_2.jpg
Cryptandra,Rhamnaceae,Rosales,0,0,1,0.75,0.004444444,.,.,.,.,.,.,.,.,About 100% of species are perennial,About 75% of species are woody,About 0% of species are agricultural,radial symmetry,selfing,obligate apomixis,insect-pollinated,low extinction risk,temperate climates,medium genome,moderate variation,https://upload.wikimedia.org/wikipedia/commons/d/d5/Cryptandra_amara_2.jpg
Cryptantha,Boraginaceae,Boraginales,0.012498438,0.007874016,0.383064516,0.003937008,0.001824818,.,.,.,.,.,.,.,.,About 38% of species are perennial,About 0% of species are woody,About 0% of species are agricultural,radial symmetry,mixed mating system,obligate cross-pollination,insect-pollinated,low extinction risk,temperate climates,medium genome,moderate variation,https://upload.wikimedia.org/wikipedia/commons/2/2c/Cryptanthamuricata.jpg
Cryptogramma,Pteridaceae,Monilophyta,0,0,1,0,0,.,1,1,.,.,.,.,.,About 100% of species are perennial,About 0% of species are woody,About 0% of species are herbaceous,radial symmetry,selfing,autotrophic,insect-pollinated,low extinction risk,temperate climates,small genome,low variation,https://upload.wikimedia.org/wikipedia/commons/e/eb/Illustration_Cryptogramma_crispa0.jpg
Cryptostylis,Orchidaceae,Asparagales,0,0,1,0,0,.,.,.,.,.,.,.,.,About 1% of species are perennial,About 0% of species are woody,About 0% of species are agricultural,radial symmetry,selfing,seed-dispersed,wind-pollinated,low extinction risk,cold climates,small genome,low variation,https://upload.wikimedia.org/wikipedia/commons/f/f6/Orchid_Wallaroo_track.JPG
Ctenitis,Dryopteridaceae,Monilophyta,0,0,1,0,0,.,.,.,.,4,.,.,.,About 1% of species are perennial,About 0% of species are woody,About 0% of species are aggregated,radial,selfing,obligate self-pollination,wind-pollinated,high risk,temperate climates,medium genome,high variation,https://upload.wikimedia.org/wikipedia/commons/9/92/Ctenitis_latifrons_%284755944761%29.jpg
Ctenopsis,Poaceae,Poales,0,0,0,0,0.074314214,.,.,.,.,.,.,.,.,About 0% of species are perennial,About 0% of species are woody,About 7% of species are agricultural,radial symmetry,mixed mating system,sexual reproduction,insect-pollinated,low extinction risk,cold climates,small genome,low variation,https://upload.wikimedia.org/wikipedia/commons/8/8a/Lolium-pratense1web.jpg
Cucumis,Cucurbitaceae,Cucurbitales,0,0,0,0,0.024852071,0,.,.,.,.,.,0.965333333,25.33907028,About 0% of species are perennial,About 0% of species are woody,About 2% of species are annual,radial,selfing,obligate self-pollination,wind-pollinated,low extinction risk,cold climates,small genome,high variation,https://upload.wikimedia.org/wikipedia/commons/2/28/Cantaloupes.jpg
Cucurbita,Cucurbitaceae,Cucurbitales,0,0,0.333333333,0,0.024852071,.,.,.,.,2,0.498,0.524782609,37.23273074,About 33% of species are perennial,About 0% of species are woody,About 2% of species are cultivated,radial symmetry,mixed mating system,pollinated by insects,insect-pollinated,moderate risk,temperate climates,small genome,high variation,https://upload.wikimedia.org/wikipedia/commons/e/ea/Squashes_at_Kew_Gardens_IncrEdibles_2013.jpg
Cullen,Fabaceae,Fabales,0,0,0.9375,0.125,0.096494845,.,.,.,.,.,.,.,.,About 94% of species are perennial,About 13% of species are woody,About 10% of species are agricultural,radial symmetry,mixed mating system,standard reproductive syndrome,insect-pollinated,low extinction risk,temperate climates,medium genome,moderate variation,No image found
Cuphea,Lythraceae,Myrtales,0,0,0.5,0.2,0,0,.,.,1,.,0.684,.,.,About 50% of species are perennial,About 20% of species are woody,About 0% of species are agricultural,radial,selfing,self-pollinating,insect-pollinated,low extinction risk,temperate climates,medium genome,low variation,https://upload.wikimedia.org/wikipedia/commons/0/05/Cuphea_nudicostata_2.jpg
Cupressus,Cupressaceae,Pinophyta,0,0,1,1,0.007142857,.,.,.,0.5,1.3125,.,11.75333333,6.752938703,About 100% of species are perennial,About 100% of species are woody,About 1% of species are agricultural,radial symmetry,mixed mating system,typically self-pollinating with occasional cross-pollination,insect-pollinated,moderate risk,temperate climates,large genome,moderate variation,https://upload.wikimedia.org/wikipedia/commons/9/9c/Cypress_Halefka.JPG
Cuscuta,Convolvulaceae,Solanales,0,0,0.256756757,0,0.044375,0,1,1,1,3,.,6.981666667,128.0326503,About 26% of species are perennial,About 0% of species are woody,About 4% of species are agroforestry,radial,selfing,dioecious,wind-pollinated,moderate risk,temperate climates,medium genome,high variation,https://upload.wikimedia.org/wikipedia/commons/3/33/Cuscuta_europaea_bgiu.jpg
Cusickiella,Brassicaceae,Brassicales,0,0,1,0,0.00485306,.,.,.,.,.,.,.,.,About 1% of species are perennial,About 0% of species are woody,About 0% of species are cultivated,radial symmetry,mixed mating system,dioecious reproduction,wind-pollinated,low extinction risk,cold climates,small genome,low variation,https://upload.wikimedia.org/wikipedia/commons/6/6a/Cusickiella_douglasii.jpg
Cutandia,Poaceae,Poales,0,0,0,0,0.074314214,.,.,.,.,.,.,.,.,About 0% of species are perennial,About 0% of species are woody,About 7% of species are agricultural,radial,mixed mating system,obligate autogamy,wind-pollinated,low extinction risk,cold climates,small genome,low variation,https://upload.wikimedia.org/wikipedia/commons/9/97/Cutandia_memphitica_kz03.jpg
Cyanea,Campanulaceae,Asterales,0.226244344,0.057692308,1,1,0,.,.,.,.,3.941176471,.,.,.,About 1% of species are perennial,About 1% of species are woody,About 0% of species are agamospermous,Unknown floral symmetry,Unknown mating system,Unknown reproductive syndrome,Unknown pollination syndrome,high risk,Unknown average temperature,Unknown genome size,Unknown genome size variation,No image found
Cyathea,Cyatheaceae,Monilophyta,33.33333333,0.333333333,1,1,0,.,.,.,.,2.071428571,.,7.35,.,About 100% of species are perennial,About 100% of species are woody,About 0% of species are agricultural,radial,mixed mating system,obligate xenogamy,insect-pollinated,moderate risk,temperate climates,medium genome,moderate variation,https://upload.wikimedia.org/wikipedia/commons/1/1b/Cyathea.jpg
Cyclamen,Primulaceae,Ericales,0,0,1,0,0,.,1,1,1,.,.,4.982727273,75.66306623,About 100% of species are perennial,About 0% of species are woody,About 0% of species are agricultural,radial symmetry,mixed mating system,reproduces sexually,insect-pollinated,low extinction risk,temperate climates,medium genome,high variation,https://upload.wikimedia.org/wikipedia/commons/d/de/Wild_cyclamens.jpg
Cylindropuntia,Cactaceae,Caryophyllales,30,0.6,1,1,0,.,.,.,.,.,.,.,.,About 100% of species are perennial,About 100% of species are woody,About 0% of species are agroforestry species,radial,mixed mating system,generalist reproduction,insect-pollinated,low extinction risk,cold climates,small genome,low variation,https://upload.wikimedia.org/wikipedia/commons/d/d7/Cylindropuntia_kleiniae.jpg
Cymbalaria,Plantaginaceae,Lamiales,0,0,1,0,0.005925926,.,1,0.5,1,.,.,0.49,.,About 100% of species are perennial,About 0% of species are woody,About 1% of species are agricultural,radial symmetry,selfing,obligate self-pollination,insect-pollinated,low extinction risk,cold climates,small genome,low variation,https://upload.wikimedia.org/wikipedia/commons/4/4e/Cymbalaria_February_2008-1.jpg
Cymbonotus,Asteraceae,Asterales,0,0,.,0,0.00210989,.,.,.,.,.,.,.,.,About 100% of species are perennial,About 0% of species are woody,About 0% of species are agricultural,radial,mixed mating,seed reproduction,wind-pollinated,low extinction risk,cold climates,small genome,low variation,https://upload.wikimedia.org/wikipedia/commons/3/38/Bears_ear.jpg
Cymbopogon,Poaceae,Poales,0,0,1,0,0.074314214,.,.,.,0,.,.,.,.,About 1% of species are perennial,About 0% of species are woody,About 7% of species are agricultural,radial symmetry,mixed mating system,reproducing via seeds,wind-pollinated,low extinction risk,cold climates,small genome,low variation,https://upload.wikimedia.org/wikipedia/commons/b/bd/YosriNov04Pokok_Serai.JPG
Cymopterus,Apiaceae,Apiales,0,0,1,0,0.003968254,.,.,.,.,.,.,.,.,About 100% of species are perennial,About 0% of species are woody,About 0% of species are agricultural,radial symmetry,selfing,autotrophic reproduction,insect-pollinated,low extinction risk,cold climates,small genome,low variation,https://upload.wikimedia.org/wikipedia/commons/0/01/Cymopterus_newberryi_1.jpg
Cynanchum,Apocynaceae,Gentianales,0,0,1,1,0.000658617,0,.,.,1,2.6,.,.,.,About 100% of species are perennial,About 100% of species are woody,About 0% of species are agamospermous,radial,unknown,unknown,wind-pollinated,moderate risk,temperate climates,medium genome,low variation,https://upload.wikimedia.org/wikipedia/commons/e/e0/Cynanchum_aphyllum.JPG
Cynara,Asteraceae,Asterales,0,0,1,0,0.00210989,.,.,.,.,.,.,1.1,.,About 100% of species are perennial,About 0% of species are woody,About 0% of species are agricultural,radial symmetry,mixed mating system,vegetative reproduction,wind-pollinated,low extinction risk,cold climates,small genome,low variation,https://upload.wikimedia.org/wikipedia/commons/7/74/Cynara_cardunculus_Prague_2011_3.jpg
Cynodon,Poaceae,Poales,0,0,1,0,0.074314214,.,1,0,0,.,.,0.91,31.49458985,About 100% of species are perennial,About 0% of species are woody,About 7% of species are agricultural,radial symmetry,selfing,obligate asexual,wind-pollinated,low extinction risk,cold climates,small genome,high variation,https://upload.wikimedia.org/wikipedia/commons/2/23/Cynodon_dactylon.jpg
Cynoglossum,Boraginaceae,Boraginales,0.333333333,0.04,0.35,0,0.001824818,0,1,1,1,.,0.678,.,.,About 35% of species are perennial,About 0% of species are woody,About 0% of species are agricultural,radial,mixed mating,obligate xenogamy,insect-pollinated,low extinction risk,temperate climates,medium genome,moderate variation,https://upload.wikimedia.org/wikipedia/commons/e/ee/CynoglossumOfficinale-bloem-kl.jpg
Cynosurus,Poaceae,Poales,0,0,0.416666667,0,0.074314214,.,1,0.75,0,.,0.96,2.925,0,About 42% of species are perennial,About 0% of species are woody,About 7% of species are agricultural,radial,selfing,sexual reproduction,wind-pollinated,low extinction risk,warm climates,medium genome,low variation,https://upload.wikimedia.org/wikipedia/commons/d/dc/Cynosurus_echinatus_%E2%80%94_Flora_Batava_%E2%80%94_Volume_v20.jpg
Cyperus,Cyperaceae,Poales,0,0,0.619499569,0,0.00045977,0.5,1,0.7,0,3.333333333,0.019,0.736,52.66238446,About 62% of species are perennial,About 0% of species are woody,About 0% of species are of agricultural importance,radial,self-incompatible,autotrophic reproduction,wind-pollinated,high risk,cold climates,small genome,high variation,https://upload.wikimedia.org/wikipedia/commons/9/9b/Cyperus_diffusus1.jpg
Cyphanthera,Solanaceae,Solanales,33.33333333,0.333333333,1,1,0.089837398,.,.,.,.,.,.,.,.,About 100% of species are perennial,About 100% of species are woody,About 9% of species are agamic,radial symmetry,mixed mating system,sexual reproduction,insect-pollinated,low extinction risk,cold climates,small genome,moderate variation,https://upload.wikimedia.org/wikipedia/commons/3/39/Cyphantera_albicans_notabilis-1.jpg
Cypripedium,Orchidaceae,Asparagales,0.735294118,0.058823529,1,0,0,.,1,0.5,1,3.454545455,.,29.856,34.4534199,About 100% of species are perennial,About 0% of species are woody,About 0% of species are agriculturally important,radial symmetry,selfing,seed reproduction,insect-pollinated,high risk,temperate climates,large genome,high variation,https://upload.wikimedia.org/wikipedia/commons/e/e1/Cypripedium_reginae.jpg
Cyrtandra,Gesneriaceae,Lamiales,4.862119013,1.264150943,1,0.981132075,0,.,.,.,.,2.346153846,.,.,.,About 1% of species are perennial,About 98% of species are woody,About 0% of species are agroforestry species,radial symmetry,mixed mating system,reproduction via seeds,insect-pollinated,moderate risk,temperate climates,medium genome,moderate variation,No image found
Cyrtomium,Dryopteridaceae,Monilophyta,0,0,1,0,0,.,.,.,.,2.5,.,.,.,About 1% of species are perennial,About 0% of species are woody,About 0% of species are agroforestry,radial symmetry,selfing,herbaceous perennial,insect-pollinated,moderate risk,temperate climates,small genome,moderate variation,https://upload.wikimedia.org/wikipedia/commons/1/17/Cyrtomium_falcatum2.jpg
Cyrtostylis,Orchidaceae,Asparagales,0,0,1,0,0,.,.,.,.,.,.,.,.,About 1% of species are perennial,About 0% of species are woody,About 0% of species are agriculturally important,radial symmetry,mixed mating system,sexual reproduction,insect-pollinated,low extinction risk,temperate climates,small genome,low variation,https://upload.wikimedia.org/wikipedia/commons/7/71/Cyrtostylis_reniformis.jpg
Cytinus,Cytinaceae,Malvales,0,0,1,0,0,0,.,.,1,.,.,.,.,About 100% of species are perennial,About 0% of species are woody,About 0% of species are cultivated,radial,selfing,self-compatible,wind-pollinated,low extinction risk,cold climates,small genome,low variation,https://upload.wikimedia.org/wikipedia/commons/5/50/Cytinus_ruber_%28flowers%29.jpg
Cytisus,Fabaceae,Fabales,0.189393939,0.03030303,1,1,0.096494845,.,1,1,1,.,.,1.465833333,48.01164446,About 100% of species are perennial,About 100% of species are woody,About 10% of species are agroforestry,radial symmetry,selfing,vertebrate pollination,insect-pollinated,low extinction risk,cold climates,small genome,high variation,https://upload.wikimedia.org/wikipedia/commons/6/68/Cytisus_scoparius_by_Danny_S._-_001.JPG
Daboecia,Ericaceae,Ericales,0,0,1,1,0,.,.,0.5,1,.,.,.,.,About 100% of species are perennial,About 100% of species are woody,About 0% of species are cultivated,radial symmetry,mixed mating system,vegetative reproduction,wind-pollinated,low extinction risk,cold climates,small genome,low variation,https://upload.wikimedia.org/wikipedia/commons/5/54/Daboecia_cantabrica1373917974.jpg
Dactylis,Poaceae,Poales,0,0,1,0,0.074314214,.,1,1,0.5,.,.,4.002222222,0,About 1% of species are perennial,About 0% of species are woody,About 7% of species are agricultural,bilateral,selfing,obligate asexual,insect-pollinated,low extinction risk,temperate climates,medium genome,low variation,https://upload.wikimedia.org/wikipedia/commons/f/f6/Dactylis_glomerata_seedhead.jpg
Dactylorhiza,Orchidaceae,Asparagales,14.76190476,1.476190476,1,0,0,.,1,1,1,.,.,5.158,35.90782873,About 1% of species are perennial,About 0% of species are woody,About 0% of species are agamic,radial symmetry,mixed mating system,reproduction syndrome 1,insect-pollinated,low extinction risk,temperate climates,medium genome,high variation,https://upload.wikimedia.org/wikipedia/commons/6/64/Dactylorhiza_fuchsii_Mariazell_01.JPG
Dalea,Fabaceae,Fabales,0,0,0.891304348,0.304347826,0.096494845,.,.,.,.,1.833333333,.,.,.,About 89% of species are perennial,About 30% of species are woody,About 10% of species are agricultural,Radial symmetry,Mixed mating system,Insect pollination,Insect-pollinated,Moderate risk,Temperate climates,Medium genome,Moderate variation,https://upload.wikimedia.org/wikipedia/commons/9/95/White_prairie_clover_flower_dalea_candida_stem_with_the_bottom_flowering_white_and_the_top_green.jpg
Dampiera,Goodeniaceae,Asterales,0,0,1,0.25,0,.,.,.,.,.,.,.,.,About 100% of species are perennial,About 25% of species are woody,About 0% of species are agricultural,radial symmetry,obligate outcrossing,insect pollination,insect-pollinated,low extinction risk,temperate climates,medium genome,moderate variation,https://upload.wikimedia.org/wikipedia/commons/7/73/Dampiera_linearis.jpg
Danthonia,Poaceae,Poales,0.793650794,0.138888889,1,0,0.074314214,.,1,0.5,0,2,.,2.95,.,About 1% of species are perennial,About 0% of species are woody,About 7% of species are agricultural,radial symmetry,selfing,asexual reproduction,wind-pollinated,moderate risk,temperate climates,medium genome,moderate variation,https://upload.wikimedia.org/wikipedia/commons/5/58/Danthonia_intermedia.jpg
Daphne,Thymelaeaceae,Malvales,1.169590643,0.105263158,1,1,0.001324503,.,1,0.875,1,.,0.348,3.115,23.13995923,About 100% of species are perennial,About 100% of species are woody,About 0% of species are agricultural,radial,selfing,vertebrate pollination,insect-pollinated,low extinction risk,temperate climates,medium genome,high variation,https://upload.wikimedia.org/wikipedia/commons/1/12/Apollo_and_Daphne%2C_fresco_from_Pompeii.jpg
Darwinia,Myrtaceae,Myrtales,0,0,1,1,0.003243243,.,.,.,.,.,.,.,.,About 100% of species are perennial,About 100% of species are woody,About 0% of species are agroeconomic,radial or bilateral symmetry,mixed mating system,self-pollinating,insect-pollinated,low extinction risk,cold climates,small genome,low variation,No image found
Dasypyrum,Poaceae,Poales,0,0,0.5,0,0.074314214,.,.,.,.,.,.,7.012857143,21.92666174,About 50% of species are perennial,About 0% of species are woody,About 7% of species are agricultural,radial symmetry,mixed mating system,sexual reproduction,insect-pollinated,low extinction risk,temperate climates,medium genome,high variation,https://upload.wikimedia.org/wikipedia/commons/9/94/Dasypyrum_villosum_-_Berlin_Botanical_Garden_-_IMG_8559.JPG
Datura,Solanaceae,Solanales,0.432900433,0.045454545,0.113636364,0,0.089837398,0,1,1,1,.,0.155,2.121428571,9.051222069,About 11% of species are perennial,About 0% of species are woody,About 9% of species are agricultural,radial,selfing,self-pollination,wind-pollinated,low extinction risk,cold climates,medium genome,moderate variation,https://upload.wikimedia.org/wikipedia/commons/1/14/Sacred_datura_%28Datura_wrightii%29_%2814212557338%29.jpg
Daucus,Apiaceae,Apiales,0,0,0.166666667,0,0.003968254,.,1,1,1,.,0.963,2.138666667,54.59494787,About 17% of species are perennial,About 0% of species are woody,About 0% of species are agamospermous,radial symmetry,selfing,obligate apomixis,wind-pollinated,low extinction risk,warm climates,medium genome,high variation,https://upload.wikimedia.org/wikipedia/commons/9/98/Daucus_carota0.jpg
Daviesia,Fabaceae,Fabales,7.692307692,0.461538462,1,1,0.096494845,.,.,.,.,.,0.88,.,.,About 100% of species are perennial,About 100% of species are woody,About 10% of species are agro-exploited,radial symmetry,selfing,dioecious,wind-pollinated,low extinction risk,warm climates,medium genome,moderate variation,https://upload.wikimedia.org/wikipedia/commons/a/a2/Daviesia_cordata_gnangarra_01.JPG
Delissea,Campanulaceae,Asterales,0,0,1,1,0,.,.,.,.,.,.,.,.,About 1% of species are perennial,About 1% of species are woody,About 0% of species are agricultural,bilateral symmetry,selfing,herbaceous perennials,insect-pollinated,low extinction risk,cold climates,small genome,low variation,https://upload.wikimedia.org/wikipedia/commons/7/7e/Lobelia_niihauensis_%285762180787%29.jpg
Delphinium,Ranunculaceae,Ranunculales,0.910973085,0.314285714,0.828571429,0,0,1,1,0.5,1,4,0.74,.,.,About 83% of species are perennial,About 0% of species are woody,About 0% of species are agroforestry,radial,selfing,obligate asexual,wind-pollinated,high risk,warm climates,medium genome,moderate variation,https://upload.wikimedia.org/wikipedia/commons/thumb/6/6d/Delphinium_elatum_var._palmatifidum_as_Delphinium_intermedium_var._palmatifidum_by_S._A._Drake._Edwards%27s_Botanical_Register_vol._24%2C_t._38_%281838%29.tif/lossless-page1-5881px-Delphinium_elatum_var._palmatifidum_as_Delphinium_intermedium_var._palmatifidum_by_S._A._Drake._Edwards%27s_Botanical_Register_vol._24%2C_t._38_%281838%29.tif.png
Dendranthema,Asteraceae,Asterales,0,0,1,0,0.00210989,.,.,.,.,.,.,7.89,.,About 100% of species are perennial,About 0% of species are woody,About 0% of species are agricultural,radial symmetry,mixed mating system,obligate xenogamy,wind-pollinated,low extinction risk,temperate climates,medium genome,moderate variation,https://upload.wikimedia.org/wikipedia/commons/b/b5/Chrysanthemum_nangkingense.jpg
Dendrobium,Orchidaceae,Asparagales,0,0,1,0,0,.,.,.,.,3.166666667,.,1.58212766,56.38293945,About 100% of species are perennial,About 0% of species are woody,About 0% of species are used in agriculture,radial symmetry,mixed mating system,primarily sexually reproducing,insect-pollinated,high risk,temperate climates,small genome,high variation,https://upload.wikimedia.org/wikipedia/commons/0/09/Dendrobium-kingianum.jpg
Dendromecon,Papaveraceae,Ranunculales,0,0,1,1,0,.,.,.,.,.,.,.,.,About 1% of species are perennial,About 1% of species are woody,About 0% of species are agricultural,radial symmetry,mixed mating system,sexual reproduction,insect-pollinated,low extinction risk,cold climates,small genome,low variation,https://upload.wikimedia.org/wikipedia/commons/b/b0/Dendromecon_rigida%2C_by_Mary_Vaux_Walcott.jpg
Derwentia,Scrophulariaceae,Lamiales,0,0,1,0.666666667,0.001764706,.,.,.,.,.,.,.,.,About 100% of species are perennial,About 67% of species are woody,About 0% of species are agricultural,radial symmetry,selfing,self-pollinating,wind-pollinated,low extinction risk,cold climates,medium genome,moderate variation,No image found
Deschampsia,Poaceae,Poales,0,0,0.888888889,0,0.074314214,.,1,0.75,0,2,0.92,5.56625,22.60135038,About 89% of species are perennial,About 0% of species are woody,About 7% of species are agricultural,radial,selfing,seed dispersal,wind-pollinated,moderate risk,warm climates,medium genome,high variation,https://upload.wikimedia.org/wikipedia/commons/e/e0/DeschampsiaCesp.jpg
Descurainia,Brassicaceae,Brassicales,0,0,0,0,0.00485306,.,1,1,1,.,.,0.217142857,7.141517319,About 0% of species are perennial,About 0% of species are woody,About 0% of species are aggregated,radial,selfing,autogamous,wind-pollinated,low extinction risk,cold climates,small genome,moderate variation,https://upload.wikimedia.org/wikipedia/commons/a/a4/Descurainia_pinnata_2005-02-20.jpg
Desmanthus,Fabaceae,Fabales,0,0,1,0,0.096494845,.,.,.,.,.,.,.,.,About 100% of species are perennial,About 0% of species are woody,About 10% of species are agricultural,radial symmetry,selfing,herbaceous perennial,insect-pollinated,low extinction risk,cold climates,small genome,moderate variation,https://upload.wikimedia.org/wikipedia/commons/8/8f/Starr_080605-6367_Desmanthus_pernambucanus.jpg
Desmazeria,Poaceae,Poales,0,0,0,0,0.074314214,.,.,.,.,.,.,3.2,.,About 0% of species are perennial,About 0% of species are woody,About 7% of species are agroforestry,radial,mixed mating system,sexual reproduction,wind-pollinated,low extinction risk,temperate climates,medium genome,moderate variation,https://upload.wikimedia.org/wikipedia/commons/a/ad/Desmazeria_sicula_%28plant%29.jpg
Desmodium,Fabaceae,Fabales,0.128205128,0.025,1,0.0625,0.096494845,1,.,.,1,.,.,.,.,About 100% of species are perennial,About 6% of species are woody,About 10% of species are cultivated,radial,Mixed mating system,Self-pollination with occasional cross-pollination,insect-pollinated,low extinction risk,temperate climates,small genome,moderate variation,https://upload.wikimedia.org/wikipedia/commons/7/7d/Desmodium_heterocarpon_at_Kadavoor.jpg
Deyeuxia,Poaceae,Poales,0,0,0.95,0,0.074314214,.,.,.,.,.,.,7.375,6.282485876,About 95% of species are perennial,About 0% of species are woody,About 7% of species are cultivated,radial symmetry,mixed mating system,obligate sexual reproduction,insect-pollinated,low extinction risk,temperate climates,medium genome,moderate variation,https://upload.wikimedia.org/wikipedia/commons/b/bc/Calamagrostis-canadensis1we.jpg
Dianella,Xanthorrhoeaceae,Asparagales,0,0,1,0,0,.,.,.,1,.,.,.,.,About 1% of species are perennial,About 0% of species are woody,About 0% of species are agroforestry,radial,selfing,self-pollinating,wind-pollinated,low extinction risk,cold climates,small genome,low variation,No image found
Dianthus,Caryophyllaceae,Caryophyllales,0.041109969,0.028571429,0.931654676,0.042857143,0.001818182,0,1,0.818181818,1,.,0.885,0.796,37.09329083,About 93% of species are perennial,About 4% of species are woody,About 0% of species are agricultural,radial,self-incompatible,wind-pollinated,wind-pollinated,low extinction risk,warm climates,small genome,high variation,https://upload.wikimedia.org/wikipedia/commons/4/42/Dianthus_caryophyllus_L_%28Clove_pink%29.JPG
Dicentra,Papaveraceae,Ranunculales,0,0,1,0,0,.,.,.,.,.,.,.,.,About 100% of species are perennial,About 0% of species are woody,About 0% of species are used in agriculture,radial symmetry,selfing,seed-dispersed by mammals,wind-pollinated,low extinction risk,cold climates,small genome,low variation,https://upload.wikimedia.org/wikipedia/commons/2/20/Dutchman%27sBreeches040815.jpg
Dichanthelium,Poaceae,Poales,0,0,1,0,0.074314214,.,.,.,.,.,.,.,.,About 1% of species are perennial,About 0% of species are woody,About 7% of species are agricultural,radial symmetry,mixed mating system,reproduces via seeds,insect-pollinated,low extinction risk,temperate climates,small genome,moderate variation,https://upload.wikimedia.org/wikipedia/commons/8/8d/Dichanthelium_scoparium_1120325-2.jpg
Dichanthium,Poaceae,Poales,0,0,1,0,0.074314214,.,.,.,0,.,.,.,.,About 1% of species are perennial,About 0% of species are woody,About 7% of species are agriculturally important,radial,mixed,autotrophic,wind-pollinated,low extinction risk,cold climates,small genome,low variation,https://upload.wikimedia.org/wikipedia/commons/thumb/9/93/Dichanthium_jainii.jpg/6912px-Dichanthium_jainii.jpg
Dichelachne,Poaceae,Poales,0,0,1,0,0.074314214,.,.,.,.,.,.,8.4125,3.646284098,About 1% of species are perennial,About 0% of species are woody,About 7% of species are agricultural,radial symmetry,selfing,autotrophic,insect-pollinated,low extinction risk,temperate climates,large genome,low variation,https://upload.wikimedia.org/wikipedia/commons/c/c0/Starr_020808-0024_Dichelachne_crinita.jpg
Dichelostemma,Asparagaceae,Asparagales,20,0.4,1,0,0,.,.,.,.,.,.,18.15,.,About 1% of species are perennial,About 0% of species are woody,About 0% of species are agricultural,bilateral symmetry,selfing,herbaceous perennial,insect-pollinated,low extinction risk,cold climates,large genome,moderate variation,https://upload.wikimedia.org/wikipedia/commons/7/72/Dichelostemma_volubile.jpg
Dichondra,Convolvulaceae,Solanales,0,0,1,0,0.044375,.,.,.,.,.,.,.,.,About 100% of species are perennial,About 0% of species are woody,About 4% of species are agricultural,radial symmetry,mixed mating system,seed-dispersed by animals,insect-pollinated,low extinction risk,temperate climates,small genome,low variation,https://upload.wikimedia.org/wikipedia/commons/4/4a/Dichondra_micratha.jpg
Diellia,Aspleniaceae,Monilophyta,6.666666667,0.166666667,1,0,0,.,.,.,.,.,.,.,.,About 1% of species are perennial,About 0% of species are woody,About 0% of species are agricultural,radial symmetry,selfing,sexual reproduction,insect-pollinated,low extinction risk,cold climates,small genome,low variation,No image found
Digitalis,Plantaginaceae,Lamiales,1.307189542,0.111111111,0.714285714,0.055555556,0.005925926,.,1,0.875,1,.,.,1.1525,7.263842866,About 71% of species are perennial,About 6% of species are woody,About 1% of species are agricultural,radial,selfing,asexual reproduction,insect-pollinated,low extinction risk,temperate climates,small genome,moderate variation,https://upload.wikimedia.org/wikipedia/commons/7/74/Digitalis_purpurea2.jpg
Digitaria,Poaceae,Poales,0.189393939,0.03030303,0.227272727,0,0.074314214,1,1,1,0,.,.,1.194,38.61527611,About 23% of species are perennial,About 0% of species are woody,About 7% of species are agricultural,radial,selfing,obligate self-pollination,wind-pollinated,low extinction risk,temperate climates,small genome,high variation,https://upload.wikimedia.org/wikipedia/commons/7/78/Crabgrass.JPG
Dillwynia,Fabaceae,Fabales,0,0,1,1,0.096494845,.,.,.,.,.,.,.,.,About 100% of species are perennial,About 100% of species are woody,About 10% of species are agriculturally important,radial symmetry,selfing,self-pollinating,wind-pollinated,low extinction risk,temperate climates,small genome,moderate variation,https://upload.wikimedia.org/wikipedia/commons/a/ae/Freycinet_Bluete.jpg
Diodia,Rubiaceae,Gentianales,0,0,.,0,6.00E-04,.,.,.,1,.,.,.,.,About 75% of species are perennial,About 0% of species are woody,About 0% of species are agricultural,radial,mixed mating system,autotrophic flowering plant,insect-pollinated,low extinction risk,cold climates,small genome,low variation,https://upload.wikimedia.org/wikipedia/commons/a/ac/Diodia_virginiana_-_Virginia_Buttonweed.jpg
Dioscorea,Dioscoreaceae,Dioscoreales,0,0,1,0,0.009195402,0.25,1,1,1,1.7,.,1.0425,112.7587784,About 100% of species are perennial,About 0% of species are woody,About 1% of species are agricultural,radial,selfing,asexual reproduction,wind-pollinated,moderate risk,cold climates,small genome,high variation,https://upload.wikimedia.org/wikipedia/commons/9/96/Dioscorea_balcanica_BotGardBln310505.jpg
Diospyros,Ebenaceae,Ericales,100,0.5,1,1,0,0,.,.,1,1.984848485,.,1.948,37.15902058,About 100% of species are perennial,About 100% of species are woody,About 0% of species are used in agriculture,radial,mixed mating system,typically reproduces sexually,wind-pollinated,moderate risk,temperate climates,small genome,high variation,https://upload.wikimedia.org/wikipedia/commons/7/7c/Diospyros_kaki3.jpg
Dipcadi,Asparagaceae,Asparagales,0,0,1,0,0,0,.,.,.,1,.,3.21,.,About 100% of species are perennial,About 0% of species are woody,About 0% of species are agricultural,radial,selfing,self-pollination,wind-pollinated,moderate risk,temperate climates,medium genome,moderate variation,https://upload.wikimedia.org/wikipedia/commons/1/19/Dipcadi_serotinum-IMG_4331.jpg
Diphasiastrum,Lycopodiaceae,Lycophyta,20,0.5,1,0,0,.,1,0.5,.,.,.,2.827142857,14.59419401,About 100% of species are perennial,About 0% of species are woody,About 0% of species are agro-domesticated,radial symmetry,selfing,dioecious,insect-pollinated,low extinction risk,temperate climates,medium genome,moderate variation,https://upload.wikimedia.org/wikipedia/commons/a/ac/Lycopodium_complanatum_nf.jpg
Diphasium,Lycopodiaceae,Lycophyta,16.66666667,0.25,1,0,0,.,.,.,.,.,.,.,.,About 1% of species are perennial,About 0% of species are woody,About 0% of species are agricultural,radial symmetry,selfing,sexual reproduction,wind-pollinated,low extinction risk,cold climates,small genome,low variation,https://upload.wikimedia.org/wikipedia/commons/b/be/Diphasium_scariosum_kz1.jpg
Diplachne,Poaceae,Poales,0,0,1,0,0.074314214,.,.,.,.,.,.,.,.,About 1% of species are perennial,About 0% of species are woody,About 7% of species are agricultural,radial or bilateral symmetry,mixed mating system,dioecy,wind-pollinated,low extinction risk,temperate climates,medium genome,high variation,https://upload.wikimedia.org/wikipedia/commons/d/da/Leptochloa_fusca_subsp._uninervia.jpg
Diplotaxis,Brassicaceae,Brassicales,0,0,0.35978836,0,0.00485306,.,1,1,1,4,.,0.58,2.815505451,About 36% of species are perennial,About 0% of species are woody,About 0% of species are agricultural,radial symmetry,selfing,hermaphroditic,wind-pollinated,high risk,cold climates,small genome,low variation,No image found
Dipodium,Orchidaceae,Asparagales,0,0,1,0,0,.,.,.,.,.,.,.,.,About 1% of species are perennial,About 0% of species are woody,About 0% of species are agricultural,radial symmetry,selfing,self-pollination favored,wind-pollinated,low extinction risk,cold climates,small genome,low variation,https://upload.wikimedia.org/wikipedia/commons/8/82/Dipodium_punctatum_fir00002.jpg
Dipsacus,Caprifoliaceae,Dipsacales,1.169590643,0.105263158,0,0,0,.,1,1,1,2,.,3.912,23.0581949,About 0% of species are perennial,About 0% of species are woody,About 0% of species are annuals,radial,selfing,asexual,wind-pollinated,moderate risk,temperate climates,medium genome,high variation,https://upload.wikimedia.org/wikipedia/commons/8/8d/Dipsacus_fullonum1.jpg
Discaria,Rhamnaceae,Rosales,0,0,1,1,0.004444444,.,.,.,.,.,.,.,.,About 100% of species are perennial,About 100% of species are woody,About 0% of species are agamic,radial symmetry,mixed mating system,obligate xenogamy,wind-pollinated,low extinction risk,cold climates,small genome,low variation,https://upload.wikimedia.org/wikipedia/commons/7/76/Discaria_chacaye_2.jpg
Disporum,Colchicaceae,Liliales,0,0,1,0,0,.,.,.,.,.,.,21.81,20.81442244,About 1% of species are perennial,About 0% of species are woody,About 0% of species are agricultural,Unknown,Unknown,Unknown,Unknown,low extinction risk,Unknown,large genome,high variation,https://upload.wikimedia.org/wikipedia/commons/d/dc/Disporum_viridescens_flower.jpg
Dissocarpus,Amaranthaceae,Caryophyllales,0,0,1,0.5,0.041463415,.,.,.,0,.,.,.,.,About 100% of species are perennial,About 50% of species are woody,About 4% of species are agricultural,radial symmetry,self-incompatible,obligate xenogamy,wind-pollinated,low extinction risk,cold climates,small genome,low variation,https://upload.wikimedia.org/wikipedia/commons/7/7b/Iconography_of_Australian_salsolaceous_plants_%281889%29_%2820719939576%29.jpg
Ditaxis,Euphorbiaceae,Malpighiales,0,0,0.6,0.2,0.01239531,.,.,.,.,4,.,.,.,About 60% of species are perennial,About 20% of species are woody,About 1% of species are agricultural,radial symmetry,selfing,vegetative reproduction,wind-pollinated,high risk,temperate climates,medium genome,moderate variation,https://upload.wikimedia.org/wikipedia/commons/7/7f/Ditaxis_argothamnoides.jpg
Dithyrea,Brassicaceae,Brassicales,0,0,0.5,0,0.00485306,.,.,.,.,.,.,.,.,About 50% of species are perennial,About 0% of species are woody,About 0% of species are agroeconomic,radial or bilateral symmetry,mixed mating system,sexual reproduction,insect-pollinated,low extinction risk,temperate climates,small genome,low variation,https://upload.wikimedia.org/wikipedia/commons/e/e9/Dithyrea_californica_4.jpg
Dittrichia,Asteraceae,Asterales,0,0,0.5,0.25,0.00210989,.,1,1,1,.,.,.,.,About 50% of species are perennial,About 25% of species are woody,About 0% of species are agricultural,radial,selfing,asexual reproduction,wind-pollinated,low extinction risk,temperate climates,small genome,low variation,https://upload.wikimedia.org/wikipedia/commons/b/b8/Dittrichia_viscosa_InflorescencesCloseup2_27September2009_DehesaBoyaldePuertollano.jpg
Diuris,Orchidaceae,Asparagales,27.77777778,1.111111111,1,0,0,.,.,.,.,.,.,.,.,About 1% of species are perennial,About 0% of species are woody,About 0% of species are agricultural,radial symmetry,mixed mating system,dioecious reproductive syndrome,insect-pollinated,low extinction risk,cold climates,small genome,low variation,https://upload.wikimedia.org/wikipedia/commons/0/07/Diuris_03_gnangarra.jpg
Dodecatheon,Primulaceae,Ericales,0,0,1,0,0,.,.,.,.,.,.,2.79,.,About 1% of species are perennial,About 0% of species are woody,About 0% of species are agriculturally important,unknown,unknown,unknown,unknown,low extinction risk,temperate climates,medium genome,moderate variation,https://upload.wikimedia.org/wikipedia/commons/c/cc/IMG_5511-Dodecatheon_conjugens.jpg
Dodonaea,Sapindaceae,Sapindales,2.222222222,0.1,1,1,0.001265823,0,.,.,0,.,.,0.665,3.50877193,About 100% of species are perennial,About 100% of species are woody,About 0% of species are agricultural,radial,mixed mating system,dioecious species,wind-pollinated,low extinction risk,cold climates,small genome,low variation,https://upload.wikimedia.org/wikipedia/commons/f/f1/Dodonea_viscosa_flowers1.JPG
Doodia,Blechnaceae,Monilophyta,0,0,1,0,0,.,.,.,.,.,.,.,.,About 100% of species are perennial,About 0% of species are woody,About 0% of species are agricultural,radial symmetry,mixed mating system,unknown reproductive syndrome,wind-pollinated,low extinction risk,cold climates,small genome,low variation,https://upload.wikimedia.org/wikipedia/commons/0/01/Doodia_caudata_-_Berlin_Botanical_Garden_-_IMG_8674.JPG
Doronicum,Asteraceae,Asterales,1.904761905,0.133333333,1,0,0.00210989,.,1,0.5,1,.,.,3.84,.,About 100% of species are perennial,About 0% of species are woody,About 0% of species are agricultural,radial symmetry,selfing,obligate selfing,wind-pollinated,low extinction risk,temperate climates,medium genome,moderate variation,https://upload.wikimedia.org/wikipedia/commons/9/9c/Doronicum_plantagineum_StG_040418B.jpg
Dorycnium,Fabaceae,Fabales,0,0,1,0.5,0.096494845,.,1,1,1,.,.,1.075,5.919963749,About 100% of species are perennial,About 50% of species are woody,About 10% of species are agricultural,radial symmetry,selfing,dioecy,wind-pollinated,low extinction risk,temperate climates,small genome,moderate variation,https://upload.wikimedia.org/wikipedia/commons/8/8a/LOTUS_CORNICULATUS_-_FIGUEROLA_-_IB-377_%28Lot_corniculat%29.JPG
Doryopteris,Pteridaceae,Monilophyta,16.66666667,0.25,1,0,0,.,.,.,.,.,.,.,.,About 1% of species are perennial,About 0% of species are woody,About 0% of species are agricultural,radial symmetry,selfing,self-pollination,wind-pollinated,low extinction risk,cold climates,small genome,low variation,https://upload.wikimedia.org/wikipedia/commons/8/88/SDC11471_-_Doryopteris_pedata.JPG
Downingia,Campanulaceae,Asterales,0.653594771,0.055555556,0,0,0,.,.,.,.,.,.,.,.,About 0% of species are perennial,About 0% of species are woody,About 0% of species are agamic,radial,selfing,vegetative reproduction,wind-pollinated,low extinction risk,cold climates,small genome,low variation,https://upload.wikimedia.org/wikipedia/commons/f/f5/Downingia_concolor_2.jpg
Draba,Brassicaceae,Brassicales,0.058412698,0.036507937,0.761279737,0,0.00485306,.,1,1,0.888888889,2.3,.,0.382,49.45892532,About 76% of species are perennial,About 0% of species are woody,About 0% of species are agricultural,radial symmetry,selfing,obligate xenogamy,insect-pollinated,moderate risk,temperate climates,small genome,high variation,https://upload.wikimedia.org/wikipedia/commons/c/c8/Whitlowgrass-3.jpg
Dracocephalum,Lamiaceae,Lamiales,0,0,0.428571429,0,0.004320557,.,1,0.5,1,.,.,.,.,About 43% of species are perennial,About 0% of species are woody,About 0% of species are agricultural,radial symmetry,selfing,seed-propagated,insect-pollinated,low extinction risk,cold climates,small genome,moderate variation,https://upload.wikimedia.org/wikipedia/commons/9/90/Dracocephalum_ruyschiana_1.jpg
Dracunculus,Araceae,Alismatales,0,0,1,0,0.000248447,.,.,.,.,.,.,5.23,22.86540951,About 100% of species are perennial,About 0% of species are woody,About 0% of species are agricultural,radial symmetry,mixed mating system,sexual reproduction,wind-pollinated,low extinction risk,temperate climates,medium genome,high variation,No image found
Drosera,Droseraceae,Caryophyllales,1,0.12,0.941176471,0,0,0,1,0.5,0.944444444,.,.,0.665,37.86369417,About 94% of species are perennial,About 0% of species are woody,About 0% of species are agricultural,radial,mixed mating,self-compatible,insect-pollinated,low extinction risk,temperate climates,small genome,high variation,https://upload.wikimedia.org/wikipedia/commons/c/c3/Drosera_spatulata_KansaiHabit.jpg
Dryopteris,Dryopteridaceae,Monilophyta,0.92506938,0.212765957,1,0,0,.,0.818181818,0.545454545,0,2.75,.,11.88181818,48.79546911,About 100% of species are perennial,About 0% of species are woody,About 0% of species are agricultural,radial symmetry,mixed mating system,typically insect-pollinated,insect-pollinated,moderate risk,temperate climates,large genome,high variation,https://upload.wikimedia.org/wikipedia/commons/4/40/Dryopteris_filix_mas_nf.jpg
Dubautia,Asteraceae,Asterales,11.9047619,1.19047619,1,1,0.00210989,.,.,.,.,2.666666667,.,.,.,About 100% of species are perennial,About 100% of species are woody,About 0% of species are agricultural,radial symmetry,self-incompatible,outcrossing,wind-pollinated,moderate risk,temperate climates,medium genome,moderate variation,https://upload.wikimedia.org/wikipedia/commons/3/36/Starr_011114-0057_Dubautia_menziesii.jpg
Dudleya,Crassulaceae,Saxifragales,0,0,1,0,0,.,.,.,.,.,.,.,.,About 100% of species are perennial,About 0% of species are woody,About 0% of species are used in agriculture,radial symmetry,selfing,self-pollinated,wind-pollinated,low extinction risk,temperate climates,small genome,low variation,https://upload.wikimedia.org/wikipedia/commons/6/6a/J20171114-0036%E2%80%94Dudleya_virens_ssp_insularis%E2%80%94RPBG%E2%80%94DxO_%2837663360805%29.jpg
Dupontia,Poaceae,Poales,0,0,1,0,0.074314214,.,.,.,.,.,.,.,.,About 1% of species are perennial,About 0% of species are woody,About 7% of species are agricultural,radial symmetry,mixed mating system,reproduces sexually,wind-pollinated,low extinction risk,temperate climates,small genome,moderate variation,No image found
Dysphania,Amaranthaceae,Caryophyllales,0,0,0.125,0,0.041463415,.,1,1,0.25,.,.,0.37,.,About 13% of species are perennial,About 0% of species are woody,About 4% of species are agricultural,radial symmetry,selfing,asexual reproduction,insect-pollinated,low extinction risk,cold climates,small genome,low variation,No image found
Dyssodia,Asteraceae,Asterales,0,0,0.625,0,0.00210989,.,.,.,.,.,.,.,.,About 62.5% of species are perennial,About 0% of species are woody,About 0.21% of species are agricultural,radial symmetry,mixed mating system,sexual reproduction,insect-pollinated,low extinction risk,temperate climates,small genome,moderate variation,https://upload.wikimedia.org/wikipedia/commons/5/51/Dyssodia_papposa_NPS-1.jpg
Ebenus,Fabaceae,Fabales,0,0,1,0.5,0.096494845,.,.,.,.,.,.,.,.,About 100% of species are perennial,About 50% of species are woody,About 10% of species are agricultural,radial or bilateral symmetry,mixed mating system,mixed reproductive syndrome,pollination syndrome not specified,low extinction risk,temperate climates,medium genome,moderate variation,https://upload.wikimedia.org/wikipedia/commons/e/eb/Fabaceae_-_Ebenus_cretica.JPG
Echinacea,Asteraceae,Asterales,0,0,1,0,0.00210989,.,.,.,.,.,0.862,.,.,About 100% of species are perennial,About 0% of species are woody,About 0% of species are agricultural,radial,mixed mating system,sexual reproduction,insect-pollinated,low extinction risk,warm climates,medium genome,moderate variation,https://upload.wikimedia.org/wikipedia/commons/b/b4/EchinaceaPurpureaMaxima1a.UME.JPG
Echinocereus,Cactaceae,Caryophyllales,0,0,1,0.5,0,.,.,.,.,3,.,.,.,About 100% of species are perennial,About 50% of species are woody,About 0% of species are cultivated,radial symmetry,mixed mating system,generalist reproduction,insect-pollinated,moderate risk,temperate climates,medium genome,moderate variation,https://upload.wikimedia.org/wikipedia/commons/8/8c/Echinocereus_triglochidiatus_8.jpg
Echinochloa,Poaceae,Poales,0,0,0,0,0.074314214,1,1,1,0.166666667,.,.,1.3825,5.70695618,About 0% of species are perennial,About 0% of species are woody,About 7% of species are agamospermous,radial,selfing,asexual reproduction,insect-pollinated,low extinction risk,cold climates,small genome,moderate variation,https://upload.wikimedia.org/wikipedia/commons/2/24/Echinochloa_crus-galli_2006.08.27_14.59.37-p8270051.jpg
Echinodorus,Alismataceae,Alismatales,0,0,0.666666667,0,0,.,.,.,.,2,.,13.305,9.775820389,About 67% of species are perennial,About 0% of species are woody,About 0% of species are agamic,radial symmetry,mixed mating system,sexual reproduction,insect-pollinated,moderate risk,temperate climates,large genome,moderate variation,https://upload.wikimedia.org/wikipedia/commons/thumb/1/1d/Den_Den.jpg/1024px-Den_Den.jpg
Echinomastus,Cactaceae,Caryophyllales,0,0,1,1,0,.,.,.,.,.,.,.,.,About 1% of species are perennial,About 1% of species are woody,About 0% of species are agricultural,floral symmetry is unknown for this group,mating system is unknown for this group,reproductive syndrome is unknown for this group,pollination syndrome is unknown for this group,extinction risk is low,climates are cold,genome size is small,variation in genome size is low,No image found
Echinophora,Apiaceae,Apiales,0,0,1,0,0.003968254,.,.,.,.,.,.,.,.,About 100% of species are perennial,About 0% of species are woody,About 0% of species are agricultural,radial symmetry,mixed mating system,seed reproduction,wind-pollinated,low extinction risk,cold climates,small genome,low variation,https://upload.wikimedia.org/wikipedia/commons/a/a9/Echinophora_spinosa-1.jpg
Echinopogon,Poaceae,Poales,0,0,1,0,0.074314214,.,.,.,.,.,.,5.43,.,About 100% of species are perennial,About 0% of species are woody,About 7% of species are agricultural,radial symmetry,mixed mating system,sexual reproduction,insect-pollinated,low extinction risk,temperate climates,medium genome,moderate variation,https://upload.wikimedia.org/wikipedia/commons/5/58/Echinopogon_caespitosus.jpg
Echinops,Asteraceae,Asterales,1.904761905,0.133333333,0.9,0,0.00210989,0,1,1,1,.,.,3.561666667,23.50339108,About 90% of species are perennial,About 0% of species are woody,About 0% of species are agricultural,radial,selfing,obligate self-pollination,wind-pollinated,low extinction risk,temperate climates,medium genome,high variation,https://upload.wikimedia.org/wikipedia/commons/2/2f/Echinops_adenocaulos.jpg
Echinospartum,Fabaceae,Fabales,0,0,1,1,0.096494845,.,.,.,.,.,.,.,.,About 100% of species are perennial,About 100% of species are woody,About 10% of species are agricultural,radial symmetry,obligate selfing,self-pollinated,wind-pollinated,low extinction risk,cold climates,small genome,moderate variation,https://upload.wikimedia.org/wikipedia/commons/f/fb/Echinospartum_horridum_1.JPG
Echium,Boraginaceae,Boraginales,0,0,0.25862069,0.090909091,0.001824818,.,1,1,1,3.25,0.8805,0.466923077,10.89890946,About 26% of species are perennial,About 9% of species are woody,About 0% of species are agricultural,radial,mixed mating,autogamous,insect-pollinated,high risk,warm climates,small genome,moderate variation,https://upload.wikimedia.org/wikipedia/commons/d/dc/Natternkopf_oe.jpg
Edraianthus,Campanulaceae,Asterales,0,0,1,0,0,.,.,.,.,.,.,1.6475,9.179928661,About 1% of species are perennial,About 0% of species are woody,About 0% of species are agricultural,bilateral,selfing,obligate xenogamy,insect-pollinated,low extinction risk,cold climates,small genome,moderate variation,https://upload.wikimedia.org/wikipedia/commons/3/3f/Edraianthus_serpyllifolius.jpg
Ehrharta,Poaceae,Poales,0,0,0.833333333,0,0.074314214,.,.,.,.,.,.,1.418,21.59368583,About 83% of species are perennial,About 0% of species are woody,About 7% of species are agricultural,radial symmetry,selfing,self-pollination,insect-pollinated,low extinction risk,cold climates,small genome,high variation,https://upload.wikimedia.org/wikipedia/commons/4/48/Ehrharta_calycina_plant5_%288677836542%29.jpg
Eichhornia,Pontederiaceae,Commelinales,0,0,1,0,0.03030303,0,.,.,.,.,0.59,1.27,0,About 100% of species are perennial,About 0% of species are woody,About 3% of species are agricultural,radial,selfing,obligate selfing,wind-pollinated,low extinction risk,temperate climates,small genome,low variation,https://upload.wikimedia.org/wikipedia/commons/5/56/Common_Water_hyacinth.jpg
Einadia,Amaranthaceae,Caryophyllales,0,0,1,0,0.041463415,.,.,.,0,.,.,1.01,.,About 100% of species are perennial,About 0% of species are woody,About 4% of species are agricultural,radial symmetry,mixed mating system,reproduction by seed,wind-pollinated,low extinction risk,cold climates,small genome,low variation,https://upload.wikimedia.org/wikipedia/commons/7/77/Chenopodium_berlandieri_NPS-1.jpg
Elachanthus,Asteraceae,Asterales,0,0,0,0,0.00210989,.,.,.,.,.,.,.,.,About 0% of species are perennial,About 0% of species are woody,About 0% of species are agricultural,radial symmetry,mixed mating system,self-pollination,wind-pollinated,low extinction risk,cold climates,small genome,low variation,https://upload.wikimedia.org/wikipedia/commons/2/28/Elachanthus.jpg
Elaeagnus,Elaeagnaceae,Rosales,0,0,1,1,0,.,1,0.5,0.666666667,2,.,0.58,.,About 100% of species are perennial,About 100% of species are woody,About 0% of species are agricultural,radial,selfing,likely self-pollinating,insect-pollinated,moderate risk,temperate climates,small genome,low variation,https://upload.wikimedia.org/wikipedia/commons/2/23/Elaeagnus_commutata_USDA.jpg
Elaeocarpus,Elaeocarpaceae,Oxalidales,0,0,1,1,0,.,.,.,1,1.985294118,.,.,.,About 1% of species are perennial,About 1% of species are woody,About 0% of species are agricultural,radial,mixed mating system,obligate xenogamy,wind-pollinated,moderate risk,temperate climates,medium genome,moderate variation,https://upload.wikimedia.org/wikipedia/commons/4/4c/Elaeocarpus_hainanensis_06.JPG
Elaeoselinum,Apiaceae,Apiales,0,0,1,0,0.003968254,.,.,.,.,.,.,.,.,About 100% of species are perennial,About 0% of species are woody,About 0% of species are agroforestry species,radial,mixed mating system,animal-dispersed seeds,insect-pollinated,low extinction risk,temperate climates,small genome,low variation,https://upload.wikimedia.org/wikipedia/commons/b/b0/Thapsia_garganica_%28Bauer%29.jpg
Elaphoglossum,Dryopteridaceae,Monilophyta,5.555555556,0.222222222,1,0,0,.,.,.,.,3.128571429,.,.,.,About 100% of species are perennial,About 0% of species are woody,About 0% of species are agricultural,Unknown floral symmetry,Unknown mating system,Unknown reproductive syndrome,Unknown pollination syndrome,high risk,Unknown average temperature,Unknown genome size,Unknown genome variation,https://upload.wikimedia.org/wikipedia/commons/8/80/Starr-110722-7670-Elaphoglossum_crassifolium-habit-Waihee_Ridge_Trail-Maui_%2824733800669%29.jpg
Elatine,Elatinaceae,Malpighiales,0,0,0.204545455,0,0,.,1,0.5,1,.,.,.,.,About 20% of species are perennial,About 0% of species are woody,About 0% of species are agamospermous,bilateral,selfing,asexual reproduction,insect-pollinated,low extinction risk,temperate climates,medium genome,moderate variation,https://upload.wikimedia.org/wikipedia/commons/2/24/Elatine_tripetala.jpg
Eleocharis,Cyperaceae,Poales,0.057110223,0.029126214,0.798701299,0,0.00045977,.,1,0.5625,0,.,.,3.01,75.71628739,About 80% of species are perennial,About 0% of species are woody,About 0% of species are used in agriculture,radial,selfing,obligate selfing,wind-pollinated,low extinction risk,temperate climates,medium genome,high variation,https://upload.wikimedia.org/wikipedia/commons/6/61/Starr_081230-0543_Eleocharis_calva.jpg
Elephantopus,Asteraceae,Asterales,0,0,1,0,0.00210989,0,.,.,1,.,.,.,.,About 100% of species are perennial,About 0% of species are woody,About 0% of species are agricultural,radial,"Selfing is common, with some evidence of self-incompatibility.","Primarily reproduces through seeds, with vegetative reproduction also occurring.",insect-pollinated,low extinction risk,cold climates,small genome,low variation,https://upload.wikimedia.org/wikipedia/commons/b/bd/Elephantopus_scaber_in_Narshapur_forest%2C_AP_W2_IMG_0829.jpg
Eleusine,Poaceae,Poales,0,0,0.444444444,0,0.074314214,.,1,1,0,.,.,1.974615385,31.06946573,About 44% of species are perennial,About 0% of species are woody,About 7% of species are agricultural,radial symmetry,selfing,chasmogamy,wind-pollinated,low extinction risk,cold climates,small genome,high variation,https://upload.wikimedia.org/wikipedia/commons/d/de/Eleusine_indica_Habitus_BotGardBln0906.JPG
Elodea,Hydrocharitaceae,Alismatales,0,0,1,0,0,.,1,0,0,.,.,4.59,0,About 1% of species are perennial,About 0% of species are woody,About 0% of species are cultivated,radial symmetry,selfing,asexual reproduction,wind-pollinated,low extinction risk,temperate climates,medium genome,low variation,https://upload.wikimedia.org/wikipedia/commons/e/ec/Elodea_canadensis.jpeg
Elymus,Poaceae,Poales,1.797814208,0.539344262,1,0,0.074314214,.,1,0.571428571,0,.,0.069,10.6325,32.0751238,About 100% of species are perennial,About 0% of species are woody,About 7% of species are agricultural,radial,selfing,obligate self-pollination,wind-pollinated,low extinction risk,cold climates,large genome,high variation,No image found
Elytrigia,Poaceae,Poales,3.846153846,0.25,1,0,0.074314214,.,1,0.5,0,.,.,.,.,About 100% of species are perennial,About 0% of species are woody,About 7% of species are herbaceous annuals,Unknown floral symmetry,Selfing mating system,Unknown reproductive syndrome,Wind-pollinated,Low extinction risk,Unknown average temperature,Unknown genome size,Unknown genome size variation,https://upload.wikimedia.org/wikipedia/commons/3/36/Elymus_canadensis.jpg
Emex,Polygonaceae,Caryophyllales,16.66666667,0.25,0,0,0.002727273,.,.,.,.,.,.,.,.,About 0% of species are perennial,About 0% of species are woody,About 0% of species are agricultural,radial or bilateral symmetry,mixed mating system,generalist reproductive syndrome,wind-pollinated,low extinction risk,cold climates,small genome,low variation,https://upload.wikimedia.org/wikipedia/commons/c/cb/Rumex_X_patientia_Sturm55.jpg
Emilia,Asteraceae,Asterales,33.33333333,0.333333333,.,0,0.00210989,0,.,.,1,.,.,3.58,.,About 98% of species are perennial,About 0% of species are woody,About 0% of species are annual,radial,mixed mating system,Obligate xenogamy,wind-pollinated,low extinction risk,temperate climates,medium genome,moderate variation,No image found
Empetrum,Ericaceae,Ericales,0,0,1,1,0,.,1,0.5,0.5,.,.,0.965,0,About 100% of species are perennial,About 100% of species are woody,About 0% of species are agamic,radial,selfing,asexual reproduction,insect-pollinated,low extinction risk,cold climates,small genome,low variation,https://upload.wikimedia.org/wikipedia/commons/5/53/Black_crowberry.jpg
Enarthrocarpus,Brassicaceae,Brassicales,0,0,0,0,0.00485306,.,.,.,.,.,.,.,.,About 0% of species are perennial,About 0% of species are woody,About 0% of species are agroforestry,radial,mixed mating,obligate xenogamy,wind-pollinated,low extinction risk,cold climates,small genome,low variation,https://upload.wikimedia.org/wikipedia/commons/d/dc/Enarthrocarpus_strangulatus_general_view.jpg
Encelia,Asteraceae,Asterales,26.19047619,0.785714286,1,1,0.00210989,.,.,.,.,.,.,1.57,.,About 100% of species are perennial,About 100% of species are woody,About 0% of species are grown as agricultural crops,radial symmetry,mixed mating system,self-pollinated,insect-pollinated,low extinction risk,cold climates,small genome,low variation,https://upload.wikimedia.org/wikipedia/commons/0/0a/Encelia_farinosa_form.jpg
Enceliopsis,Asteraceae,Asterales,0,0,1,0,0.00210989,.,.,.,.,.,.,.,.,About 100% of species are perennial,About 0% of species are woody,About 0% of species are agricultural,radial symmetry,mixed mating system,sexual reproduction,insect-pollinated,low extinction risk,cold climates,small genome,low variation,https://upload.wikimedia.org/wikipedia/commons/7/78/Enceliopsis_argophylla_1.jpg
Endressia,Apiaceae,Apiales,0,0,1,0,0.003968254,.,.,.,.,.,.,.,.,About 100% of species are perennial,About 0% of species are woody,About 0% of species are agricultural,radial symmetry,selfing,vegetative reproduction,insect-pollinated,low extinction risk,temperate climates,small genome,low variation,No image found
Enneapogon,Poaceae,Poales,0,0,0.833333333,0,0.074314214,.,.,.,0,.,.,.,.,About 83% of species are perennial,About 0% of species are woody,About 7% of species are cultivated,radial,selfing,obligate self-pollination,wind-pollinated,low extinction risk,temperate climates,small genome,low variation,https://upload.wikimedia.org/wikipedia/commons/f/f1/Enneapogon_nigricans.jpg
Entolasia,Poaceae,Poales,0,0,1,0,0.074314214,.,.,.,.,.,.,.,.,About 1% of species are perennial,About 0% of species are woody,About 7% of species are agricultural,radial,mixed mating system,sexual reproduction,insect-pollinated,low extinction risk,temperate climates,small genome,moderate variation,https://upload.wikimedia.org/wikipedia/commons/f/f1/Entolasia_marginata_spikelets3.jpg
Epacris,Ericaceae,Ericales,0,0,1,1,0,.,.,.,.,.,.,.,.,About 1% of species are perennial,About 1% of species are woody,About 0% of species are agricultural,radial symmetry,selfing,asexual reproduction,wind-pollinated,low extinction risk,cold climates,small genome,low variation,https://upload.wikimedia.org/wikipedia/commons/3/34/Epacris_longiflora_04.jpg
Ephedra,Ephedraceae,Gnetophyta,0.735294118,0.058823529,1,1,0,.,.,.,0,.,.,16.137,17.10015267,About 100% of species are perennial,About 100% of species are woody,About 0% of species are cultivated,radial symmetry,selfing,obligate self-pollination,wind-pollinated,low extinction risk,cold climates,large genome,high variation,No image found
Epilobium,Onagraceae,Myrtales,0.834575261,0.504918033,0.87295082,0.020491803,0.001538462,0,1,0.575,0.95,.,0.395,0.403333333,35.75753331,About 87% of species are perennial,About 2% of species are woody,About 0% of species are agricultural,radial,mixed mating,dioecious,wind-pollinated,low extinction risk,temperate climates,small genome,high variation,https://upload.wikimedia.org/wikipedia/commons/7/7d/Epilobium_hirsutum_04_ies.jpg
Epimedium,Berberidaceae,Ranunculales,0,0,.,0,0,.,1,.,1,2,.,4.1,.,About 50% of species are perennial,About 0% of species are woody,About 0% of species are cultivated,radial,mixed mating,dioecious,insect-pollinated,moderate risk,temperate climates,medium genome,moderate variation,https://upload.wikimedia.org/wikipedia/commons/2/2a/Elfenblume_%28Epimedium_x_versicolor%29.jpg
Epipactis,Orchidaceae,Asparagales,1.307189542,0.111111111,1,0,0,.,1,0.5,1,.,.,.,.,About 100% of species are perennial,About 0% of species are woody,About 0% of species are agricultural,radial symmetry,selfing,non-autonomous vegetative reproduction,wind-pollinated,low extinction risk,cold climates,small genome,low variation,https://upload.wikimedia.org/wikipedia/commons/4/4e/Epipactis_helleborine_flowers2_220703.jpg
Equisetum,Equisetaceae,Monilophyta,2.70531401,0.608695652,1,0,0,.,1,0.5,0.5,.,.,20.9847619,31.2741865,About 100% of species are perennial,About 0% of species are woody,About 0% of species are agricultural,radial,selfing,unknown reproductive syndrome,insect-pollinated,low extinction risk,warm climates,large genome,high variation,https://upload.wikimedia.org/wikipedia/commons/e/e9/Equisetum_telmateia%2C_Ireland_1_-_Ragnhild_%26_Neil_Crawford.jpg
Eragrostis,Poaceae,Poales,0,0,0.454545455,0,0.074314214,1,0.416666667,1,0,0,.,0.715,0,About 45% of species are perennial,About 0% of species are woody,About 7% of species are agriculturally important,radial,mixed mating system,obligate xenogamy,wind-pollinated,low extinction risk,cold climates,small genome,low variation,https://upload.wikimedia.org/wikipedia/commons/2/20/Starr_020124-8001_Eragrostis_cilianensis.jpg
Erechtites,Asteraceae,Asterales,0,0,0,0,0.00210989,.,1,1,1,.,.,5.376666667,14.06687265,About 0% of species are perennial,About 0% of species are woody,About 0% of species are agricultural,radial symmetry,selfing,wind-pollinated,wind-pollinated,low extinction risk,temperate climates,medium genome,moderate variation,https://upload.wikimedia.org/wikipedia/commons/d/d4/Erechtites_hieracifolia2.jpg
Eremalche,Malvaceae,Malvales,0,0,0,0,0.006153846,.,.,.,.,.,.,.,.,About 0% of species are perennial,About 0% of species are woody,About 1% of species are agricultural,radial symmetry,mixed mating system,opportunistic reproduction,insect-pollinated,low extinction risk,cold climates,small genome,low variation,https://upload.wikimedia.org/wikipedia/commons/9/9d/Eremalche_rotundifolia_8.jpg
Eremochloa,Poaceae,Poales,0,0,1,0,0.074314214,.,.,.,.,.,.,0.83,.,About 100% of species are perennial,About 0% of species are woody,About 7% of species are agricultural,unknown,unknown,unknown,unknown,low extinction risk,cold climates,small genome,low variation,https://upload.wikimedia.org/wikipedia/commons/a/a0/Eremochloa_bimaculata_stolon.jpg
Eremogone,Caryophyllaceae,Caryophyllales,0,0,1,0,0.001818182,.,.,.,.,.,.,.,.,About 100% of species are perennial,About 0% of species are woody,About 0% of species are agricultural,radial symmetry,mixed mating system,reproduction by seeds,wind-pollinated,low extinction risk,cold climates,small genome,low variation,https://upload.wikimedia.org/wikipedia/commons/6/63/Arenaria_ledebouriana.JPG
Eremophila,Scrophulariaceae,Lamiales,0,0,1,1,0.001764706,.,.,.,1,.,.,.,.,About 100% of species are perennial,About 100% of species are woody,About 0% of species are agricultural,radial,mixed mating system,obligate outcrossing,wind-pollinated,low extinction risk,cold climates,small genome,low variation,No image found
Eremopyrum,Poaceae,Poales,0,0,0,0,0.074314214,.,.,.,.,.,.,5.5,.,About 0% of species are perennial,About 0% of species are woody,About 7% of species are agroforestry,radial,selfing,dioecious,wind-pollinated,low extinction risk,temperate climates,medium genome,moderate variation,https://upload.wikimedia.org/wikipedia/commons/d/db/Eremopyrum_triticeum_%286180952581%29.jpg
Eremurus,Xanthorrhoeaceae,Asparagales,0,0,1,0,0,.,.,.,.,.,.,.,.,About 100% of species are perennial,About 0% of species are woody,About 0% of species are agricultural,radial symmetry,mixed mating system,sexual reproduction,insect-pollinated,low extinction risk,temperate climates,medium genome,moderate variation,https://upload.wikimedia.org/wikipedia/commons/1/15/Eremurus_himalaicus2C2000.jpg
Erianthus,Poaceae,Poales,0,0,1,0,0.074314214,.,.,.,.,.,.,.,.,About 1% of species are perennial,About 0% of species are woody,About 7% of species are agricultural,radial symmetry,mixed mating system,angiosperm reproduction,insect-pollinated,low extinction risk,temperate climates,small genome,moderate variation,No image found
Eriastrum,Polemoniaceae,Ericales,0,0,0.0625,0,0,.,.,.,.,.,.,.,.,About 6% of species are perennial,About 0% of species are woody,About 0% of species are agroforestry,radial symmetry,selfing,self-pollination,wind-pollinated,low extinction risk,cold climates,small genome,low variation,https://upload.wikimedia.org/wikipedia/commons/a/a2/Eriastrum_eremicum_3.jpg
Erica,Ericaceae,Ericales,1.411290323,0.21875,1,1,0,0,1,0.333333333,0.972222222,.,.,0.67,.,About 100% of species are perennial,About 100% of species are woody,About 0% of species are agro,radial,selfing,mixed selfing/outcrossing,insect-pollinated,low extinction risk,cold climates,small genome,low variation,No image found
Ericameria,Asteraceae,Asterales,1.307189542,0.111111111,1,1,0.00210989,.,.,.,.,.,.,.,.,About 100% of species are perennial,About 100% of species are woody,About 0% of species are agricultural,radial symmetry,mixed mating system,typically reproduces sexually,insect-pollinated,low extinction risk,temperate climates,small genome,low variation,https://upload.wikimedia.org/wikipedia/commons/6/65/Chrysothamnus_nauseosus_7991.jpg
Erigeron,Asteraceae,Asterales,0.073664825,0.066298343,0.860424028,0,0.00210989,0,0.909090909,0.727272727,1,3,.,1.39,62.66843666,About 86% of species are perennial,About 0% of species are woody,About 0% of species are of agricultural importance,radial,mixed mating system,primarily insect pollinated,insect-pollinated,moderate risk,temperate climates,small genome,high variation,https://upload.wikimedia.org/wikipedia/commons/4/40/Erigeron_Glaucus.jpg
Eriocaulon,Eriocaulaceae,Poales,0,0,0.666666667,0,0,0.5,.,.,0,2,.,4.19,.,About 67% of species are perennial,About 0% of species are woody,About 0% of species are agriculturally significant,bilateral,mixed mating system,self-pollination favored,wind-pollinated,moderate risk,temperate climates,medium genome,moderate variation,https://upload.wikimedia.org/wikipedia/commons/2/2d/Eriocaulon_nudicuspe.JPG
Eriochlamys,Asteraceae,Asterales,0,0,0,0,0.00210989,.,.,.,.,.,.,.,.,About 0% of species are perennial,About 0% of species are woody,About 0% of species are agricultural,unknown,unknown,unknown,unknown,low extinction risk,unknown,unknown,unknown,No image found
Eriochloa,Poaceae,Poales,0,0,0,0,0.074314214,.,.,.,0,.,.,.,.,About 0% of species are perennial,About 0% of species are woody,About 7% of species are agricultural,radial,mixed mating system,sexual reproduction,wind-pollinated,low extinction risk,cold climates,small genome,low variation,https://upload.wikimedia.org/wikipedia/commons/e/eb/Eriochloapolystachya.jpg
Eriodictyon,Boraginaceae,Boraginales,0,0,1,1,0.001824818,.,.,.,.,.,.,.,.,About 100% of species are perennial,About 100% of species are woody,About 0% of species are agricultural,radial symmetry,mixed mating system,seed reproduction,insect-pollinated,low extinction risk,cold climates,small genome,low variation,https://upload.wikimedia.org/wikipedia/commons/8/86/Eriodictyon_californicum_00096.JPG
Eriogonum,Polygonaceae,Caryophyllales,0.016457654,0.020242915,0.613360324,0.089068826,0.002727273,.,.,.,.,.,0.8,.,.,About 61% of species are perennial,About 9% of species are woody,About 0% of species are agricultural,radial symmetry,mixed mating system,vertebrate pollination,insect-pollinated,low extinction risk,warm climates,medium genome,moderate variation,https://upload.wikimedia.org/wikipedia/commons/d/dc/Eriogonum_compositum_5077.JPG
Erioneuron,Poaceae,Poales,0,0,1,0,0.074314214,.,.,.,.,.,.,.,.,About 100% of species are perennial,About 0% of species are woody,About 7% of species are agamic,radial symmetry,mixed mating system,typical angiosperm reproduction,insect-pollinated,low extinction risk,cold climates,small genome,moderate variation,No image found
Eriophorum,Cyperaceae,Poales,0.307692308,0.038461538,1,0,0.00045977,.,1,0.4,0,.,.,0.52,21.65063509,About 100% of species are perennial,About 0% of species are woody,About 0% of species are agricultural,radial symmetry,selfing,self-pollinated,wind-pollinated,low extinction risk,cold climates,small genome,high variation,https://upload.wikimedia.org/wikipedia/commons/2/2d/Eriophorum_Cotton_Grass.JPG
Eriophyllum,Asteraceae,Asterales,0.833333333,0.0625,0.388888889,0.333333333,0.00210989,.,1,1,1,.,.,.,.,About 39% of species are perennial,About 33% of species are woody,About 0% of species are agricultural,radial symmetry,selfing,vegetative reproduction,insect-pollinated,low extinction risk,temperate climates,small genome,low variation,https://upload.wikimedia.org/wikipedia/commons/c/c1/Eriophyllum_confertiflorum_2003-04-07.jpg
Eriostemon,Rutaceae,Sapindales,0,0,1,1,0.001652893,.,.,.,.,.,.,.,.,About 100% of species are perennial,About 100% of species are woody,About 0% of species are agricultural,radial or bilateral symmetry,mixed mating system,reproduces via seeds,insect-pollinated,low extinction risk,cold climates,small genome,low variation,https://upload.wikimedia.org/wikipedia/commons/5/50/Eriostemon_australasius_Ku-Ring-Gai_Chase_National_Park.jpg
Eritrichium,Boraginaceae,Boraginales,0,0,1,0,0.001824818,.,.,.,.,.,.,.,.,About 100% of species are perennial,About 0% of species are woody,About 0% of species are agricultural,radial symmetry,selfing,self-pollinating,wind-pollinated,low extinction risk,cold climates,small genome,low variation,https://upload.wikimedia.org/wikipedia/commons/6/6a/Plagiobothryscanescens.jpg
Erodium,Geraniaceae,Geraniales,0.039123631,0.013888889,0.47133758,0,0,.,1,1,1,.,.,.,.,About 47% of species are perennial,About 0% of species are woody,About 0% of species are agricultural,radial symmetry,selfing,hermaphroditic,insect-pollinated,low extinction risk,temperate climates,small genome,low variation,https://upload.wikimedia.org/wikipedia/commons/3/33/Erodium_January_2008-2.jpg
Erophila,Brassicaceae,Brassicales,0,0,0,0,0.00485306,.,1,1,1,.,.,0.4,.,About 0% of species are perennial,About 0% of species are woody,About 0% of species are agricultural,radial,selfing,asexual reproduction,wind-pollinated,low extinction risk,cold climates,small genome,low variation,https://upload.wikimedia.org/wikipedia/commons/c/c8/Whitlowgrass-3.jpg
Erucastrum,Brassicaceae,Brassicales,0,0,0.7,0,0.00485306,.,1,1,1,0,.,1.04,.,About 70% of species are perennial,About 0% of species are woody,About 0% of species are agricultural,radial,selfing,self-pollination,wind-pollinated,low extinction risk,temperate climates,small genome,moderate variation,https://upload.wikimedia.org/wikipedia/commons/7/7f/Erucastrum_lamarckii_Sturm36.jpg
Eryngium,Apiaceae,Apiales,0.235294118,0.058823529,0.704819277,0.058823529,0.003968254,.,1,1,0.984848485,.,0.887,1.65,64.4963535,About 70% of species are perennial,About 6% of species are woody,About 0% of species are agricultural,radial symmetry,selfing,vegetative reproduction,insect-pollinated,low extinction risk,warm climates,small genome,high variation,https://upload.wikimedia.org/wikipedia/commons/c/c1/EryngiumBourgatii.jpg
Erysimum,Brassicaceae,Brassicales,0.054644809,0.016393443,0.427419355,0.024590164,0.00485306,.,1,1,1,4,.,0.524285714,40.95057527,About 43% of species are perennial,About 2% of species are woody,About 0% of species are agricultural,radial symmetry,selfing,obligate asexual reproduction,wind-pollinated,high risk,cold climates,small genome,high variation,https://upload.wikimedia.org/wikipedia/en/1/1c/Erysimum-scoparium.jpg
Erythronium,Liliaceae,Liliales,0,0,1,0,0,.,.,.,.,.,0.82,31.31285714,13.47495133,About 100% of species are perennial,About 0% of species are woody,About 0% of species are agricultural,radial,mixed mating,long-styled flowers,insect-pollinated,low extinction risk,warm climates,large genome,moderate variation,https://upload.wikimedia.org/wikipedia/commons/f/f9/Dent-de-chien.JPG
Escallonia,Escalloniaceae,Escalloniales,0,0,1,1,0,.,.,1,1,.,.,2.38,137.2175248,About 1% of species are perennial,About 1% of species are woody,About 0% of species are agricultural,radial symmetry,self-incompatible,vegetative reproduction,wind-pollinated,moderate risk,temperate climates,medium genome,high variation,https://upload.wikimedia.org/wikipedia/commons/2/25/Escallonia-virgata-close.jpg
Eschscholzia,Papaveraceae,Ranunculales,0,0,0.107142857,0,0,.,1,1,1,.,.,1.13,.,About 11% of species are perennial,About 0% of species are woody,About 0% of species are agricultural,radial,selfing,vegetative reproduction,wind-pollinated,low extinction risk,cold climates,small genome,low variation,https://upload.wikimedia.org/wikipedia/commons/a/a1/California_poppy_%28Eschscholzia_californica%29_-_22.jpg
Eucalyptus,Myrtaceae,Myrtales,0.037789325,0.02739726,1,1,0.003243243,0,.,.,1,3.5,0.75925,0.6325,7.410057024,About 100% of species are perennial,About 100% of species are woody,About 0% of species are agricultural,radial,mixed mating system,likely insect pollinated and self-compatible,insect-pollinated,high risk,warm climates,small genome,moderate variation,https://upload.wikimedia.org/wikipedia/commons/4/4c/Eucalyptus_tereticornis_flowers%2C_capsules%2C_buds_and_foliage.jpeg
Euchiton,Asteraceae,Asterales,0,0,0.777777778,0,0.00210989,.,.,.,.,.,.,.,.,About 78% of species are perennial,About 0% of species are woody,About 0% of species are agriculturally important,radial,selfing,sexual reproduction,insect-pollinated,low extinction risk,temperate climates,medium genome,moderate variation,https://upload.wikimedia.org/wikipedia/commons/7/74/Euchiton_sphaericus.jpg
Eucnide,Loasaceae,Cornales,0,0,0.5,0.5,0,.,.,.,.,.,.,0.6,.,About 50% of species are perennial,About 50% of species are woody,About 0% of species are agriculturally important,radial symmetry,mixed mating system,self-pollination,wind-pollinated,low extinction risk,cold climates,small genome,moderate variation,https://upload.wikimedia.org/wikipedia/commons/8/8d/Eucnide_urens_3.jpg
Eucrypta,Boraginaceae,Boraginales,0,0,0,0,0.001824818,.,.,.,.,.,.,.,.,About 0% of species are perennial,About 0% of species are woody,About 0% of species are agricultural,radial symmetry,mixed mating system,obligate asexual reproduction,wind-pollinated,low extinction risk,cold climates,small genome,low variation,https://upload.wikimedia.org/wikipedia/commons/5/56/Eucryptachrysanthemifolia.jpg
Eugenia,Myrtaceae,Myrtales,33.33333333,0.333333333,1,1,0.003243243,.,.,.,1,1.993288591,0.835,0.267142857,13.61975151,About 100% of species are perennial,About 100% of species are woody,About 0% of species are agricultural,radial symmetry,selfing,autogamous,insect-pollinated,moderate risk,warm climates,small genome,moderate variation,https://upload.wikimedia.org/wikipedia/commons/a/a1/Eugenia1.jpg
Eulalia,Poaceae,Poales,0,0,0,0,0.074314214,.,.,.,0,.,.,.,.,0% of species are perennial,0% of species are woody,About 7% of species are annual,radial symmetry,mixed mating system,sexual reproduction,insect-pollinated,low extinction risk,cold climates,small genome,low variation,No image found
Euonymus,Celastraceae,Celastrales,0,0,1,1,0,.,1,1,1,1.59375,.,0.64,66.29126074,About 100% of species are perennial,About 100% of species are woody,About 0% of species are agricultural,radial,selfing,obligate selfing,wind-pollinated,moderate risk,temperate climates,small genome,high variation,https://upload.wikimedia.org/wikipedia/commons/9/96/Euonymus_europaeus.jpg
Eupatorium,Asteraceae,Asterales,0,0,1,0,0.00210989,.,1,0.5,1,.,.,2.52,0,About 100% of species are perennial,About 0% of species are woody,About 0% of species are cultivated,radial symmetry,selfing,non-parthenogenetic,wind-pollinated,low extinction risk,temperate climates,medium genome,low variation,https://upload.wikimedia.org/wikipedia/commons/a/a3/Taunus_in_Bad_Homburg_2021-08-12_09.jpg
Euphorbia,Euphorbiaceae,Malpighiales,0.023912004,0.024390244,0.599489796,0.043902439,0.01239531,0,0.961538462,0.821428571,1,2.062111801,.,5.867,94.27994642,About 60% of species are perennial,About 4% of species are woody,About 1% of species are agricultural,radial,self-incompatible,self-pollination,insect-pollinated,moderate risk,temperate climates,medium genome,high variation,https://upload.wikimedia.org/wikipedia/commons/6/62/Euphorbia_February_2008-2.jpg
Euphrasia,Orobanchaceae,Lamiales,3.178400547,1.207792208,0.075,0,0,.,1,1,1,.,.,2.73,.,About 8% of species are perennial,About 0% of species are woody,About 0% of species are cultivated,radial symmetry,selfing,angiosperm,wind-pollinated,low extinction risk,temperate climates,medium genome,moderate variation,https://upload.wikimedia.org/wikipedia/commons/9/9d/Augentrost.jpg
Eutaxia,Fabaceae,Fabales,100,0.5,1,1,0.096494845,.,.,.,.,.,.,1.62,.,About 1% of species are perennial,About 1% of species are woody,About 10% of species are agricultural,radial,mixed mating system,typical sexual reproduction,insect-pollinated,low extinction risk,cold climates,small genome,low variation,https://upload.wikimedia.org/wikipedia/commons/9/99/Eutaxia_obovata_c.JPG
Euthamia,Asteraceae,Asterales,0,0,1,0,0.00210989,.,1,0.5,1,.,.,.,.,About 100% of species are perennial,About 0% of species are woody,About 0% of species are agricultural,radial,selfing,agamagamic,insect-pollinated,low extinction risk,temperate climates,small genome,moderate variation,https://upload.wikimedia.org/wikipedia/commons/0/05/Euthamia_graminifolia_-_Grass_Leaf_Goldenrod.jpg
Evax,Asteraceae,Asterales,0,0,0,0,0.00210989,.,.,.,.,.,.,.,.,About 0% of species are perennial,About 0% of species are woody,About 0% of species are agricultural,radial or bilateral symmetry,mixed mating system,wind-pollinated,wind-pollinated,low extinction risk,temperate climates,small genome,low variation,https://upload.wikimedia.org/wikipedia/commons/3/33/Filago_arvensis2_W.jpg
Evonymus,Celastraceae,Celastrales,0,0,1,1,0,.,.,.,.,.,.,.,.,About 100% of species are perennial,About 100% of species are woody,About 0% of species are agricultural,radial,selfing,apomixis,insect-pollinated,low extinction risk,temperate climates,medium genome,moderate variation,No image found
Exocarpos,Santalaceae,Santalales,0,0,1,0.888888889,0.002139037,.,.,.,0,3,.,.,.,About 100% of species are perennial,About 89% of species are woody,About 0% of species are agricultural,radial symmetry,mixed mating system,angiosperm reproduction,wind-pollinated,moderate risk,temperate climates,medium genome,moderate variation,https://upload.wikimedia.org/wikipedia/commons/5/55/Exocarpos_cupressiformis.jpg
Fagopyrum,Polygonaceae,Caryophyllales,0,0,0.166666667,0,0.002727273,.,1,1,1,.,.,1.44,.,About 17% of species are perennial,About 0% of species are woody,About 0% of species are agricultural,radial symmetry,selfing,obligate asexual reproduction,wind-pollinated,low extinction risk,cold climates,small genome,low variation,https://upload.wikimedia.org/wikipedia/commons/f/ff/Fagopyrum_esculentum2.jpg
Fagus,Fagaceae,Fagales,0,0,1,1,0.001492537,.,1,1,0,2,1.015,0.595714286,4.124072787,About 100% of species are perennial,About 100% of species are woody,About 0% of species are grown as crops,radial symmetry,selfing,vegetative reproduction,wind-pollinated,moderate risk,warm climates,small genome,low variation,https://upload.wikimedia.org/wikipedia/commons/1/1c/Beech-tree.JPG
Fallopia,Polygonaceae,Caryophyllales,9.523809524,0.285714286,0.571428571,0.142857143,0.002727273,.,1,0.833333333,0.833333333,.,.,1.7875,60.87903891,About 57% of species are perennial,About 14% of species are woody,About 0% of species are agricultural,radial symmetry,mixed mating system,seed reproduction,insect-pollinated,moderate risk,temperate climates,small genome,high variation,https://upload.wikimedia.org/wikipedia/commons/1/19/Illustration_Fallopia_dumetorum0.jpg
Ferocactus,Cactaceae,Caryophyllales,0,0,1,1,0,.,.,.,.,.,.,1.4,.,About 100% of species are perennial,About 100% of species are woody,About 0% of species are agricultural,radial symmetry,mixed mating system,seed reproduction,insect-pollinated,low extinction risk,cold climates,small genome,low variation,https://upload.wikimedia.org/wikipedia/commons/6/61/Ferocactus_glaucescens_Prg1.jpg
Ferula,Apiaceae,Apiales,0,0,1,0,0.003968254,.,.,.,.,.,.,1.896666667,25.7220199,About 100% of species are perennial,About 0% of species are woody,About 0% of species are agricultural,radial,mixed mating system,annual lifecycle,insect-pollinated,low extinction risk,cold climates,small genome,high variation,https://upload.wikimedia.org/wikipedia/commons/2/2c/Ferula_communis2.jpg
Ferulago,Apiaceae,Apiales,0,0,1,0,0.003968254,.,.,.,.,.,.,.,.,About 100% of species are perennial,About 0% of species are woody,About 0% of species are agricultural,radial symmetry,selfing,autogamous,wind-pollinated,low extinction risk,cold climates,small genome,low variation,https://upload.wikimedia.org/wikipedia/commons/a/a2/Apiaceae_-_Ferulago_campestris.JPG
Festuca,Poaceae,Poales,0.051848673,0.061181435,0.995780591,0,0.074314214,.,1,0.838709677,0,1,0.001,5.66075,42.20050435,About 100% of species are perennial,About 0% of species are woody,About 7% of species are agriculturally important,radial symmetry,selfing,outcrossing,wind-pollinated,moderate risk,cold climates,medium genome,high variation,https://upload.wikimedia.org/wikipedia/commons/8/8a/Lolium-pratense1web.jpg
Festucopsis,Poaceae,Poales,0,0,1,0,0.074314214,.,.,.,.,.,.,.,.,About 100% of species are perennial,About 0% of species are woody,About 7% of species are agricultural,radial symmetry,selfing,autotrophic asexual reproduction,insect-pollinated,low extinction risk,temperate climates,small genome,moderate variation,No image found
Fibigia,Brassicaceae,Brassicales,0,0,1,0,0.00485306,.,.,.,.,.,.,1.28,2.066993212,About 100% of species are perennial,About 0% of species are woody,About 0% of species are agriculturally significant,radial symmetry,mixed mating system,sexual reproduction,insect-pollinated,low extinction risk,cold climates,small genome,low variation,https://upload.wikimedia.org/wikipedia/commons/2/23/Fibigia_eriocarpa.png
Filago,Asteraceae,Asterales,0.529100529,0.071428571,0,0,0.00210989,.,1,1,1,.,.,.,.,0% of species are perennial,0% of species are woody,About 0% of species are agricultural,radial,selfing,obligate selfing,wind-pollinated,low extinction risk,cold climates,small genome,low variation,https://upload.wikimedia.org/wikipedia/commons/c/c9/Marne1.JPG
Filipendula,Rosaceae,Rosales,0,0,1,0,0.001060071,.,1,0.5,1,.,0.96,.,.,About 100% of species are perennial,About 0% of species are woody,About 0% of species are agricultural,radial symmetry,selfing,vegetative reproduction,insect-pollinated,low extinction risk,warm climates,medium genome,moderate variation,https://upload.wikimedia.org/wikipedia/commons/5/5d/Filipendula-ulmaria.JPG
Fimbristylis,Cyperaceae,Poales,0,0,0.454545455,0,0.00045977,0.5,.,.,0,.,.,.,.,About 45% of species are perennial,About 0% of species are woody,About 0% of species are agricultural,radial,Unknown mating system,Unknown reproductive syndrome,wind-pollinated,Unknown RedList status,Unknown average temperature,Unknown C value,Unknown CV C value,https://upload.wikimedia.org/wikipedia/commons/d/da/Fimbristylis_dichotoma_var_tentsuki_tentuki01.jpg
Foeniculum,Apiaceae,Apiales,0,0,0.5,0,0.003968254,.,1,.,1,.,.,4.64,0,About 50% of species are perennial,About 0% of species are woody,About 0% of species are agroforestry species,radial symmetry,selfing,pollination syndrome,insect-pollinated,low extinction risk,temperate climates,medium genome,low variation,https://upload.wikimedia.org/wikipedia/commons/c/c0/Foeniculum_July_2011-1a.jpg
Forestiera,Oleaceae,Lamiales,0,0,1,1,0.003252033,.,.,.,.,4,.,.,.,About 100% of species are perennial,About 100% of species are woody,About 0% of species are agricultural,radial symmetry,mixed mating system,seed reproduction,insect-pollinated,high risk,temperate climates,medium genome,moderate variation,https://upload.wikimedia.org/wikipedia/commons/8/80/Forestiera_pubescens_3.jpg
Forsythia,Oleaceae,Lamiales,0,0,1,1,0.003252033,.,1,0.5,1,.,.,.,.,About 100% of species are perennial,About 100% of species are woody,About 0% of species are agricultural,radial,selfing,sexual reproduction,wind-pollinated,low extinction risk,temperate climates,medium genome,moderate variation,https://upload.wikimedia.org/wikipedia/commons/5/51/Forsythia_flower.JPG
Fragaria,Rosaceae,Rosales,0,0,1,0,0.001060071,.,1,0.25,1,.,.,0.311666667,58.43331927,About 100% of species are perennial,About 0% of species are woody,About 0% of species are agricultural,radial,selfing,vegetative reproduction,insect-pollinated,low extinction risk,cold climates,small genome,high variation,https://upload.wikimedia.org/wikipedia/commons/0/03/103_Fragaria_vesca_L.jpg
Frangula,Rhamnaceae,Rosales,0,0,1,1,0.004444444,.,1,1,1,0.5,.,0.403333333,13.59874601,About 100% of species are perennial,About 100% of species are woody,About 0% of species are agamospermous,radial symmetry,selfing,self-pollination,wind-pollinated,low extinction risk,cold climates,small genome,moderate variation,https://upload.wikimedia.org/wikipedia/commons/9/91/Rhamnus_frangula.jpg
Frankenia,Frankeniaceae,Caryophyllales,0,0,0.8125,0.8,0,.,.,0.5,1,2,.,0.32,.,About 81% of species are perennial,About 80% of species are woody,About 0% of species are agricultural,radial symmetry,mixed mating system,moderate reproductive syndrome,insect-pollinated,moderate risk,cold climates,small genome,low variation,https://upload.wikimedia.org/wikipedia/commons/8/8a/Frankenia_palmeri.jpg
Frasera,Gentianaceae,Gentianales,0,0,0.625,0,0,.,.,.,.,.,.,.,.,About 63% of species are perennial,About 0% of species are woody,About 0% of species are agricultural,radial symmetry,mixed mating system,unknown reproductive syndrome,unknown pollination syndrome,low extinction risk,temperate climates,small genome,low variation,https://upload.wikimedia.org/wikipedia/commons/9/97/Frasera_albomarginata_2.jpg
Fraxinus,Oleaceae,Lamiales,0.476190476,0.047619048,1,1,0.003252033,.,1,0.833333333,0.25,2.25,0.9775,1.126,25.77478254,About 100% of species are perennial,About 100% of species are woody,About 0% of species are agricultural,radial,selfing,intermediate reproductive syndrome,insect-pollinated,moderate risk,warm climates,small genome,high variation,https://upload.wikimedia.org/wikipedia/commons/8/8e/Fraxinus_ornus_-_K%C3%B6hler%E2%80%93s_Medizinal-Pflanzen-062.jpg
Fremontodendron,Malvaceae,Malvales,0,0,1,1,0.006153846,.,.,.,.,.,.,.,.,About 100% of species are perennial,About 100% of species are woody,About 1% of species are cultivated,radial symmetry,mixed mating system,standard floral syndrome,insect-pollinated,low extinction risk,temperate climates,small genome,low variation,https://upload.wikimedia.org/wikipedia/commons/6/64/Fremontodendron_Ken_Taylor.jpg
Fritillaria,Liliaceae,Liliales,0.096618357,0.02173913,1,0,0,.,1,1,1,.,.,62.70506849,24.84154146,About 100% of species are perennial,About 0% of species are woody,About 0% of species are agricultural,bilateral,selfing,autogamous,insect-pollinated,low extinction risk,warm climates,large genome,high variation,https://upload.wikimedia.org/wikipedia/commons/6/68/Fritillaria_meleagris0.jpg
Froelichia,Amaranthaceae,Caryophyllales,100,0.5,0,0,0.041463415,.,.,.,1,2,.,.,.,About 0% of species are perennial,About 0% of species are woody,About 4% of species are annual,radial,mixed mating system,generalist reproduction,insect-pollinated,moderate risk,temperate climates,small genome,low variation,https://upload.wikimedia.org/wikipedia/commons/4/4c/Ffloridana.jpg
Fuchsia,Onagraceae,Myrtales,0,0,1,1,0.001538462,.,.,.,1,1.5,.,1.455384615,22.42205726,About 100% of species are perennial,About 100% of species are woody,About 0% of species are agricultural,radial symmetry,selfing,autogamy,wind-pollinated,moderate risk,cold climates,small genome,high variation,https://upload.wikimedia.org/wikipedia/commons/b/bf/Brincos_De_Princesa.jpg
Fuirena,Cyperaceae,Poales,0,0,0.5,0,0.00045977,.,.,.,.,.,.,.,.,About 50% of species are perennial,About 0% of species are woody,About 0% of species are agricultural,radial symmetry,mixed mating system,sexual reproduction,insect-pollinated,low extinction risk,temperate climates,small genome,high variation,https://upload.wikimedia.org/wikipedia/commons/f/f5/Fuirena_squarrosa_NRCS-1.jpg
Fumana,Cistaceae,Malvales,3.571428571,0.125,1,1,0.011428571,.,1,1,1,.,.,.,.,About 100% of species are perennial,About 100% of species are woody,About 1% of species are agricultural,radial,selfing,self-pollination,wind-pollinated,low extinction risk,temperate climates,small genome,low variation,https://upload.wikimedia.org/wikipedia/commons/9/9b/Fumana_arabica_-_Mediterranean_rockrose_04.jpg
Fumaria,Papaveraceae,Ranunculales,0.31372549,0.078431373,0,0,0,1,1,1,1,.,.,0.55,.,About 0% of species are perennial,About 0% of species are woody,About 0% of species are agricultural,radial,selfing,angiosperm reproduction,wind-pollinated,low extinction risk,cold climates,small genome,low variation,https://upload.wikimedia.org/wikipedia/commons/0/0d/Fumaria.jpg
Gagea,Liliaceae,Liliales,0,0,1,0,0,.,1,0.25,1,.,.,13.07714286,49.39580352,About 100% of species are perennial,About 0% of species are woody,About 0% of species are agricultural,radial symmetry,selfing,vegetative reproduction,insect-pollinated,low extinction risk,temperate climates,large genome,high variation,https://upload.wikimedia.org/wikipedia/commons/e/e3/Gagea_whole_plant.jpg
Gahnia,Cyperaceae,Poales,0,0,1,0,0.00045977,.,.,.,.,.,.,.,.,About 1% of species are perennial,About 0% of species are woody,About 0% of species are agricultural,Radial symmetry is present,Mixed mating system,Reproduction is likely facilitated by external agents,Pollination by wind is possible,Low extinction risk,Cold climates,Small genome,Low variation,https://upload.wikimedia.org/wikipedia/commons/7/78/Starr_031001-0122_Morelotia_gahniiformis.jpg
Gaillardia,Asteraceae,Asterales,0,0,0.769230769,0,0.00210989,.,.,.,.,.,.,.,.,About 77% of species are perennial,About 0% of species are woody,About 0% of species are agro-biodiversity,Radial symmetry,Mixed mating system,Autogamous reproduction,Insect-pollinated,Low extinction risk,Temperate climates,Medium genome,Low variation,https://upload.wikimedia.org/wikipedia/commons/8/89/Gaillardia_in_Aspen_%2891273%29.jpg
Galactia,Fabaceae,Fabales,0,0,1,0,0.096494845,.,.,.,1,.,.,.,.,About 1% of species are perennial,About 0% of species are woody,About 10% of species are agricultural,radial,selfing,self-pollinated,insect-pollinated,low extinction risk,cold climates,small genome,low variation,https://upload.wikimedia.org/wikipedia/commons/d/d0/Galactia_striata.jpg
Galactites,Asteraceae,Asterales,0,0,0,0,0.00210989,.,.,.,1,.,.,.,.,About 0% of species are perennial,About 0% of species are woody,About 0% of species are annual,radial,selfing,requires assistance for reproduction,insect-pollinated,low extinction risk,cold climates,small genome,low variation,https://upload.wikimedia.org/wikipedia/commons/2/22/Galactites_elegans.jpg
Galanthus,Amaryllidaceae,Asparagales,4.545454545,0.25,1,0,0,.,1,0.5,1,.,.,39.711875,29.7086049,About 1% of species are perennial,About 0% of species are woody,About 0% of species are agriculturally important,radial symmetry,selfing,parthenogenesis,insect-pollinated,low extinction risk,warm climates,large genome,high variation,https://upload.wikimedia.org/wikipedia/commons/2/23/Galanthus_nivalis.jpg
Galega,Fabaceae,Fabales,0,0,1,0,0.096494845,.,1,1,1,.,.,2.21,.,About 100% of species are perennial,About 0% of species are woody,About 10% of species are agriculturally important,radial symmetry,selfing,sexual reproduction,wind-pollinated,low extinction risk,temperate climates,medium genome,moderate variation,https://upload.wikimedia.org/wikipedia/commons/f/fd/Galega_orientalis_Rehuvuohenherne_C_IMG_4803.JPG
Galeopsis,Lamiaceae,Lamiales,5.147058824,0.411764706,0,0,0.004320557,.,1,1,1,.,.,.,.,About 0% of species are perennial,About 0% of species are woody,About 0% of species are agricultural,radial,selfing,obligate outcrossing,wind-pollinated,low extinction risk,cold climates,small genome,low variation,https://upload.wikimedia.org/wikipedia/commons/f/fc/Galeopsis_tetrahit_-_kare_k%C3%B5rvik_Keilas.jpg
Galinsoga,Asteraceae,Asterales,0,0,0,0,0.00210989,0,1,1,1,.,.,1.336666667,44.27311915,About 0% of species are perennial,About 0% of species are woody,About 0% of species are agricultural,radial,selfing,autogamous,wind-pollinated,low extinction risk,cold climates,small genome,high variation,https://upload.wikimedia.org/wikipedia/commons/7/77/Galinsoga_quadriradiata.jpg
Galium,Rubiaceae,Gentianales,0.081892896,0.106870229,0.825726141,0.024621212,6.00E-04,.,1,0.685185185,1,2.666666667,.,1.521818182,32.81399218,About 83% of species are perennial,About 2% of species are woody,About 0% of species are agricultural,radial,mixed mating system,likely reproduces sexually,insect-pollinated,moderate risk,temperate climates,small genome,high variation,https://upload.wikimedia.org/wikipedia/commons/d/de/Flowers_February_2008-4.jpg
Gamochaeta,Asteraceae,Asterales,0,0,0.25,0,0.00210989,.,.,.,0.5,3,.,.,.,About 25% of species are perennial,About 0% of species are woody,About 0% of species are agamic,radial symmetry,mixed mating system,sexual reproduction,insect-pollinated,moderate risk,temperate climates,medium genome,moderate variation,https://upload.wikimedia.org/wikipedia/commons/a/ac/Gamochaeta_calviceps.jpg
Gardenia,Rubiaceae,Gentianales,0,0,1,1,6.00E-04,0,.,.,.,2.307692308,.,1.3,.,About 100% of species are perennial,About 100% of species are woody,About 0% of species are agricultural,radial,unknown mating system,unknown reproductive syndrome,unknown pollination syndrome,moderate risk,temperate climates,small genome,moderate variation,https://upload.wikimedia.org/wikipedia/commons/4/42/Gardeniaflower.jpg
Garrya,Garryaceae,Garryales,0,0,1,1,0,.,.,.,.,.,.,1.52,.,About 100% of species are perennial,About 100% of species are woody,About 0% of species are agricultural,radial symmetry,mixed mating system,asexual reproduction,wind-pollinated,low extinction risk,cold climates,small genome,moderate variation,https://upload.wikimedia.org/wikipedia/commons/6/61/Garrya-sp.jpg
Gastridium,Poaceae,Poales,0,0,0,0,0.074314214,.,.,1,0,.,.,.,.,About 0% of species are perennial,About 0% of species are woody,About 7% of species are agricultural,radial,obligately selfing,self-pollination,wind-pollinated,low extinction risk,cold climates,small genome,low variation,https://upload.wikimedia.org/wikipedia/commons/3/34/Gastridium_phleoides.jpg
Gastrodia,Orchidaceae,Asparagales,0,0,1,0,0,.,.,.,.,3,.,.,.,About 100% of species are perennial,About 0% of species are woody,About 0% of species are agricultural,radial symmetry,mixed mating system,self-pollinating,insect-pollinated,moderate risk,temperate climates,medium genome,moderate variation,https://upload.wikimedia.org/wikipedia/commons/8/87/Gastrodia_elata_1.JPG
Gaudinia,Poaceae,Poales,0,0,0.5,0,0.074314214,.,1,1,0,.,.,.,.,About 50% of species are perennial,About 0% of species are woody,About 7% of species are agricultural,radial symmetry,selfing,asexual reproduction,wind-pollinated,low extinction risk,temperate climates,small genome,low variation,https://upload.wikimedia.org/wikipedia/commons/c/c9/Gaudinia_fragilis_-_Botanischer_Garten_M%C3%BCnchen-Nymphenburg_-_DSC07884.JPG
Gaultheria,Ericaceae,Ericales,2.222222222,0.1,1,1,0,.,.,.,1,2,.,.,.,About 100% of species are perennial,About 100% of species are woody,About 0% of species are agricultural,radial,selfing,dioecious,insect-pollinated,moderate risk,temperate climates,medium genome,moderate variation,https://upload.wikimedia.org/wikipedia/commons/3/3f/Salal_%28Gaultheria_shallon%29_Leaf_and_Flowers.jpg
Gaura,Onagraceae,Myrtales,0,0,0.5,0,0.001538462,.,.,.,.,.,.,.,.,About 50% of species are perennial,About 0% of species are woody,About 0% of species are agricultural,radial symmetry,mixed mating system,autotrophic,wind-pollinated,low extinction risk,temperate climates,medium genome,moderate variation,https://upload.wikimedia.org/wikipedia/commons/7/73/%28MHNT%29_Oenothera_lindheimeri.jpg
Gaylussacia,Ericaceae,Ericales,0,0,1,1,0,.,.,.,1,.,.,.,.,About 100% of species are perennial,About 100% of species are woody,About 0% of species are agroforestry,radial symmetry,self-pollination,self-pollination,wind-pollinated,low extinction risk,cold climates,small genome,low variation,https://upload.wikimedia.org/wikipedia/commons/d/de/Gaylussacia_pulchra_Pohl127.png
Gayophytum,Onagraceae,Myrtales,3.03030303,0.166666667,0,0,0.001538462,.,.,.,.,.,.,.,.,About 0% of species are perennial,About 0% of species are woody,About 0% of species are agricultural,radial,mixed mating system,obligate xenogamy,wind-pollinated,low extinction risk,cold climates,small genome,low variation,https://upload.wikimedia.org/wikipedia/commons/6/6c/Gayophytumdiffusum.jpg
Gazania,Asteraceae,Asterales,100,0.5,1,0,0.00210989,0,.,.,.,4,.,.,.,About 100% of species are perennial,About 0% of species are woody,About 0% of species are agriculturally important,radial symmetry,Unknown mating system,Unknown reproductive syndrome,Unknown pollination syndrome,high risk,Unknown temperature average,Unknown C value,Unknown CV C value,https://upload.wikimedia.org/wikipedia/commons/e/e3/Gardenology.org-IMG_0043_rbgm10dec.jpg
Genista,Fabaceae,Fabales,0.127877238,0.043478261,1,1,0.096494845,.,1,0.9,1,.,.,1.39,37.74065338,About 1% of species are perennial,About 1% of species are woody,About 10% of species are agriculturally important,radial,mixed mating system,self-pollinating,wind-pollinated,low extinction risk,cold climates,small genome,high variation,https://upload.wikimedia.org/wikipedia/commons/9/90/French_Broom2.jpg
Genoplesium,Orchidaceae,Asparagales,0,0,1,0,0,.,.,.,.,.,.,.,.,About 1% of species are perennial,About 0% of species are woody,About 0% of species are agricultural,radial,selfing,autotrophic,wind-pollinated,low extinction risk,cold climates,small genome,low variation,https://upload.wikimedia.org/wikipedia/commons/f/f6/Fringed_Orchid_Long_Track.JPG
Gentiana,Gentianaceae,Gentianales,0.519480519,0.142857143,0.865384615,0,0,.,1,0.807692308,1,.,.,3.668,13.64251183,About 87% of species are perennial,About 0% of species are woody,About 0% of species are agricultural,radial symmetry,selfing,dioecious or monoecious with wind pollination,wind-pollinated,low extinction risk,temperate climates,medium genome,moderate variation,https://upload.wikimedia.org/wikipedia/commons/c/cc/Gentiana-verna2.jpg
Gentianella,Gentianaceae,Gentianales,0.984126984,0.172222222,0,0,0,.,1,1,1,1.909090909,.,.,.,About 0% of species are perennial,About 0% of species are woody,About 0% of species are annual,radial,selfing,asexual reproduction,wind-pollinated,moderate risk,temperate climates,medium genome,moderate variation,https://upload.wikimedia.org/wikipedia/commons/5/5c/Gentianella_aspera_Hochanger_20210821.jpg
Gentianopsis,Gentianaceae,Gentianales,0,0,0.1875,0,0,.,1,0.5,1,.,.,9.62,0,About 19% of species are perennial,About 0% of species are woody,About 0% of species are agroforestry,radial,selfing,obligate asexual reproduction,wind-pollinated,low extinction risk,temperate climates,large genome,low variation,https://upload.wikimedia.org/wikipedia/commons/5/5d/Gentianopsis_ciliata_150907.jpg
Geraea,Asteraceae,Asterales,50,0.25,0,0,0.00210989,.,.,.,.,.,.,.,.,About 0% of species are perennial,About 0% of species are woody,About 0% of species are agricultural,unknown,unknown,unknown,unknown,low extinction risk,unknown,small genome,low variation,https://upload.wikimedia.org/wikipedia/commons/4/4a/Geraea_canescens_2005-02-20.jpg
Geranium,Geraniaceae,Geraniales,0.057830211,0.037878788,0.681818182,0.03030303,0,0,1,0.8,0.975,2.375,0.88,1.315,35.99939279,About 68% of species are perennial,About 3% of species are woody,About 0% of species are agricultural,radial,mixed,typically insect-pollinated,insect-pollinated,moderate risk,warm climates,small genome,high variation,https://upload.wikimedia.org/wikipedia/commons/a/a7/Geranium_February_2008-1.jpg
Geum,Rosaceae,Rosales,0.674763833,0.128205128,1,0,0.001060071,.,1,0.5,1,.,0.62575,.,.,About 100% of species are perennial,About 0% of species are woody,About 0% of species are agricultural,radial symmetry,mixed mating system,outcrossing,insect-pollinated,low extinction risk,temperate climates,medium genome,low variation,https://upload.wikimedia.org/wikipedia/commons/b/b1/Geum_coccineum2.jpg
Gilia,Polemoniaceae,Ericales,0,0,0.695121951,0,0,.,.,.,.,.,0.573,.,.,About 70% of species are perennial,About 0% of species are woody,About 0% of species are agricultural,"Information not available, likely diverse","Information not available, likely diverse","Information not available, likely diverse","Information not available, likely diverse",Low extinction risk,Temperate climates,"Information not available, likely diverse genome sizes","Information not available, likely diverse genome size variation",https://upload.wikimedia.org/wikipedia/commons/4/44/Gilia_achilleifolia_NPS.jpg
Githopsis,Campanulaceae,Asterales,0,0,0,0,0,.,.,.,.,.,.,.,.,About 0% of species are perennial,About 0% of species are woody,About 0% of species are agricultural,Unknown floral symmetry,Unknown mating system,Unknown reproductive syndrome,Unknown pollination syndrome,Unknown RedList status,Unknown average temperature,Unknown C value,Unknown CV C value,https://upload.wikimedia.org/wikipedia/commons/c/cc/Githopsisdiffusa.jpg
Gladiolus,Iridaceae,Asparagales,1.515151515,0.083333333,1,0,0,0.903846154,1,0.5,1,2,.,1.38,.,About 1% of species are perennial,About 0% of species are woody,About 0% of species are of agricultural importance,radial,selfing,primarily vegetative,wind-pollinated,moderate risk,temperate climates,small genome,low variation,https://upload.wikimedia.org/wikipedia/commons/4/45/0_Gladiolus_italicus_-_Samo%C3%ABns_%281%29.JPG
Glaucium,Papaveraceae,Ranunculales,0,0,0.3,0,0,.,1,1,1,.,.,0.6,.,About 30% of species are perennial,About 0% of species are woody,About 0% of species are agricultural,radial symmetry,selfing,asexual reproduction,wind-pollinated,low extinction risk,cold climates,small genome,low variation,https://upload.wikimedia.org/wikipedia/commons/e/e0/Flower_Dellys_beach.jpg
Glechoma,Lamiaceae,Lamiales,10,0.2,1,0,0.004320557,.,1,0.5,1,.,.,.,.,About 100% of species are perennial,About 0% of species are woody,About 0% of species are agricultural,radial symmetry,selfing,sexual reproduction,wind-pollinated,low extinction risk,temperate climates,small genome,moderate variation,https://upload.wikimedia.org/wikipedia/commons/3/3a/Glechoma_hederacea_-_Bluszczyk_kurdybanek_cm01.jpg
Gleichenia,Gleicheniaceae,Monilophyta,0,0,1,0,0,.,.,.,.,.,.,.,.,About 100% of species are perennial,About 0% of species are woody,About 0% of species are agricultural,Unknown floral symmetry,Unknown mating system,Unknown reproductive syndrome,Unknown pollination syndrome,Low extinction risk,Unknown climate,Unknown genome size,Unknown genome variation,https://upload.wikimedia.org/wikipedia/commons/0/06/Gleichenia_microphylla.jpg
Glinus,Molluginaceae,Caryophyllales,0,0,0,0,0.022988506,.,.,.,.,.,.,.,.,About 0% of species are perennial,About 0% of species are woody,About 2% of species are agricultural,radial,mixed mating system,unassisted self-pollination,wind-pollinated,low extinction risk,cold climates,small genome,low variation,https://upload.wikimedia.org/wikipedia/commons/7/79/Glinus_oppositifolius_%28Bitter_cumin%29_W2_IMG_0463.jpg
Globularia,Plantaginaceae,Lamiales,0.952380952,0.066666667,1,0.4,0.005925926,.,1,0.666666667,1,.,.,0.615,44.84091783,About 100% of species are perennial,About 40% of species are woody,About 1% of species are agricultural,radial symmetry,selfing,obligate asexual,insect-pollinated,low extinction risk,cold climates,small genome,high variation,https://upload.wikimedia.org/wikipedia/commons/f/f5/Globularia_repens02.jpg
Glossodia,Orchidaceae,Asparagales,200,1,1,0,0,.,.,.,.,.,.,.,.,About 1% of species are perennial,About 0% of species are woody,About 0% of species are agamic,radial symmetry,mixed mating system,reproduction through seeds,insect-pollinated,low extinction risk,cold climates,small genome,low variation,https://upload.wikimedia.org/wikipedia/commons/9/98/Waxlip_closeup.jpg
Glossopetalon,Crossosomataceae,Crossosomatales,0,0,1,1,0,.,.,.,.,.,.,.,.,About 100% of species are perennial,About 100% of species are woody,About 0% of species are agricultural,radial symmetry,obligately selfing,no information,wind-pollinated,low extinction risk,cold climates,small genome,low variation,https://upload.wikimedia.org/wikipedia/commons/7/74/Glossopetalon_spinescens_var_aridum_3.jpg
Glossostigma,Phrymaceae,Lamiales,0,0,0.5,0,0,.,.,.,.,.,.,.,.,About 50% of species are perennial,About 0% of species are woody,About 0% of species are agricultural,radial symmetry,mixed mating system,sexual reproduction,insect-pollinated,low extinction risk,temperate climates,small genome,low variation,https://upload.wikimedia.org/wikipedia/commons/9/92/Glossostigma_%2815415345411%29.jpg
Glyceria,Poaceae,Poales,0.332225914,0.069767442,0.988636364,0,0.074314214,.,1,0.357142857,0,.,.,3.93,79.16717143,About 99% of species are perennial,About 0% of species are woody,About 7% of species are agriculturally important,radial symmetry,selfing,Obligate xenogamy,wind-pollinated,low extinction risk,temperate climates,medium genome,high variation,https://upload.wikimedia.org/wikipedia/commons/8/82/Glyceria_striata.jpg
Glycine,Fabaceae,Fabales,0,0,1,0,0.096494845,.,.,.,1,.,0.246,1.364705882,15.97430407,About 100% of species are perennial,About 0% of species are woody,About 10% of species are agroforestry,radial symmetry,mixed mating system,requires pollination,insect-pollinated,low extinction risk,cold climates,small genome,high variation,https://upload.wikimedia.org/wikipedia/commons/thumb/1/18/Glycine-2D-skeletal.svg/1100px-Glycine-2D-skeletal.svg.png
Glycyrrhiza,Fabaceae,Fabales,0,0,1,0,0.096494845,.,.,.,.,.,.,.,.,About 1% of species are perennial,About 0% of species are woody,About 10% of species are agricultural,radial symmetry,mixed mating system,obligate xenogamy,insect-pollinated,low extinction risk,temperate climates,medium genome,moderate variation,https://upload.wikimedia.org/wikipedia/commons/a/a4/Glycyrrhiza_glabra_-_K%C3%B6hler%E2%80%93s_Medizinal-Pflanzen-207.jpg
Glyptopleura,Asteraceae,Asterales,0,0,0,0,0.00210989,.,.,.,.,.,.,.,.,About 0% of species are perennial,About 0% of species are woody,About 0% of species are agamospermous,Unknown floral symmetry,Unknown mating system,Unknown reproductive syndrome,Unknown pollination syndrome,Unknown RedList status,Unknown average temperature climate,Unknown genome size,Unknown variation in genome size,https://upload.wikimedia.org/wikipedia/commons/8/84/Glyptopleuramarginata.jpg
Gnaphalium,Asteraceae,Asterales,0,0,0.269230769,0,0.00210989,.,1,0.6,0.681818182,2.5,.,.,.,About 27% of species are perennial,About 0% of species are woody,About 0% of species are agricultural,radial,selfing,typically obligately xenogamous,insect-pollinated,moderate risk,temperate climates,medium genome,moderate variation,https://upload.wikimedia.org/wikipedia/commons/d/d8/Starr_030523-0063_Gnaphalium_sandwicensium.jpg
Gnephosis,Asteraceae,Asterales,0,0,0,0,0.00210989,.,.,.,1,.,.,.,.,About 0% of species are perennial,About 0% of species are woody,About 0% of species are of agricultural importance,radial,mixed mating,self-pollination,insect-pollinated,low extinction risk,cold climates,small genome,low variation,https://upload.wikimedia.org/wikipedia/commons/6/60/Gnephosis_arachnoides_habit.jpg
Gomphocarpus,Apocynaceae,Gentianales,0,0,1,1,0.000658617,0,.,.,.,.,.,.,.,About 100% of species are perennial,About 100% of species are woody,About 0% of species are agriculturally important,radial,unknown,unknown,unknown,low extinction risk,cold climates,small genome,low variation,https://upload.wikimedia.org/wikipedia/commons/0/07/Asclepias_physocarpa2.jpg
Gompholobium,Fabaceae,Fabales,0,0,1,1,0.096494845,.,.,.,.,.,.,.,.,About 1% of species are perennial,About 1% of species are woody,About 10% of species are agricultural,bilateral,mixed,biotic pollination,insect-pollinated,low extinction risk,temperate climates,small genome,moderate variation,https://upload.wikimedia.org/wikipedia/commons/f/f8/Gompholobium_virgatum_-_Morren.jpg
Gomphrena,Amaranthaceae,Caryophyllales,0,0,0.25,0,0.041463415,.,.,.,1,.,.,.,.,About 25% of species are perennial,About 0% of species are woody,About 4% of species are agricultural,radial,selfing,inbreeding depression,wind-pollinated,low extinction risk,temperate climates,small genome,low variation,https://upload.wikimedia.org/wikipedia/commons/2/26/%E6%A9%99%E8%8A%B1%E5%8D%83%E6%97%A5%E7%B4%85_20190608191116.jpg
Goniolimon,Plumbaginaceae,Caryophyllales,0,0,1,0,0.001196172,.,.,.,.,.,.,.,.,About 100% of species are perennial,About 0% of species are woody,About 0.12% of species are agricultural,radial,mixed mating system,reproducing via seeds,insect-pollinated,low extinction risk,temperate climates,medium genome,low variation,https://upload.wikimedia.org/wikipedia/commons/3/38/Goniolimon_tataricum.jpg
Gonocarpus,Haloragaceae,Saxifragales,7.142857143,0.25,1,0,0,.,.,.,.,.,.,.,.,About 100% of species are perennial,About 0% of species are woody,About 0% of species are agricultural,radial symmetry,selfing,obligate self-pollination,wind-pollinated,low extinction risk,cold climates,small genome,low variation,https://upload.wikimedia.org/wikipedia/commons/c/c3/Gonocarpus_micranthus.jpg
Goodenia,Goodeniaceae,Asterales,0,0,0.92,0.08,0,.,.,.,1,.,.,0.52,.,About 92% of species are perennial,About 8% of species are woody,About 0% of species are agricultural,radial symmetry,mixed mating system,generalist reproduction,insect-pollinated,low extinction risk,cold climates,small genome,low variation,https://upload.wikimedia.org/wikipedia/commons/f/fe/Goodenia_ovata.jpg
Goodia,Fabaceae,Fabales,0,0,1,1,0.096494845,.,.,.,.,.,.,.,.,About 1% of species are perennial,About 1% of species are woody,About 10% of species are agricultural,radial symmetry,mixed mating system,self-pollination,insect-pollinated,low extinction risk,cold climates,small genome,low variation,https://upload.wikimedia.org/wikipedia/commons/1/1a/Goodia_lotifolia.jpg
Goodyera,Orchidaceae,Asparagales,0,0,1,0,0,.,1,0.5,1,.,.,4.85,.,About 1% of species are perennial,About 0% of species are woody,About 0% of species are agriculturally significant,radial symmetry,mixed mating system,vegetative reproduction,insect-pollinated,low extinction risk,temperate climates,medium genome,moderate variation,https://upload.wikimedia.org/wikipedia/commons/5/5e/Goodyera_repens.jpg
Gossypium,Malvaceae,Malvales,0,0,0.4,0.8,0.006153846,0,.,.,.,.,.,1.939529412,32.3800476,About 40% of species are perennial,About 80% of species are woody,About 1% of species are agricultural,radial,mixed mating system,self-pollination,wind-pollinated,low extinction risk,cold climates,small genome,high variation,https://upload.wikimedia.org/wikipedia/commons/c/c3/Gossypium_herbaceum_002.JPG
Gouania,Rhamnaceae,Rosales,0,0,1,1,0.004444444,.,.,.,1,4,.,.,.,About 100% of species are perennial,About 100% of species are woody,About 0% of species are agricultural,radial,mixed mating system,self-pollination,insect-pollinated,high risk,temperate climates,medium genome,moderate variation,https://upload.wikimedia.org/wikipedia/commons/e/ef/Starr_041229-2586_Gouania_hillebrandii.jpg
Grammitis,Polypodiaceae,Monilophyta,2.380952381,0.071428571,1,0,0,.,.,.,.,3,.,.,.,About 100% of species are perennial,About 0% of species are woody,About 0% of species are agricultural,radial symmetry,selfing,annual,wind-pollinated,moderate risk,temperate climates,medium genome,moderate variation,https://upload.wikimedia.org/wikipedia/commons/9/98/Finger_Fern_Grammitis_billardierei_-_Mt_Imlay.jpg
Gratiola,Plantaginaceae,Lamiales,0.584795322,0.052631579,0.529411765,0,0.005925926,.,1,0.5,1,.,.,.,.,About 53% of species are perennial,About 0% of species are woody,About 1% of species are agricultural,radial symmetry,selfing,obligate self-pollination,insect-pollinated,low extinction risk,temperate climates,medium genome,moderate variation,https://upload.wikimedia.org/wikipedia/commons/9/90/Gratiola_officinalis3.jpg
Grayia,Amaranthaceae,Caryophyllales,0,0,0,0,0.041463415,.,.,.,.,.,.,.,.,About 0% of species are perennial,About 0% of species are woody,About 4% of species are agricultural,radial,mixed,biotic pollination,insect-pollinated,low extinction risk,cold climates,small genome,moderate variation,No image found
Grevillea,Proteaceae,Proteales,0.853485064,0.157894737,1,1,0.000625,0,.,.,1,.,0.253,0.83,.,About 100% of species are perennial,About 100% of species are woody,About 0% of species are agricultural,radial,selfing,vegetative reproduction,wind-pollinated,low extinction risk,cold climates,small genome,low variation,https://upload.wikimedia.org/wikipedia/commons/d/d2/Grevilleas.png
Grindelia,Asteraceae,Asterales,4.093567251,0.368421053,0.78125,0.052631579,0.00210989,.,.,.,.,.,.,.,.,About 78% of species are perennial,About 5% of species are woody,About 0% of species are agricultural,radial symmetry,mixed mating system,obligate outcrossing,insect-pollinated,low extinction risk,temperate climates,medium genome,moderate variation,https://upload.wikimedia.org/wikipedia/commons/0/0f/Grindelia_integrifolia_3109.JPG
Grusonia,Cactaceae,Caryophyllales,0,0,1,1,0,.,.,.,.,.,.,.,.,About 100% of species are perennial,About 100% of species are woody,About 0% of species are agamic,radial,selfing,self-pollinating,wind-pollinated,low extinction risk,cold climates,small genome,low variation,https://upload.wikimedia.org/wikipedia/commons/4/41/Grusonia_parishii_4.jpg
Guilleminea,Amaranthaceae,Caryophyllales,0,0,1,0,0.041463415,.,.,.,.,.,.,.,.,About 100% of species are perennial,About 0% of species are woody,About 4% of species are agricultural,radial symmetry,mixed mating system,reproduction by seed,insect-pollinated,low extinction risk,temperate climates,medium genome,moderate variation,https://upload.wikimedia.org/wikipedia/commons/9/98/Guilleminea_elongata-_Tacuaremb%C3%B3%2C_Los_Rodr%C3%ADguez%2C_Suelo_rocoso_al_Norte_de_la_Cuchilla_del_Rinc%C3%B3n_2.jpg
Guillenia,Brassicaceae,Brassicales,0,0,0,0,0.00485306,.,.,.,.,.,.,0.38,.,About 0% of species are perennial,About 0% of species are woody,About 0% of species are annual,radial symmetry,selfing,autogamous,wind-pollinated,low extinction risk,cold climates,small genome,low variation,https://upload.wikimedia.org/wikipedia/commons/6/66/Streptanthus_cordatus_var_cordatus_2.jpg
Gunnera,Gunneraceae,Gunnerales,0,0,1,0,0,.,.,.,1,2,.,6.67,0,About 100% of species are perennial,About 0% of species are woody,About 0% of species are agricultural,radial symmetry,selfing,no specific syndrome,insect-pollinated,moderate risk,temperate climates,medium genome,low variation,https://upload.wikimedia.org/wikipedia/commons/d/d1/Gunnera_tinctoria_2.jpg
Gutierrezia,Asteraceae,Asterales,0,0,0.8,0.6,0.00210989,.,.,.,.,.,.,.,.,About 80% of species are perennial,About 60% of species are woody,About 0% of species are agricultural,Unknown,Unknown,Unknown,Unknown,Low extinction risk,Unknown,Unknown,Unknown,https://upload.wikimedia.org/wikipedia/commons/7/76/Gutierreziasarothrae.jpg
Gymnadenia,Orchidaceae,Asparagales,50,0.25,1,0,0,.,0.583333333,1,1,3,.,5.51,.,About 100% of species are perennial,About 0% of species are woody,About 0% of species are agamic,radial symmetry,mixed mating system,dioecious,insect-pollinated,moderate risk,temperate climates,medium genome,moderate variation,https://upload.wikimedia.org/wikipedia/commons/5/51/Gymnadenia_densiflora_ENBLA02.jpg
Gymnosteris,Polemoniaceae,Ericales,0,0,0,0,0,.,.,.,.,.,.,.,.,About 0% of species are perennial,About 0% of species are woody,About 0% of species are agriculturally important,unknown,unknown,unknown,unknown,low extinction risk,unknown,unknown,unknown,https://upload.wikimedia.org/wikipedia/commons/2/25/Gymnosteris_nudicaulis_%285886441467%29.jpg
Gynatrix,Malvaceae,Malvales,0,0,1,1,0.006153846,.,.,.,.,.,.,.,.,About 100% of species are perennial,About 100% of species are woody,About 1% of species are agricultural,radial symmetry,mixed mating system,unknown reproductive syndrome,insect-pollinated,low extinction risk,temperate climates,small genome,low variation,https://upload.wikimedia.org/wikipedia/commons/c/c2/Gynatrix_pulchella.jpg
Gypsophila,Caryophyllaceae,Caryophyllales,0,0,0.75,0,0.001818182,.,1,0.916666667,1,.,.,0.7,.,About 75% of species are perennial,About 0% of species are woody,About 0% of species are agricultural,radial,selfing,obligate apomixis,wind-pollinated,low extinction risk,cold climates,small genome,low variation,https://upload.wikimedia.org/wikipedia/commons/0/09/Gypsophila_repens_-_close-up_%28aka%29.jpg
Habenaria,Orchidaceae,Asparagales,5.714285714,0.4,1,0,0,1,.,.,1,2.192307692,.,15.48,.,About 100% of species are perennial,About 0% of species are woody,About 0% of species are agricultural,radial,Self-incompatible,Requires external agents for reproduction,insect-pollinated,moderate risk,temperate climates,large genome,high variation,https://upload.wikimedia.org/wikipedia/commons/b/b6/Habenaria_marginata_%28Golden_Yellow_Habenaria%29_W_IMG_1983.jpg
Hackelia,Boraginaceae,Boraginales,0,0,0.826923077,0,0.001824818,.,.,.,.,.,.,.,.,About 83% of species are perennial,About 0% of species are woody,About 0% of species are cultivated,Unknown,Unknown,Unknown,Unknown,Unknown,Unknown climate,Unknown genome size,Unknown genome size variation,https://upload.wikimedia.org/wikipedia/commons/6/6e/Hackelia_diffusa_4110.JPG
Hakea,Proteaceae,Proteales,0,0,1,1,0.000625,.,.,.,1,.,.,0.95,2.105263158,About 100% of species are perennial,About 100% of species are woody,About 0% of species are agricultural,radial symmetry,mixed mating system,cross-pollination,insect-pollinated,low extinction risk,cold climates,small genome,low variation,https://upload.wikimedia.org/wikipedia/commons/5/5e/Hakea_laurina_Tas.jpg
Halgania,Boraginaceae,Boraginales,0,0,1,1,0.001824818,.,.,.,.,.,.,.,.,About 1% of species are perennial,About 1% of species are woody,About 0% of species are aggregated,Radial symmetry,Mixed mating system,Generalist reproductive syndrome,Insect-pollinated,Low extinction risk,Cold climates,Small genome,Low variation,https://upload.wikimedia.org/wikipedia/commons/5/57/Halgania_cyanea.jpg
Halimione,Amaranthaceae,Caryophyllales,0,0,0.666666667,0.666666667,0.041463415,.,.,.,.,.,.,.,.,About 67% of species are perennial,About 67% of species are woody,About 4% of species are agricultural,radial symmetry,mixed mating system,generalist reproduction,insect-pollinated,low extinction risk,temperate climates,medium genome,moderate variation,https://upload.wikimedia.org/wikipedia/commons/4/4d/Halimione_portulacoides_baie-authie_80_13072007_7.jpg
Halimium,Cistaceae,Malvales,4.166666667,0.166666667,1,1,0.011428571,.,.,.,.,.,.,2.532857143,29.23687538,About 100% of species are perennial,About 100% of species are woody,About 1% of species are agamospermous,radial symmetry,selfing,sexual reproduction,wind-pollinated,low extinction risk,temperate climates,medium genome,high variation,https://upload.wikimedia.org/wikipedia/commons/d/da/Cistus_May_2014-7.jpg
Halimolobos,Brassicaceae,Brassicales,0,0,0.75,0,0.00485306,.,.,.,.,.,.,.,.,About 75% of species are perennial,About 0% of species are woody,About 0% of species are agamospermous,radial symmetry,mixed mating system,typical reproductive syndrome,insect-pollinated,low extinction risk,temperate climates,small genome,moderate variation,No image found
Halopeplis,Amaranthaceae,Caryophyllales,0,0,0,0,0.041463415,.,.,.,.,.,.,.,.,About 0% of species are perennial,About 0% of species are woody,About 4% of species are herbaceous annuals,radial,mixed mating system,sexual reproduction,insect-pollinated,low extinction risk,temperate climates,small genome,moderate variation,https://upload.wikimedia.org/wikipedia/commons/2/26/Halopeplis_Amplexicaulis.JPG
Halophila,Hydrocharitaceae,Alismatales,0,0,1,0,0,.,.,.,.,.,.,.,.,About 1% of species are perennial,About 0% of species are woody,About 0% of species are agricultural,radial symmetry,selfing,self-pollination,wind-pollinated,low extinction risk,cold climates,small genome,low variation,https://upload.wikimedia.org/wikipedia/commons/a/a6/H._engelmannii_picture.jpg
Haloragis,Haloragaceae,Saxifragales,7.142857143,0.25,0.875,0.125,0,.,.,.,0,.,.,.,.,About 87.5% of species are perennial,About 12.5% of species are woody,About 0% of species are agricultural,radial,mixed mating system,obligate xenogamy,wind-pollinated,low extinction risk,temperate climates,medium genome,low variation,https://upload.wikimedia.org/wikipedia/commons/d/d2/Haloragis_erecta_2007-06-02_%28flower%29.jpg
Halosarcia,Amaranthaceae,Caryophyllales,0,0,1,0.777777778,0.041463415,.,.,.,.,.,.,.,.,About 1% of species are perennial,About 78% of species are woody,About 4% of species are aggregated,radial or bilateral symmetry,mixed mating system,outcrossing reproductive syndrome,insect-pollinated,low extinction risk,temperate climates,medium genome size,moderate variation in genome size,https://upload.wikimedia.org/wikipedia/commons/6/68/Tecticornia_pergranulata_subsp._pergranulata.jpg
Haplopappus,Asteraceae,Asterales,0.252525253,0.055555556,0.913043478,0.391304348,0.00210989,.,.,.,.,3,.,.,.,About 91% of species are perennial,About 39% of species are woody,About 0% of species are agricultural,radial symmetry,mixed mating system,insect-pollinated species,insect-pollinated,moderate risk,temperate climates,medium genome,moderate variation,https://upload.wikimedia.org/wikipedia/commons/a/a7/Haplopappus_foliosus_1.jpg
Haplophyllum,Rutaceae,Sapindales,0,0,1,0,0.001652893,.,.,.,.,.,.,.,.,About 100% of species are perennial,About 0% of species are woody,About 0% of species are agricultural,radial symmetry,selfing,wind-pollinated,wind-pollinated,low extinction risk,cold climates,small genome,low variation,No image found
Haplostachys,Lamiaceae,Lamiales,0,0,1,0,0.004320557,.,.,.,.,.,.,.,.,About 100% of species are perennial,About 0% of species are woody,About 0% of species are agricultural,radial symmetry,selfing,dioecious,wind-pollinated,low extinction risk,temperate climates,small genome,low variation,No image found
Harmsiodoxa,Brassicaceae,Brassicales,0,0,0,0,0.00485306,.,.,.,1,.,.,.,.,About 0% of species are perennial,About 0% of species are woody,About 0% of species are agricultural,radial symmetry,mixed mating system,obligate xenogamy,wind-pollinated,low extinction risk,cold climates,small genome,low variation,No image found
Hastingsia,Asparagaceae,Asparagales,0,0,1,0,0,.,.,.,.,.,.,.,.,About 1% of species are perennial,About 0% of species are woody,About 0% of species are agricultural,radial symmetry,mixed mating system,self-pollinated or insect-pollinated,insect-pollinated,low extinction risk,cold climates,small genome,low variation,https://upload.wikimedia.org/wikipedia/commons/e/eb/Hastingsiaalba.jpg
Hazardia,Asteraceae,Asterales,0,0,1,1,0.00210989,.,.,.,.,.,.,.,.,About 100% of species are perennial,About 100% of species are woody,About 0% of species are agrochemical,unknown floral symmetry,unknown mating system,unknown reproductive syndrome,unknown pollination syndrome,low extinction risk,cold climates,small genome,low variation,No image found
Hebe,Plantaginaceae,Lamiales,14.28571429,0.428571429,1,1,0.005925926,.,.,.,.,2,.,.,.,About 100% of species are perennial,About 100% of species are woody,About 1% of species are agricultural,radial symmetry,mixed mating system,self-pollination,wind-pollinated,moderate risk,temperate climates,medium genome,moderate variation,No image found
Hedeoma,Lamiaceae,Lamiales,0,0,0.55,0,0.004320557,.,.,.,.,.,.,.,.,About 55% of species are perennial,About 0% of species are woody,About 0% of species are agricultural,radial symmetry,mixed mating system,sexual reproduction,insect-pollinated,low extinction risk,temperate climates,medium genome,moderate variation,https://upload.wikimedia.org/wikipedia/commons/4/44/Hedeoma_nana_1.jpg
Hedera,Araliaceae,Apiales,0,0,1,1,0,.,1,0.5,1,.,.,2.637368421,58.80829499,About 100% of species are perennial,About 100% of species are woody,About 0% of species are aggregate,radial symmetry,selfing,vegetative reproduction,insect-pollinated,low extinction risk,temperate climates,medium genome,high variation,https://upload.wikimedia.org/wikipedia/commons/d/d7/Hedera_algeriensis_kz01.jpg
Hedyotis,Rubiaceae,Gentianales,0.529100529,0.071428571,0.875,0.410714286,6.00E-04,.,.,.,.,.,.,.,.,About 87.5% of species are perennial,About 41.1% of species are woody,About 0.1% of species are agricultural,radial symmetry,mixed mating system,obligate xenogamy,insect-pollinated,low extinction risk,temperate climates,medium genome,moderate variation,No image found
Hedypnois,Asteraceae,Asterales,0,0,0,0,0.00210989,.,.,.,1,.,.,1.7,.,About 0% of species are perennial,About 0% of species are woody,About 0% of species are agricultural,radial,obligately selfing,herbaceous perennial,insect-pollinated,low extinction risk,cold climates,small genome,low variation,https://upload.wikimedia.org/wikipedia/commons/f/f1/Hedypnois_cretica.jpg
Hedysarum,Fabaceae,Fabales,0,0,0.863636364,0,0.096494845,.,1,0.5,1,.,0.869,2.612,6.859648961,About 86% of species are perennial,About 0% of species are woody,About 10% of species are agricultural,radial,selfing,wind-pollinated,wind-pollinated,low extinction risk,warm climates,medium genome,moderate variation,https://upload.wikimedia.org/wikipedia/commons/d/da/Hedysarum_coronarium_-_Martyn.jpg
Helenium,Asteraceae,Asterales,0,0,0.633333333,0,0.00210989,.,.,.,.,.,.,.,.,About 63% of species are perennial,About 0% of species are woody,About 0% of species are agricultural,Unknown floral symmetry,Unknown mating system,Unknown reproductive syndrome,Unknown pollination syndrome,Unknown RedList status,Unknown average temperature,Unknown C value,Unknown CV C value,https://upload.wikimedia.org/wikipedia/commons/1/1f/Helenium_autumnale1.jpg
Helianthella,Asteraceae,Asterales,15,0.3,1,0,0.00210989,.,.,.,.,.,.,.,.,About 100% of species are perennial,About 0% of species are woody,About 0% of species are agroforestry,radial symmetry,mixed mating system,obligate xenogamy,insect-pollinated,low extinction risk,cold climates,small genome,low variation,https://upload.wikimedia.org/wikipedia/commons/4/42/Helianthella_castanea_3.jpg
Helianthemum,Cistaceae,Malvales,0.12195122,0.024390244,0.829268293,0.731707317,0.011428571,.,1,1,1,3,.,2.23,.,About 83% of species are perennial,About 73% of species are woody,About 1% of species are agricultural,floral symmetry unknown,selfing,reproduction syndrome unknown,wind-pollinated,moderate risk,temperate climates,medium genome,moderate variation,https://upload.wikimedia.org/wikipedia/commons/c/c7/Helianthemum_nummularium_subsp_obscurum_300907.jpg
Helianthus,Asteraceae,Asterales,1.647058824,0.411764706,0.75,0,0.00210989,0,1,0.5,1,.,0.748,4.738888889,49.89142845,About 75% of species are perennial,About 0% of species are woody,About 0% of species are agricultural,radial,selfing,unisexual flowers,insect-pollinated,low extinction risk,warm climates,medium genome,high variation,https://upload.wikimedia.org/wikipedia/commons/4/40/Sunflower_sky_backdrop.jpg
Helichrysum,Asteraceae,Asterales,0.476190476,0.047619048,0.857142857,0,0.00210989,0,1,0.5,1,1.3125,.,.,.,About 86% of species are perennial,About 0% of species are woody,About 0% of species are agricultural,radial,mixed mating,dioecious,insect-pollinated,moderate risk,temperate climates,medium genome,moderate variation,https://upload.wikimedia.org/wikipedia/commons/1/11/Helichrysum_sanguineum.jpg
Heliconia,Heliconiaceae,Zingiberales,0,0,1,0,0,1,.,.,.,1.90625,.,0.45,.,About 1% of species are perennial,About 0% of species are woody,About 0% of species are agamic,radial,unknown,unknown,unknown,moderate risk,temperate climates,small genome,moderate variation,https://upload.wikimedia.org/wikipedia/commons/2/23/Heliconia_latispatha_%28Starwiz%29.jpg
Helictotrichon,Poaceae,Poales,0,0,1,0,0.074314214,.,1,0.625,0,0.5,.,9.76,72.67159894,About 100% of species are perennial,About 0% of species are woody,About 7% of species are agricultural,radial,selfing,autogamous,wind-pollinated,low extinction risk,temperate climates,large genome,high variation,https://upload.wikimedia.org/wikipedia/commons/7/79/Helictotrichon-sempervirens-habit.JPG
Heliomeris,Asteraceae,Asterales,0,0,0.5,0,0.00210989,.,.,.,.,.,.,.,.,About 50% of species are perennial,About 0% of species are woody,About 0% of species are agricultural,radial symmetry,mixed mating system,self-pollination,insect-pollinated,low extinction risk,temperate climates,small genome,moderate variation,https://upload.wikimedia.org/wikipedia/commons/e/e9/Heliomeris_multiflora_var_nevadensis_2.jpg
Heliotropium,Boraginaceae,Boraginales,0,0,0.357142857,0,0.001824818,0,1,1,1,1.636363636,.,.,.,About 36% of species are perennial,About 0% of species are woody,About 0% of species are agriculturally important,radial,selfing,obligate asexual,wind-pollinated,moderate risk,temperate climates,medium genome,moderate variation,https://upload.wikimedia.org/wikipedia/commons/f/f2/Heliotropium_peruvianum.jpg
Helleborus,Ranunculaceae,Ranunculales,0,0,1,0.733333333,0,.,1,0.833333333,1,.,.,14.14945946,13.61043407,About 100% of species are perennial,About 73% of species are woody,About 0% of species are agriculturally important,radial symmetry,self-incompatible,obligate outcrossing,wind-pollinated,moderate risk,temperate climates,large genome,moderate variation,https://upload.wikimedia.org/wikipedia/commons/b/b0/Illustration_Helleborus_niger0.jpg
Hemerocallis,Xanthorrhoeaceae,Asparagales,0,0,1,0,0,.,1,0,1,.,.,.,.,About 1% of species are perennial,About 0% of species are woody,About 0% of species are agricultural,radial,mixed mating system,reproductive syndrome,insect-pollinated,low extinction risk,cold climates,small genome,low variation,https://upload.wikimedia.org/wikipedia/commons/6/66/Hemerocallis_lilioasphodelus.jpg
Hemicarpha,Cyperaceae,Poales,0,0,0,0,0.00045977,.,.,.,.,.,.,.,.,About 0% of species are perennial,About 0% of species are woody,About 0% of species are agricultural,radial,mixed mating system,obligate xenogamy,wind-pollinated,low extinction risk,temperate climates,small genome,low variation,https://upload.wikimedia.org/wikipedia/commons/c/c6/Lipocarpha_micrantha_NRCS-1.jpg
Hemichroa,Amaranthaceae,Caryophyllales,0,0,1,0,0.041463415,.,.,.,.,.,.,.,.,About 1% of species are perennial,About 0% of species are woody,About 4% of species are agricultural,radial symmetry,selfing,agamospermy,wind-pollinated,low extinction risk,cold climates,small genome,low variation,No image found
Hemigraphis,Acanthaceae,Lamiales,0,0,1,0,0.000857143,.,.,.,.,.,.,.,.,About 100% of species are perennial,About 0% of species are woody,About 0% of species are agricultural,radial or bilateral symmetry,mixed mating system,likely sexual reproduction,wind-pollinated,low extinction risk,cold climates,small genome,low variation,https://upload.wikimedia.org/wikipedia/commons/2/2c/Hemigraphis_repens_2019-12-13_5563.jpg
Hemizonia,Asteraceae,Asterales,0,0,0.105263158,0.105263158,0.00210989,.,.,.,.,.,.,.,.,About 11% of species are perennial,About 11% of species are woody,About 0% of species are agricultural,Unknown floral symmetry,Unknown mating system,Unknown reproductive syndrome,Unknown pollination syndrome,Unknown RedList status,Unknown average temperature,Unknown C value,Unknown CV C value,https://upload.wikimedia.org/wikipedia/commons/2/28/Hayfield_Tarween_%28Hemizonia_congesta%29.jpg
Hepatica,Ranunculaceae,Ranunculales,100,0.5,1,0,0,.,1,0.5,1,.,.,20.71416667,0,About 100% of species are perennial,About 0% of species are woody,About 0% of species are agro,radial symmetry,selfing,moderate reproductive syndrome,insect-pollinated,low extinction risk,temperate climates,large genome,low variation,https://upload.wikimedia.org/wikipedia/commons/9/9b/Hepatica_nobilis_plant.JPG
Heptaptera,Apiaceae,Apiales,0,0,1,0,0.003968254,.,.,.,.,.,.,.,.,About 100% of species are perennial,About 0% of species are woody,About 0% of species are agroforestry,radial symmetry,mixed mating system,standard reproductive syndrome,insect-pollinated,low extinction risk,cold climates,small genome,low variation,https://upload.wikimedia.org/wikipedia/commons/5/5e/Heptaptera_crenata_flowers.JPG
Heracleum,Apiaceae,Apiales,1.098901099,0.071428571,0.772727273,0,0.003968254,.,1,1,1,.,.,1.956666667,7.819309438,About 77% of species are perennial,About 0% of species are woody,About 0% of species are aggregated,radial symmetry,mixed mating system,dioecious,insect-pollinated,low extinction risk,temperate climates,small genome,moderate variation,No image found
Herniaria,Caryophyllaceae,Caryophyllales,0,0,0.576923077,0,0.001818182,.,1,1,1,.,.,0.53,.,About 58% of species are perennial,About 0% of species are woody,About 0% of species are agriculturally important,radial symmetry,selfing,sexual reproduction,insect-pollinated,low extinction risk,cold climates,small genome,low variation,https://upload.wikimedia.org/wikipedia/commons/4/40/Herniariaglabra2.jpg
Hesperevax,Asteraceae,Asterales,0,0,0,0,0.00210989,.,.,.,.,.,.,.,.,About 0% of species are perennial,About 0% of species are woody,About 0% of species are agriculturally important,radial or bilateral symmetry,mixed mating system,vegetative reproduction,wind-pollinated,low extinction risk,cold climates,small genome,low variation,https://upload.wikimedia.org/wikipedia/commons/7/77/Hesperevaxsparsiflora.jpg
Hesperis,Brassicaceae,Brassicales,0,0,0.5,0,0.00485306,.,1,1,1,.,.,3.8,.,About 50% of species are perennial,About 0% of species are woody,About 0% of species are agricultural,radial symmetry,selfing,obligate sexual reproduction,wind-pollinated,low extinction risk,temperate climates,medium genome,moderate variation,https://upload.wikimedia.org/wikipedia/commons/8/8b/Hesperis_matronalis_flowers.jpg
Hesperochiron,Boraginaceae,Boraginales,0,0,1,0,0.001824818,.,.,.,.,.,.,.,.,About 100% of species are perennial,About 0% of species are woody,About 0% of species are agricultural,radial symmetry,mixed mating system,seed reproduction,wind-pollinated,low extinction risk,cold climates,small genome,low variation,https://upload.wikimedia.org/wikipedia/commons/9/90/Hesperochironcalifornicus.JPG
Hesperolinon,Linaceae,Malpighiales,0,0,0,0,0,.,.,.,.,.,.,.,.,About 0% of species are perennial,About 0% of species are woody,About 0% of species are cultivated,radial,selfing,seed propagated,wind-pollinated,low extinction risk,cold climates,small genome,low variation,https://upload.wikimedia.org/wikipedia/commons/5/58/Hesperolinonmicranthum.jpg
Hesperomannia,Asteraceae,Asterales,0,0,1,1,0.00210989,.,.,.,.,4,.,.,.,About 100% of species are perennial,About 100% of species are woody,About 0% of species are agricultural,radial symmetry,mixed mating system,dioecious,wind-pollinated,high risk,temperate climates,medium genome,moderate variation,No image found
Heteranthera,Pontederiaceae,Commelinales,0,0,0.642857143,0,0.03030303,.,.,.,.,.,.,.,.,About 64% of species are perennial,About 0% of species are woody,About 3% of species are agricultural,Unknown floral symmetry,Unknown mating system,Unknown reproductive syndrome,Unknown pollination syndrome,Low extinction risk,Temperate climates,Medium genome,Moderate variation,https://upload.wikimedia.org/wikipedia/commons/3/39/Heteranthera_limosa.jpg
Heterotheca,Asteraceae,Asterales,0,0,0.5,0,0.00210989,.,.,.,.,.,.,.,.,About 50% of species are perennial,About 0% of species are woody,About 0% of species are agricultural,radial symmetry,mixed mating system,sexual reproduction,insect-pollinated,low extinction risk,temperate climates,medium genome,high variation,https://upload.wikimedia.org/wikipedia/commons/9/96/Heterotheca_shevockii_Flower_flinton_lg.jpg
Heuchera,Saxifragaceae,Saxifragales,3.296703297,0.214285714,1,0,0,.,.,.,.,.,.,.,.,About 1% of species are perennial,About 0% of species are woody,About 0% of species are agamic,radial symmetry,mixed mating system,sexual reproduction,insect-pollinated,low extinction risk,cold climates,small genome,low variation,https://upload.wikimedia.org/wikipedia/commons/0/0e/San_Gabriel_Mountains_coralbells.jpg
Hibbertia,Dilleniaceae,Dilleniales,0,0,1,0.956521739,0,.,.,.,.,.,.,2.64,.,About 100% of species are perennial,About 96% of species are woody,About 0% of species are agricultural,radial,mixed mating system,obligate outcrossing,insect-pollinated,low extinction risk,temperate climates,medium genome,moderate variation,https://upload.wikimedia.org/wikipedia/commons/f/f7/Hibbertia_scandens_-_Tim_Hammer_-_244058331.jpeg
Hibiscadelphus,Malvaceae,Malvales,6.666666667,0.166666667,1,1,0.006153846,.,.,.,.,4.428571429,.,.,.,About 100% of species are perennial,About 100% of species are woody,About 1% of species are agricultural,radial symmetry,mixed mating system,dioecious reproductive syndrome,wind-pollinated,high risk,temperate climates,medium genome,moderate variation,https://upload.wikimedia.org/wikipedia/commons/d/d2/Hibiscadelphus_distans_%28Limahuli_Garden_and_Preserve%29.JPG
Hibiscus,Malvaceae,Malvales,0,0,0.782608696,0.403846154,0.006153846,0,1,1,1,1.85,.,1.53,.,About 78% of species are perennial,About 40% of species are woody,About 1% of species are agriculturally important,radial,selfing,outcrossing,insect-pollinated,moderate risk,temperate climates,small genome,low variation,https://upload.wikimedia.org/wikipedia/commons/c/cb/Hibiscus_flower_TZ.jpg
Hieracium,Asteraceae,Asterales,0.95317248,1.320143885,1,0,0.00210989,.,0.5,0.505952381,1,2.625,.,5.173731343,22.94792448,About 100% of species are perennial,About 0% of species are woody,About 0% of species are agricultural,radial symmetry,mixed mating system,obligate xenogamy,wind-pollinated,moderate risk,temperate climates,medium genome,high variation,https://upload.wikimedia.org/wikipedia/commons/c/cd/Yellow_Hawkweed.jpg
Hierochloe,Poaceae,Poales,0,0,1,0,0.074314214,.,0.5,0.5,0,.,.,12.14,29.62615383,About 100% of species are perennial,About 0% of species are woody,About 7% of species are agricultural,radial symmetry,mixed mating system,seed-dispersed,wind-pollinated,low extinction risk,temperate climates,large genome,high variation,https://upload.wikimedia.org/wikipedia/commons/3/38/Hierochloe_odorata_kz.jpg
Hilaria,Poaceae,Poales,0,0,1,0,0.074314214,.,.,.,.,.,.,.,.,About 1% of species are perennial,About 0% of species are woody,About 7% of species are agricultural,radial symmetry,mixed mating system,standard reproductive syndrome,insect-pollinated,low extinction risk,temperate climates,medium genome,moderate variation,No image found
Hippocrepis,Fabaceae,Fabales,0,0,0.666666667,0.583333333,0.096494845,.,1,1,1,.,.,1.56,30.82260328,About 67% of species are perennial,About 58% of species are woody,About 10% of species are agricultural,radial symmetry,selfing,self-pollination,wind-pollinated,low extinction risk,cold climates,small genome,high variation,https://upload.wikimedia.org/wikipedia/commons/4/49/Hippocrepis_comosa.jpg
Hippuris,Plantaginaceae,Lamiales,0,0,1,0,0.005925926,.,1,0.5,0,.,.,.,.,About 100% of species are perennial,About 0% of species are woody,About 1% of species are agricultural,radial,selfing,obligate asexual reproduction,wind-pollinated,low extinction risk,cold climates,small genome,low variation,https://upload.wikimedia.org/wikipedia/commons/f/f9/Illustration_Hippuris_vulgaris0.jpg
Hoffmannseggia,Fabaceae,Fabales,0,0,1,0,0.096494845,.,.,.,.,.,.,.,.,About 1% of species are perennial,About 0% of species are woody,About 10% of species are agricultural,radial,mixed mating system,vegetative reproduction,wind-pollinated,low extinction risk,temperate climates,small genome,moderate variation,https://upload.wikimedia.org/wikipedia/commons/5/50/Hoffmannseggia_glauca_BB-1913.jpg
Hohenackeria,Apiaceae,Apiales,0,0,0,0,0.003968254,.,.,.,.,.,.,.,.,About 0% of species are perennial,About 0% of species are woody,About 0% of species are agamic,radial,mixed mating system,sexual reproduction,wind-pollinated,low extinction risk,cold climates,small genome,low variation,No image found
Hoita,Fabaceae,Fabales,0,0,1,0,0.096494845,.,.,.,.,.,.,.,.,About 100% of species are perennial,About 0% of species are woody,About 10% of species are agricultural,radial symmetry,selfing,obligate apomixis,wind-pollinated,low extinction risk,cold climates,small genome,low variation,https://upload.wikimedia.org/wikipedia/commons/9/91/Hoitamacrostachya.jpg
Holcus,Poaceae,Poales,1.470588235,0.117647059,0.823529412,0,0.074314214,.,1,0.25,0,.,.,2.942,34.96959678,About 82% of species are perennial,About 0% of species are woody,About 7% of species are agamospermous,radial,selfing,seed reproduction,wind-pollinated,low extinction risk,temperate climates,medium genome,high variation,https://upload.wikimedia.org/wikipedia/commons/b/be/Gladde_witbol_bloeiwijze_Holcus_mollis.jpg
Holocarpha,Asteraceae,Asterales,0,0,0,0,0.00210989,.,.,.,.,.,.,.,.,About 0% of species are perennial,About 0% of species are woody,About 0% of species are agroforestry,radial symmetry,selfing,self-pollination,wind-pollinated,low extinction risk,cold climates,small genome,low variation,https://upload.wikimedia.org/wikipedia/commons/c/c5/Holocarpha_macradenia.jpg
Holodiscus,Rosaceae,Rosales,100,0.5,1,1,0.001060071,.,.,.,.,.,.,.,.,About 100% of species are perennial,About 100% of species are woody,About 0% of species are agricultural,radial symmetry,mixed mating system,sexual reproduction,insect-pollinated,low extinction risk,cold climates,small genome,low variation,https://upload.wikimedia.org/wikipedia/commons/7/70/Holodiscus_discolor.jpg
Homeria,Iridaceae,Asparagales,0,0,1,0,0,.,.,.,.,.,.,.,.,About 1% of species are perennial,About 0% of species are woody,About 0% of species are agroforestry,radial symmetry,selfing,obligate apomixis,wind-pollinated,low extinction risk,cold climates,small genome,low variation,https://upload.wikimedia.org/wikipedia/commons/6/6a/Moraea_viscaria_%285%29.JPG
Homogyne,Asteraceae,Asterales,0,0,1,0,0.00210989,.,1,0.5,1,.,.,.,.,About 100% of species are perennial,About 0% of species are woody,About 0% of species are cultivated,radial,selfing,dioecious,insect-pollinated,low extinction risk,temperate climates,small genome,moderate variation,https://upload.wikimedia.org/wikipedia/commons/6/69/Homogyne_alpina_a3.jpg
Hordeum,Poaceae,Poales,0.808080808,0.177777778,0.329621381,0,0.074314214,.,1,1,0,.,0.01,6.722475248,35.53797327,About 33% of species are perennial,About 0% of species are woody,About 7% of species are agricultural,radial,selfing,sexual reproduction,wind-pollinated,low extinction risk,cold climates,medium genome,high variation,https://upload.wikimedia.org/wikipedia/commons/5/54/Hordeum_distichon0.jpg
Horkelia,Rosaceae,Rosales,0,0,1,0,0.001060071,.,.,.,.,.,.,.,.,About 1% of species are perennial,About 0% of species are woody,About 0% of species are agricultural,radial symmetry,mixed mating system,Obligate outcrossing,wind-pollinated,low extinction risk,cold climates,small genome,low variation,https://upload.wikimedia.org/wikipedia/commons/f/fa/Potentilla_reptans_beauvais-carriere-bracheux_60_20062008_1.jpg
Horkeliella,Rosaceae,Rosales,0,0,1,0,0.001060071,.,.,.,.,.,.,.,.,About 100% of species are perennial,About 0% of species are woody,About 0% of species are agriculturally important,radial symmetry,mixed mating system,standard reproductive syndrome,insect-pollinated,low extinction risk,cold climates,small genome,low variation,https://upload.wikimedia.org/wikipedia/commons/f/fa/Potentilla_reptans_beauvais-carriere-bracheux_60_20062008_1.jpg
Hornungia,Brassicaceae,Brassicales,0,0,0,0,0.00485306,.,1,1,1,.,.,0.19,14.88645855,About 0% of species are perennial,About 0% of species are woody,About 0% of species are aggregated,radial symmetry,selfing,outcrossing,wind-pollinated,low extinction risk,cold climates,small genome,moderate variation,https://upload.wikimedia.org/wikipedia/commons/d/d8/Hutchinsia_alpina_a1.jpg
Horsfordia,Malvaceae,Malvales,0,0,1,1,0.006153846,.,.,.,.,.,.,.,.,About 100% of species are perennial,About 100% of species are woody,About 1% of species are agricultural,radial symmetry,mixed mating system,self-pollinating,insect-pollinated,low extinction risk,cold climates,small genome,low variation,https://upload.wikimedia.org/wikipedia/commons/4/41/Horsfordia_newberryi_%2826974541073%29.jpg
Hosta,Asparagaceae,Asparagales,0,0,1,0,0,.,.,.,.,.,.,10.8837931,20.88215929,About 100% of species are perennial,About 0% of species are woody,About 0% of species are agricultural,bilateral symmetry,selfing,seed-dispersed,insect-pollinated,low extinction risk,temperate climates,large genome,high variation,https://upload.wikimedia.org/wikipedia/commons/7/7d/Hosta_Bressingham_Blue.JPG
Houstonia,Rubiaceae,Gentianales,0,0,1,0,6.00E-04,.,.,.,.,.,.,.,.,About 100% of species are perennial,About 0% of species are woody,About 0% of species are agricultural,Flowers are typically radial,"Mating systems can vary, likely including selfing and outcrossing","Reproductive strategies are diverse, with a focus on sexual reproduction","Pollination likely involves a mix of mechanisms, potentially including wind or insects",low extinction risk,temperate climates,medium genome,moderate variation,No image found
Hovea,Fabaceae,Fabales,0,0,1,0.7,0.096494845,.,.,.,.,.,.,.,.,About 100% of species are perennial,About 70% of species are woody,About 10% of species are agriculturally important,radial symmetry,obligate outcrossing,insect-mediated reproduction,insect-pollinated,low extinction risk,temperate climates,medium genome,high variation,https://upload.wikimedia.org/wikipedia/commons/0/0c/Hovea_acanthoclada.jpg
Hudsonia,Cistaceae,Malvales,0,0,1,1,0.011428571,.,.,.,.,.,.,.,.,About 1% of species are perennial,About 1% of species are woody,About 1% of species are agricultural,radial,mixed mating system,self-pollination,insect-pollinated,low extinction risk,cold climates,small genome,low variation,https://upload.wikimedia.org/wikipedia/commons/4/45/Hudsonia_tomentosa%2C_Pancake_Bay_PP.jpg
Huetia,Apiaceae,Apiales,0,0,1,0,0.003968254,.,.,.,.,.,.,.,.,About 100% of species are perennial,About 0% of species are woody,About 0% of species are agricultural,radial symmetry,mixed mating system,reproduction by seed,insect-pollinated,low extinction risk,temperate climates,small genome,low variation,https://upload.wikimedia.org/wikipedia/commons/a/a7/Congo_Golden_mole_Huet_1885.jpg
Hulsea,Asteraceae,Asterales,2.222222222,0.1,0.636363636,0,0.00210989,.,.,.,.,.,.,.,.,About 64% of species are perennial,About 0% of species are woody,About 0% of species are agricultural,radial or bilateral symmetry,mixed mating system,sexual reproduction,insect-pollinated,low extinction risk,temperate climates,medium genome,moderate variation,https://upload.wikimedia.org/wikipedia/commons/3/3c/Alpine_gold_Hulsea_algida_side_N_of_Forester.jpg
Humulus,Cannabaceae,Rosales,0,0,1,0,0.017647059,.,1,0.5,0,.,.,2.675555556,27.72009967,About 100% of species are perennial,About 0% of species are woody,About 2% of species are of agricultural importance,radial symmetry,selfing,primarily insect-pollinated with some wind pollination,wind-pollinated,low extinction risk,temperate climates,medium genome,high variation,https://upload.wikimedia.org/wikipedia/commons/c/ce/Humulus.jpg
Huperzia,Lycopodiaceae,Lycophyta,5,0.375,1,0,0,.,1,0.5,.,1.875,.,5.38,0,About 100% of species are perennial,About 0% of species are woody,About 0% of species are agricultural,radial symmetry,selfing,vegetative reproduction,insect-pollinated,moderate risk,temperate climates,medium genome,low variation,https://upload.wikimedia.org/wikipedia/commons/3/35/Huperzia_selago.jpg
Hutera,Brassicaceae,Brassicales,0,0,0.25,0,0.00485306,.,.,.,.,.,.,.,.,About 25% of species are perennial,About 0% of species are woody,About 0% of species are agricultural,radial symmetry,mixed mating system,sexual reproduction,insect-pollinated,low extinction risk,cold climates,small genome,low variation,No image found
Hyacinthella,Asparagaceae,Asparagales,0,0,1,0,0,.,.,.,.,.,.,.,.,About 1% of species are perennial,About 0% of species are woody,About 0% of species are agricultural,radial symmetry,mixed mating system,reproduction by seeds,insect-pollinated,low extinction risk,temperate climates,small genome,low variation,https://upload.wikimedia.org/wikipedia/commons/7/72/Hyacinthella_nervosa_cropped.jpg
Hyacinthoides,Asparagaceae,Asparagales,13.33333333,0.333333333,1,0,0,.,1,0.5,1,.,.,21.2,.,About 100% of species are perennial,About 0% of species are woody,About 0% of species are agro-biodiversity,radial,selfing,vegetative reproduction,wind-pollinated,low extinction risk,temperate climates,large genome,moderate variation,https://upload.wikimedia.org/wikipedia/commons/5/55/2401_Bluebells.jpg
Hyalosperma,Asteraceae,Asterales,0,0,0,0,0.00210989,.,.,.,1,.,.,.,.,About 0% of species are perennial,About 0% of species are woody,About 0% of species are agricultural,radial symmetry,mixed mating system,unknown reproductive syndrome,insect-pollinated,low extinction risk,cold climates,small genome,low variation,https://upload.wikimedia.org/wikipedia/commons/3/39/Hyalosperma_cotula_-_Flickr_-_Kevin_Thiele.jpg
Hydrangea,Hydrangeaceae,Cornales,0,0,1,1,0,.,.,.,1,.,.,1.875675676,24.94940827,About 1% of species are perennial,About 1% of species are woody,About 0% of species are agricultural,radial,mixed mating system,self-pollinating,insect-pollinated,low extinction risk,cold climates,small genome,high variation,https://upload.wikimedia.org/wikipedia/commons/f/fc/Hydrangea_arborescens_139866012.jpg
Hydrocotyle,Araliaceae,Apiales,0,0,0.815789474,0,0,0,1,0.5,1,1.125,.,0.98,.,About 82% of species are perennial,About 0% of species are woody,About 0% of species are agricultural,radial,selfing,dioecious,insect-pollinated,moderate risk,temperate climates,small genome,moderate variation,https://upload.wikimedia.org/wikipedia/commons/e/ed/Starr_010424-9001_Hydrocotyle_bowlesioides.jpg
Hydrophyllum,Boraginaceae,Boraginales,0,0,0.909090909,0,0.001824818,.,.,.,.,.,0.708,.,.,About 91% of species are perennial,About 0% of species are woody,About 0% of species are agamic,radial symmetry,mixed mating system,reproduces sexually,insect-pollinated,low extinction risk,warm climates,medium genome,moderate variation,https://upload.wikimedia.org/wikipedia/commons/8/89/Hydrophyllum_occidentale.jpg
Hymenoclea,Asteraceae,Asterales,50,0.25,1,1,0.00210989,.,.,.,.,.,.,.,.,About 100% of species are perennial,About 100% of species are woody,About 0% of species are agamic,radial symmetry,mixed mating system,obligate outcrossing,wind-pollinated,low extinction risk,cold climates,small genome,low variation,https://upload.wikimedia.org/wikipedia/commons/a/ae/Ambrosia_psilostachya_kz1.jpg
Hymenolobus,Brassicaceae,Brassicales,0,0,1,0,0.00485306,.,.,.,.,.,.,.,.,About 1% of species are perennial,About 0% of species are woody,About 0% of species are agricultural,radial,mixed mating,obligate xenogamy,insect-pollinated,low extinction risk,cold climates,small genome,low variation,No image found
Hymenonema,Asteraceae,Asterales,0,0,1,0,0.00210989,.,.,.,.,.,.,.,.,About 1% of species are perennial,About 0% of species are woody,About 0% of species are agricultural,radial symmetry,mixed mating system,standard reproduction,wind-pollinated,low extinction risk,temperate climates,small genome,low variation,https://upload.wikimedia.org/wikipedia/commons/1/11/Hymenonema_graecum.jpg
Hymenopappus,Asteraceae,Asterales,0,0,0.25,0,0.00210989,.,.,.,.,.,.,.,.,About 25% of species are perennial,About 0% of species are woody,About 0% of species are agricultural,radial symmetry,mixed mating system,reproductive syndrome,insect-pollinated,low extinction risk,temperate climates,medium genome,moderate variation,https://upload.wikimedia.org/wikipedia/commons/9/9d/Hymenopappusfilifolius.jpg
Hymenophyllum,Hymenophyllaceae,Monilophyta,0,0,1,0,0,.,1,0,.,2.928571429,.,.,.,About 100% of species are perennial,About 0% of species are woody,About 0% of species are agricultural,radial,selfing,asexual reproduction,insect-pollinated,moderate risk,temperate climates,medium genome,moderate variation,https://upload.wikimedia.org/wikipedia/commons/2/22/Hymenophyllum_spp_Moore49.png
Hymenothrix,Asteraceae,Asterales,0,0,0.502512563,0,0.00210989,.,.,.,.,.,.,.,.,About 50% of species are perennial,About 0% of species are woody,About 0% of species are cultivated,radial symmetry,mixed mating system,standard syndrome,insect-pollinated,low extinction risk,temperate climates,medium genome,moderate variation,https://upload.wikimedia.org/wikipedia/commons/2/27/Hymenothrix_dissecta_3.jpg
Hymenoxys,Asteraceae,Asterales,0.735294118,0.058823529,0.722222222,0,0.00210989,.,.,.,.,.,.,.,.,About 72% of species are perennial,About 0% of species are woody,About 0% of species are agricultural,radial symmetry,mixed mating system,vegetative reproduction,insect-pollinated,low extinction risk,temperate climates,small genome,moderate variation,https://upload.wikimedia.org/wikipedia/commons/d/d2/Hymenoxyshoopesii.JPG
Hyoscyamus,Solanaceae,Solanales,0,0,0.163265306,0,0.089837398,.,1,1,1,.,.,2.0525,26.41854916,About 16% of species are perennial,About 0% of species are woody,About 9% of species are agricultural,radial symmetry,selfing,obligate selfing,wind-pollinated,low extinction risk,temperate climates,medium genome,high variation,https://upload.wikimedia.org/wikipedia/commons/f/fc/Henbane1.JPG
Hyoseris,Asteraceae,Asterales,0,0,0.666666667,0,0.00210989,.,.,.,1,.,.,.,.,About 67% of species are perennial,About 0% of species are woody,About 0% of species are agricultural,radial,mixed mating system,reproduces sexually,insect-pollinated,low extinction risk,temperate climates,medium genome,moderate variation,https://upload.wikimedia.org/wikipedia/commons/5/59/Flore_colori%C3%A9e_de_poche_du_littoral_m%C3%A9diterran%C3%A9en_de_G%C3%AAnes_%C3%A0_Barcelone_y_compris_la_Corse_%286243944061%29.jpg
Hypecoum,Papaveraceae,Ranunculales,0,0,0,0,0,.,.,.,.,.,.,.,.,About 0% of species are perennial,About 0% of species are woody,About 0% of species are agricultural,radial,mixed mating system,seed-propagated species,wind-pollinated,low extinction risk,cold climates,small genome,low variation,https://upload.wikimedia.org/wikipedia/commons/8/87/Hypecoum_procumbens_LeavesFlowerCloseup_25April2009_CampodeCalatrava.jpg
Hypericum,Hypericaceae,Malpighiales,0.129032258,0.08,0.932432432,0.211711712,0,0,0.954545455,0.607142857,1,1.571428571,.,0.49875,45.74774269,About 93% of species are perennial,About 21% of species are woody,About 0% of species are cultivated,radial,mixed mating system,seed reproduction,wind-pollinated,moderate risk,cold climates,small genome,high variation,https://upload.wikimedia.org/wikipedia/commons/c/cf/%28MHNT%29_Hypericum_perforatum_flower_and_buttons.jpg
Hypochaeris,Asteraceae,Asterales,4.761904762,0.142857143,0.857142857,0,0.00210989,0,1,0.75,1,0,.,2.102352941,53.95340347,About 86% of species are perennial,About 0% of species are woody,About 0% of species are used in agriculture,radial,mixed mating,obligate outcrossing with some selfing,insect-pollinated,low extinction risk,temperate climates,medium genome,high variation,https://upload.wikimedia.org/wikipedia/commons/5/57/Hypochaeris_radicata_bluete.jpeg
Hypochoeris,Asteraceae,Asterales,1.282051282,0.076923077,0.730769231,0,0.00210989,.,.,0.5,.,.,.,.,.,About 73% of species are perennial,About 0% of species are woody,About 0% of species are agriculturally important,unknown,unknown,likely insect-mediated,unknown,unknown,unknown,unknown,unknown,https://upload.wikimedia.org/wikipedia/commons/5/57/Hypochaeris_radicata_bluete.jpeg
Hypolepis,Dennstaedtiaceae,Monilophyta,30,0.6,1,0,0,.,.,.,.,.,.,.,.,About 100% of species are perennial,About 0% of species are woody,About 0% of species are agricultural,radial symmetry,selfing,autotrophic,wind-pollinated,low extinction risk,cold climates,small genome,low variation,No image found
Hypoxis,Hypoxidaceae,Asparagales,0,0,1,0,0,0,.,.,.,.,.,.,.,About 1% of species are perennial,About 0% of species are woody,About 0% of species are agricultural,radial,"Mixed mating system, likely involving both selfing and outcrossing",Primarily sexual reproduction with potential for vegetative propagation,"Primarily insect-pollinated, possibly with some wind pollination",low extinction risk,cold climates,small genome,low variation,https://upload.wikimedia.org/wikipedia/commons/e/ee/Hypoxis_angustifolia_MS_3546.jpg
Hyptis,Lamiaceae,Lamiales,0,0,1,0,0.004320557,0.666666667,.,.,1,3.5,.,.,.,About 100% of species are perennial,About 0% of species are woody,About 0% of species are agricultural,radial,selfing,dioecious,insect-pollinated,high risk,temperate climates,medium genome,moderate variation,https://upload.wikimedia.org/wikipedia/commons/8/8b/Musky_mint_%28Hyptis_alata%29.jpg
Iberis,Brassicaceae,Brassicales,0,0,0.446428571,0,0.00485306,.,1,1,1,.,.,0.565,1.251516427,About 45% of species are perennial,About 0% of species are woody,About 0% of species are agricultural,radial symmetry,selfing,autotrophic,wind-pollinated,low extinction risk,cold climates,small genome,low variation,https://upload.wikimedia.org/wikipedia/commons/4/4d/Iberis%2Bsempervirens.jpg
Ilex,Aquifoliaceae,Aquifoliales,0,0,1,1,0,0,1,0.5,0.983870968,2.051546392,.,2.383333333,71.51272018,About 100% of species are perennial,About 100% of species are woody,About 0% of species are agricultural,radial,selfing,low reproductive assurance,wind-pollinated,moderate risk,temperate climates,medium genome,high variation,https://upload.wikimedia.org/wikipedia/commons/9/96/Ilex-aquifolium_%28Europaeische_Stechpalme-1%29.jpg
Iliamna,Malvaceae,Malvales,0,0,1,0,0.006153846,.,.,.,.,.,.,.,.,About 100% of species are perennial,About 0% of species are woody,About 1% of species are agricultural,radial symmetry,mixed mating system,sexual reproduction,insect-pollinated,low extinction risk,cold climates,small genome,low variation,No image found
Impatiens,Balsaminaceae,Ericales,0,0,0.142857143,0,0,1,1,1,1,2.4,0.4545,1.762,53.46667417,About 14% of species are perennial,About 0% of species are woody,About 0% of species are agricultural,radial,selfing,apomixis,wind-pollinated,moderate risk,temperate climates,small genome,high variation,https://upload.wikimedia.org/wikipedia/commons/3/34/Impatiens_scapiflora.jpg
Indigofera,Fabaceae,Fabales,0,0,1,0.75,0.096494845,1,.,.,1,1,.,3.38,.,About 100% of species are perennial,About 75% of species are woody,About 10% of species are agricultural,radial,mixed mating system,reproduces sexually,insect-pollinated,moderate risk,temperate climates,medium genome,moderate variation,https://upload.wikimedia.org/wikipedia/commons/3/3a/Indigofera_tinctoria1.jpg
Inula,Asteraceae,Asterales,2.307692308,0.288461538,0.923076923,0.038461538,0.00210989,0,1,0.5,1,.,.,2.82,28.08367358,About 92% of species are perennial,About 4% of species are woody,About 0% of species are agricultural,radial,mixed,dioecious,insect-pollinated,low extinction risk,temperate climates,medium genome,high variation,https://upload.wikimedia.org/wikipedia/commons/5/53/Inula_helenium_-_K%C3%B6hler%E2%80%93s_Medizinal-Pflanzen-210.jpg
Ionopsidium,Brassicaceae,Brassicales,0,0,0,0,0.00485306,.,.,.,.,.,.,1.4,.,About 0% of species are perennial,About 0% of species are woody,About 0% of species are agricultural,radial symmetry,selfing,self-pollination,wind-pollinated,low extinction risk,cold climates,small genome,low variation,https://upload.wikimedia.org/wikipedia/commons/7/77/Ionopsidium-acaule.jpg
Ipomoea,Convolvulaceae,Solanales,0.101010101,0.022222222,0.611111111,0,0.044375,0.045454545,.,.,1,2,0.3845,1.212222222,36.19817767,About 61% of species are perennial,About 0% of species are woody,About 4% of species are aggregate,radial,mixed mating system,reproductive syndrome,wind-pollinated,moderate risk,temperate climates,small genome,high variation,https://upload.wikimedia.org/wikipedia/commons/3/3d/Ipomoea_pes-tigridis%2C_Corbett_TR%2C_September_2013._AJT_Johnsingh._DSCN8264.jpg
Ipomopsis,Polemoniaceae,Ericales,1.098901099,0.071428571,0.5,0,0,.,.,.,.,.,.,.,.,About 50% of species are perennial,About 0% of species are woody,About 0% of species are agricultural,radial,mixed mating system,biotically pollinated,insect-pollinated,low extinction risk,temperate climates,small genome,low variation,https://upload.wikimedia.org/wikipedia/commons/d/d8/Ipomopsis_rubraCDP148CA.jpg
Iris,Iridaceae,Asparagales,0.233100233,0.08974359,1,0,0,.,1,0.384615385,1,.,0.826,9.688148148,43.42707811,About 100% of species are perennial,About 0% of species are woody,About 0% of species are agricultural,radial symmetry,selfing,requires pollinators,insect-pollinated,low extinction risk,warm climates,large genome,high variation,No image found
Isachne,Poaceae,Poales,0,0,1,0,0.074314214,.,.,.,.,.,.,1.535,0,About 1% of species are perennial,About 0% of species are woody,About 7% of species are agriculturally significant,radial symmetry,mixed mating system,no discernible reproductive syndrome,insect-pollinated,low extinction risk,cold climates,small genome,low variation,https://upload.wikimedia.org/wikipedia/commons/2/20/Isachne_globosa.jpg
Isatis,Brassicaceae,Brassicales,0,0,0.2,0,0.00485306,.,1,1,1,.,.,0.58,.,About 20% of species are perennial,About 0% of species are woody,About 0% of species are agricultural,radial symmetry,selfing,asexual reproduction,wind-pollinated,low extinction risk,cold climates,small genome,low variation,https://upload.wikimedia.org/wikipedia/commons/9/9b/Isatis_tinctoria02.JPG
Isocoma,Asteraceae,Asterales,100,0.5,1,1,0.00210989,.,.,.,.,.,.,.,.,About 100% of species are perennial,About 100% of species are woody,About 0% of species are agricultural,radial symmetry,mixed mating system,sexual reproduction,insect-pollinated,low extinction risk,temperate climates,small genome,low variation,https://upload.wikimedia.org/wikipedia/commons/3/3e/Isocoma_acradenia.jpg
Isoetes,Isoetaceae,Lycophyta,1.111111111,0.194444444,1,0,0,.,1,0.5,.,3.333333333,.,6.86,105.3444796,About 1% of species are perennial,About 0% of species are woody,About 0% of species are agricultural,radial,selfing,dioecious,insect-pollinated,high risk,temperate climates,medium genome,high variation,https://upload.wikimedia.org/wikipedia/commons/0/02/Isoetes_tegetiformans.jpg
Isolepis,Cyperaceae,Poales,0,0,0.6,0,0.00045977,.,1,0.666666667,0,.,.,.,.,About 60% of species are perennial,About 0% of species are woody,About 0% of species are agricultural,radial symmetry,selfing,seed or fruit dispersal by water,wind-pollinated,low extinction risk,cold climates,small genome,low variation,https://upload.wikimedia.org/wikipedia/commons/3/33/Isolepis_setacea.jpeg
Isopogon,Proteaceae,Proteales,0,0,1,1,0.000625,.,.,.,.,.,.,.,.,About 100% of species are perennial,About 100% of species are woody,About 0% of species are used in agriculture,radial symmetry,selfing,self-pollination,wind-pollinated,low extinction risk,cold climates,small genome,low variation,https://upload.wikimedia.org/wikipedia/commons/8/86/Isopogon_cuneatus.JPG
Isopyrum,Ranunculaceae,Ranunculales,0,0,1,0,0,.,.,.,.,.,.,0.44,.,About 100% of species are perennial,About 0% of species are woody,About 0% of species are of agricultural importance,radial symmetry,selfing,autogamous,wind-pollinated,low extinction risk,cold climates,small genome,low variation,https://upload.wikimedia.org/wikipedia/commons/f/f9/Isopyrum_thalictroides.jpg
Isotoma,Campanulaceae,Asterales,0,0,1,0,0,.,.,.,.,.,.,.,.,About 100% of species are perennial,About 0% of species are woody,About 0% of species are agricultural,radial symmetry,selfing,dioecious,insect-pollinated,low extinction risk,cold climates,small genome,low variation,No image found
Isotria,Orchidaceae,Asparagales,0,0,1,0,0,.,.,.,.,.,.,.,.,About 100% of species are perennial,About 0% of species are woody,About 0% of species are agricultural,radial symmetry,mixed mating system,primarily insect-mediated reproduction,insect-pollinated,low extinction risk,temperate climates,small genome,low variation,https://upload.wikimedia.org/wikipedia/commons/d/d8/Isotria_medeoloides_39329138.jpg
Iva,Asteraceae,Asterales,0,0,0.6,0.166666667,0.00210989,.,1,1,0,.,.,3.17,.,About 60% of species are perennial,About 16.7% of species are woody,About 0.2% of species are agro-economic,radial symmetry,selfing,agamospermy,wind-pollinated,low extinction risk,temperate climates,medium genome,moderate variation,No image found
Ivesia,Rosaceae,Rosales,0.158730159,0.027777778,1,0,0.001060071,.,.,.,.,.,.,.,.,About 1% of species are perennial,About 0% of species are woody,About 0% of species are agricultural,radial symmetry,mixed mating system,self-pollination with occasional cross-pollination,insect-pollinated,low extinction risk,cold climates,small genome,low variation,No image found
Ixia,Iridaceae,Asparagales,0,0,1,0,0,0,.,.,.,.,.,3.5,.,About 100% of species are perennial,About 0% of species are woody,About 0% of species are agricultural,radial,selfing,self-pollination,wind-pollinated,low extinction risk,temperate climates,medium genome,moderate variation,https://upload.wikimedia.org/wikipedia/commons/a/ae/Ixia_African_Corn_Lilies.jpg
Ixiolaena,Asteraceae,Asterales,0,0,1,0,0.00210989,.,.,.,.,.,.,.,.,About 100% of species are perennial,About 0% of species are woody,About 0% of species are agricultural,radial symmetry,selfing,annual,wind-pollinated,low extinction risk,cold climates,small genome,low variation,https://upload.wikimedia.org/wikipedia/commons/2/2a/Ixiolaena_viscosa_-_Flickr_-_Kevin_Thiele.jpg
Jacquemontia,Convolvulaceae,Solanales,0,0,.,0,0.044375,.,.,.,1,.,.,.,.,About 75% of species are perennial,About 0% of species are woody,About 4% of species are agricultural,radial,mixed mating system,dioecious,insect-pollinated,low extinction risk,cold climates,small genome,low variation,https://upload.wikimedia.org/wikipedia/commons/d/d3/Beach_clustervine_%28Jacquemontia_reclinata%29_%286571775387%29.jpg
Jamesia,Hydrangeaceae,Cornales,0,0,1,1,0,.,.,.,.,.,.,.,.,About 100% of species are perennial,About 100% of species are woody,About 0% of species are agricultural,radial symmetry,mixed mating system,herbaceous plant reproduction,insect-pollinated,low extinction risk,cold climates,small genome,low variation,https://upload.wikimedia.org/wikipedia/commons/f/f3/Jamesia_americana_8.jpg
Jasione,Campanulaceae,Asterales,0,0,0.611111111,0,0,.,1,1,1,3,.,.,.,About 61% of species are perennial,About 0% of species are woody,About 0% of species are agricultural,radial,selfing,autogamous,wind-pollinated,moderate risk,temperate climates,medium genome,moderate variation,https://upload.wikimedia.org/wikipedia/commons/d/d6/Berg-Sandgl%C3%B6ckchen_Jasione_montana.jpg
Jasminum,Oleaceae,Lamiales,0,0,1,1,0.003252033,0.25,.,.,1,.,.,1.44,.,About 100% of species are perennial,About 100% of species are woody,About 0% of species are agriculturally important,radial,Mixed mating system,Insect pollination,insect-pollinated,low extinction risk,cold climates,small genome,low variation,https://upload.wikimedia.org/wikipedia/commons/4/42/Common_Jasmine.jpg
Jasonia,Asteraceae,Asterales,0,0,1,0,0.00210989,.,.,.,.,.,.,.,.,About 1% of species are perennial,About 0% of species are woody,About 0% of species are agricultural,radial symmetry,mixed mating system,sexual reproduction,insect-pollinated,low extinction risk,cold climates,small genome,low variation,https://upload.wikimedia.org/wikipedia/commons/4/45/Jasonia_3.JPG
Jatropha,Euphorbiaceae,Malpighiales,0,0,1,0.5,0.01239531,0,.,.,1,1.75,.,0.365,25.18462508,About 1% of species are perennial,About 50% of species are woody,About 1% of species are agricultural,radial,selfing,self-pollinating,wind-pollinated,moderate risk,cold climates,small genome,high variation,https://upload.wikimedia.org/wikipedia/commons/0/0b/Redflowers8.jpg
Jepsonia,Saxifragaceae,Saxifragales,0,0,1,0,0,.,.,.,.,.,.,.,.,About 1% of species are perennial,About 0% of species are woody,About 0% of species are agricultural,unknown,unknown,unknown,unknown,low extinction risk,unknown,small genome,low variation,https://upload.wikimedia.org/wikipedia/commons/6/61/Jepsoniaparryi.jpg
Johanneshowellia,Polygonaceae,Caryophyllales,0,0,0,0,0.002727273,.,.,.,.,.,.,.,.,About 0% of species are perennial,About 0% of species are woody,About 0% of species are agroforestry-relevant,radial symmetry,selfing,sexual reproduction,wind-pollinated,low extinction risk,cold climates,small genome,low variation,No image found
Jovibarba,Crassulaceae,Saxifragales,0,0,1,0,0,.,.,.,.,.,.,.,.,About 1% of species are perennial,About 0% of species are woody,About 0% of species are agricultural,radial symmetry,mixed mating system,unknown reproductive syndrome,insect-pollinated,low extinction risk,cold climates,small genome,low variation,https://upload.wikimedia.org/wikipedia/commons/1/15/Hen_%26_Chicks_%28succulent_plant%29.jpg
Juglans,Juglandaceae,Fagales,0,0,1,1,0,.,1,1,0,1.875,0.9475,0.62,.,About 100% of species are perennial,About 100% of species are woody,About 0% of species are agricultural,radial symmetry,selfing,obligate self-pollination,wind-pollinated,moderate risk,warm climates,small genome,low variation,https://upload.wikimedia.org/wikipedia/commons/1/19/Juglans_major_Morton.jpg
Juncus,Juncaceae,Poales,0.116788321,0.16,0.848547718,0,0,.,1,0.661290323,0.029411765,.,0.056,1.275555556,81.76068291,About 85% of species are perennial,About 0% of species are woody,About 0% of species are used in agriculture,radial,selfing,vegetative reproduction,wind-pollinated,low extinction risk,cold climates,small genome,high variation,https://upload.wikimedia.org/wikipedia/commons/8/88/Juncus.conglomeratus.2.jpg
Juniperus,Cupressaceae,Pinophyta,0.793650794,0.107142857,1,1,0.007142857,.,1,1,0.125,0.66,.,14.32894737,32.1221637,About 100% of species are perennial,About 100% of species are woody,About 1% of species are agricultural,radial symmetry,selfing,self-pollination,insect-pollinated,low extinction risk,temperate climates,large genome,high variation,https://upload.wikimedia.org/wikipedia/commons/1/10/Juniperus_osteosperma_1.jpg
Jurinea,Asteraceae,Asterales,0,0,1,0,0.00210989,.,1,1,1,.,.,1.8,.,About 100% of species are perennial,About 0% of species are woody,About 0% of species are agricultural,radial,selfing,obligate asexual reproduction,wind-pollinated,low extinction risk,cold climates,small genome,low variation,https://upload.wikimedia.org/wikipedia/commons/1/11/Jurinea_mollis_%2834316298270%29.jpg
Kalanchoe,Crassulaceae,Saxifragales,0,0,1,0,0,0,.,.,.,1,.,.,.,About 1% of species are perennial,About 0% of species are woody,About 0% of species are agamospermous,radial,selfing,obligate self-pollination,wind-pollinated,moderate risk,temperate climates,small genome,low variation,https://upload.wikimedia.org/wikipedia/commons/6/67/Kalanchoe.blossfeldiana.jpg
Kalidium,Amaranthaceae,Caryophyllales,0,0,1,1,0.041463415,.,.,.,.,.,.,.,.,About 100% of species are perennial,About 100% of species are woody,About 4% of species are agricultural,radial symmetry,mixed mating system,seed reproduction,wind-pollinated,low extinction risk,cold climates,small genome,moderate variation,https://upload.wikimedia.org/wikipedia/commons/d/d8/Kalidium_caspicum.jpg
Kalmia,Ericaceae,Ericales,0,0,1,1,0,.,1,0.5,1,.,0.967,.,.,About 100% of species are perennial,About 100% of species are woody,About 0% of species are cultivated,radial,mixed mating,self-compatible,insect-pollinated,low extinction risk,warm climates,medium genome,low variation,https://upload.wikimedia.org/wikipedia/commons/6/61/Kalmia_latifolia.jpg
Keckiella,Plantaginaceae,Lamiales,0,0,1,1,0.005925926,.,.,.,.,.,.,.,.,About 100% of species are perennial,About 100% of species are woody,About 1% of species are agricultural,radial symmetry,mixed mating system,dioecious,wind-pollinated,low extinction risk,cold climates,small genome,low variation,https://upload.wikimedia.org/wikipedia/commons/5/57/Kebr_001_lhp.jpg
Kennedia,Fabaceae,Fabales,0,0,1,0,0.096494845,.,.,.,.,.,.,.,.,About 100% of species are perennial,About 0% of species are woody,About 10% of species are agricultural,radial,mixed mating system,unknown reproductive syndrome,insect-pollinated,low extinction risk,temperate climates,small genome,moderate variation,https://upload.wikimedia.org/wikipedia/commons/7/72/Kennedia_prostrata_01_gnangarra.JPG
Kickxia,Plantaginaceae,Lamiales,0,0,0.285714286,0,0.005925926,.,1,1,1,.,.,0.94,.,About 29% of species are perennial,About 0% of species are woody,About 1% of species are agricultural,radial symmetry,selfing,obligate sexual reproduction,wind-pollinated,low extinction risk,cold climates,small genome,low variation,https://upload.wikimedia.org/wikipedia/commons/c/cd/Kickxia_elatine1.jpg
Knautia,Caprifoliaceae,Dipsacales,2.312673451,0.531914894,0.854166667,0,0,.,1,0.875,1,.,.,4.87,54.61597739,About 85% of species are perennial,About 0% of species are woody,About 0% of species are agricultural,radial,selfing,hermaphroditic,wind-pollinated,low extinction risk,temperate climates,medium genome,high variation,https://upload.wikimedia.org/wikipedia/commons/d/d4/Acker-Witwenblume_Knautia_arvensis.jpg
Kobresia,Cyperaceae,Poales,0,0,1,0,0.00045977,.,1,0.5,0,.,.,.,.,About 100% of species are perennial,About 0% of species are woody,About 0% of species are agroforestry,radial symmetry,selfing,dioecious,wind-pollinated,low extinction risk,cold climates,small genome,low variation,https://upload.wikimedia.org/wikipedia/commons/e/e4/Carex_diversity_in_south-west_France.jpg
Kochia,Amaranthaceae,Caryophyllales,0,0,0.571428571,0.571428571,0.041463415,.,.,.,.,.,.,.,.,About 57% of species are perennial,About 57% of species are woody,About 4% of species are agricultural,radial symmetry,mixed mating system,typical insect pollination syndrome,insect-pollinated,low extinction risk,temperate climates,medium genome,moderate variation,https://upload.wikimedia.org/wikipedia/commons/4/48/Kochia_scoparia1.jpg
Koeleria,Poaceae,Poales,1.470588235,0.117647059,0.941176471,0,0.074314214,.,1,0.625,0,.,.,5.625833333,63.68485188,About 94% of species are perennial,About 0% of species are woody,About 7% of species are agamic,radial symmetry,selfing,dioecious,wind-pollinated,low extinction risk,temperate climates,medium genome,high variation,https://upload.wikimedia.org/wikipedia/commons/2/2b/Illustration_Koeleria_pyramidata0.jpg
Koenigia,Polygonaceae,Caryophyllales,0,0,0.5,0,0.002727273,.,.,1,.,.,.,.,.,About 50% of species are perennial,About 0% of species are woody,About 0% of species are agricultural,radial symmetry,mixed mating system,obligate xenogamy,insect-pollinated,low extinction risk,temperate climates,small genome,low variation,https://upload.wikimedia.org/wikipedia/commons/4/4b/Polygonum_phytolaccifolium.jpeg
Kokia,Malvaceae,Malvales,0,0,1,1,0.006153846,.,.,.,.,4.5,.,0.63,.,About 100% of species are perennial,About 100% of species are woody,About 1% of species are agricultural,radial symmetry,selfing,bisexual reproduction,insect-pollinated,high risk,cold climates,small genome,moderate variation,No image found
Korthalsella,Santalaceae,Santalales,0,0,1,0,0.002139037,.,.,.,.,.,.,.,.,About 100% of species are perennial,About 0% of species are woody,About 0% of species are agricultural,radial symmetry,mixed mating system,typical reproductive syndrome,insect-pollinated,low extinction risk,temperate climates,small genome,low variation,https://upload.wikimedia.org/wikipedia/commons/2/2a/Starr_030222-0115_Korthalsella_complanata.jpg
Krameria,Krameriaceae,Zygophyllales,0,0,1,1,0,.,.,.,1,.,.,.,.,About 1% of species are perennial,About 1% of species are woody,About 0% of species are agricultural,radial symmetry,mixed mating system,animal-pollinated,insect-pollinated,low extinction risk,cold climates,small genome,low variation,https://upload.wikimedia.org/wikipedia/commons/9/93/Krameria_lappacea_-_K%C3%B6hler%E2%80%93s_Medizinal-Pflanzen-084.jpg
Krigia,Asteraceae,Asterales,0,0,0.5,0,0.00210989,.,.,.,.,.,.,1.5,.,About 50% of species are perennial,About 0% of species are woody,About 0% of species are agricultural,radial symmetry,mixed mating system,sexual reproduction,insect-pollinated,low extinction risk,temperate climates,small genome,low variation,https://upload.wikimedia.org/wikipedia/commons/b/bc/Krigia_biflora_001.jpg
Kuhnia,Asteraceae,Asterales,0,0,1,0,0.00210989,.,.,.,.,.,.,.,.,About 1% of species are perennial,About 0% of species are woody,About 0% of species are agricultural,radial symmetry,mixed mating system,unknown reproductive syndrome,unknown pollination syndrome,low extinction risk,temperate climates,small genome,low variation,No image found
Kunzea,Myrtaceae,Myrtales,0,0,1,1,0.003243243,.,.,.,.,.,.,.,.,About 100% of species are perennial,About 100% of species are woody,About 0% of species are agricultural,radial symmetry,self-incompatible,obligate xenogamy,wind-pollinated,low extinction risk,cold climates,small genome,low variation,https://upload.wikimedia.org/wikipedia/commons/2/28/Kunzea_obovata_02.jpg
Kyllinga,Cyperaceae,Poales,0,0,1,0,0.00045977,1,.,.,.,.,.,.,.,About 100% of species are perennial,About 0% of species are woody,About 0% of species are agricultural,radial,Unknown mating system,Unknown reproductive syndrome,Unknown pollination syndrome,Low extinction risk,Unknown climate,Unknown genome size,Unknown genome variation,https://upload.wikimedia.org/wikipedia/commons/7/7a/Starr_030807-0056_Kyllinga_nemoralis.jpg
Kyllingia,Cyperaceae,Poales,0,0,0.666666667,0,0.00045977,.,.,.,.,.,.,.,.,About 67% of species are perennial,About 0% of species are woody,About 0% of species are agroforestry,radial,mixed mating system,sexual reproduction,insect-pollinated,low extinction risk,temperate climates,medium genome,moderate variation,No image found
Labordia,Loganiaceae,Gentianales,0.952380952,0.066666667,1,1,0,.,.,.,.,2.625,.,.,.,About 100% of species are perennial,About 100% of species are woody,About 0% of species are agamospermic,Flowers exhibit radial symmetry,The mating system is primarily self-incompatible,Reproduction occurs through seeds,Pollination is typically carried out by insects,moderate risk,temperate climates,medium genome,moderate variation,https://upload.wikimedia.org/wikipedia/commons/f/fd/Geniostoma_ligustrifolium.jpg
Laburnum,Fabaceae,Fabales,16.66666667,0.25,1,1,0.096494845,.,1,1,1,.,.,1.35,57.6161081,About 100% of species are perennial,About 100% of species are woody,About 10% of species are agricultural,radial symmetry,selfing,herbaceous perennial with vegetative reproduction,insect-pollinated,low extinction risk,cold climates,small genome,high variation,https://upload.wikimedia.org/wikipedia/commons/5/53/Laburnum_anagyroides2.jpg
Lactuca,Asteraceae,Asterales,0.092506938,0.021276596,0.329145729,0,0.00210989,0,1,0.863636364,1,.,.,3.516875,50.10866239,About 33% of species are perennial,About 0% of species are woody,About 0% of species are agricultural,radial,selfing,nectar rewards,insect-pollinated,low extinction risk,temperate climates,medium genome,high variation,https://upload.wikimedia.org/wikipedia/commons/e/e4/Lactuca_tuberosa_2.jpg
Lagenifera,Asteraceae,Asterales,33.33333333,0.333333333,1,0,0.00210989,.,.,.,.,.,.,.,.,About 1% of species are perennial,About 0% of species are woody,About 0% of species are agricultural,Unknown floral symmetry,Unknown mating system,Unknown reproductive syndrome,Unknown pollination syndrome,Low extinction risk,Unknown climate,Unknown genome size,Unknown genome size variation,https://upload.wikimedia.org/wikipedia/commons/4/4d/Flower_Sheldon_Forest_Sydney_Australia_possibly_Lagenophora_gracilis.JPG
Lagenophora,Asteraceae,Asterales,0,0,1,0,0.00210989,.,.,.,.,.,.,.,.,About 1% of species are perennial,About 0% of species are woody,About 0% of species are agricultural,radial symmetry,mixed mating system,seed reproduction,insect-pollinated,low extinction risk,cold climates,small genome,low variation,https://upload.wikimedia.org/wikipedia/commons/4/4d/Flower_Sheldon_Forest_Sydney_Australia_possibly_Lagenophora_gracilis.JPG
Lagophylla,Asteraceae,Asterales,0,0,0,0,0.00210989,.,.,.,.,.,.,.,.,About 0% of species are perennial,About 0% of species are woody,About 0% of species are agricultural,radial,mixed mating system,likely relies on biotic pollination,insect-pollinated,low extinction risk,temperate climates,small genome,low variation,https://upload.wikimedia.org/wikipedia/commons/9/9c/Lagophyllaramosissimaramos.jpg
Lagotis,Plantaginaceae,Lamiales,0,0,1,0,0.005925926,.,.,.,.,.,.,.,.,About 100% of species are perennial,About 0% of species are woody,About 1% of species are agricultural,unknown,unknown,unknown,unknown,low extinction risk,unknown,unknown,unknown,No image found
Lamium,Lamiaceae,Lamiales,0,0,0.357142857,0,0.004320557,.,1,0.75,1,.,.,2.164285714,33.5928639,About 36% of species are perennial,About 0% of species are woody,About 0% of species are agricultural,radial symmetry,selfing,dioecy,insect-pollinated,low extinction risk,temperate climates,medium genome,high variation,https://upload.wikimedia.org/wikipedia/commons/8/88/Lamium_purpureum_-_verev_imin%C3%B5ges_Keilas.jpg
Lampranthus,Aizoaceae,Caryophyllales,0,0,1,1,0.000990099,.,.,.,.,.,.,.,.,About 100% of species are perennial,About 100% of species are woody,About 0% of species are agricultural,radial symmetry,selfing,seed reproduction,wind-pollinated,low extinction risk,cold climates,small genome,low variation,https://upload.wikimedia.org/wikipedia/commons/a/a4/Lampranthus_glaucoides_3.jpg
Lamyropsis,Asteraceae,Asterales,0,0,1,0,0.00210989,.,.,.,.,4,.,.,.,About 100% of species are perennial,About 0% of species are woody,About 0% of species are agricultural,radial,selfing,self-pollination,wind-pollinated,high risk,temperate climates,medium genome,moderate variation,https://upload.wikimedia.org/wikipedia/commons/3/32/Lamyropsis_microcephala.jpg
Langloisia,Polemoniaceae,Ericales,0,0,0,0,0,.,.,.,.,.,.,.,.,About 0% of species are perennial,About 0% of species are woody,About 0% of species are annual,radial,mixed mating system,reproduces sexually,wind-pollinated,low extinction risk,cold climates,small genome,low variation,https://upload.wikimedia.org/wikipedia/commons/6/64/Langloisia_setosissima_1.jpg
Lappula,Boraginaceae,Boraginales,0,0,0,0,0.001824818,.,1,1,1,.,.,.,.,About 0% of species are perennial,About 0% of species are woody,About 0% of species are agricultural,radial,selfing,obligate selfing,wind-pollinated,low extinction risk,cold climates,small genome,low variation,https://upload.wikimedia.org/wikipedia/commons/6/62/Lappula_squarrosa1.JPG
Lapsana,Asteraceae,Asterales,0,0,0.333333333,0,0.00210989,.,1,1,1,.,.,1.18,.,About 33% of species are perennial,About 0% of species are woody,About 0% of species are agricultural,radial symmetry,selfing,vegetative reproduction,wind-pollinated,low extinction risk,temperate climates,small genome,low variation,https://upload.wikimedia.org/wikipedia/commons/d/de/Lapsana_communis_intermedia_1.jpg
Larix,Pinaceae,Pinophyta,3.571428571,0.125,1,1,0.004761905,.,1,1,0,0.181818182,0.769,13.2,13.52265875,About 100% of species are perennial,About 100% of species are woody,About 0% of species are agricultural,radial,selfing,sexual reproduction,wind-pollinated,low extinction risk,warm climates,large genome,moderate variation,https://upload.wikimedia.org/wikipedia/commons/c/ca/Larix_decidua_Aletschwald.jpg
Laserpitium,Apiaceae,Apiales,0,0,0.923076923,0,0.003968254,.,1,1,1,.,.,1.76,16.8741391,About 92% of species are perennial,About 0% of species are woody,About 0% of species are agricultural,radial symmetry,selfing,asexual reproduction,wind-pollinated,low extinction risk,cold climates,small genome,high variation,https://upload.wikimedia.org/wikipedia/commons/5/53/Apiaceae_-_Laserpitium_latifolium-2.JPG
Lasthenia,Asteraceae,Asterales,0.735294118,0.058823529,0.055555556,0,0.00210989,.,.,.,.,.,.,.,.,About 6% of species are perennial,About 0% of species are woody,About 0% of species are agricultural,unknown,unknown,unknown,unknown,low extinction risk,unknown,unknown,unknown,https://upload.wikimedia.org/wikipedia/commons/6/68/Lasthenia_glabrata_1.JPG
Lastreopsis,Dryopteridaceae,Monilophyta,0,0,.,.,0,.,.,.,.,4,.,.,.,About 75% of species are perennial,About 60% of species are woody,About 0% of species are annual,radial symmetry,mixed mating system,dioecious with generalist pollination,insect-pollinated,high risk,temperate climates,medium genome,high variation,https://upload.wikimedia.org/wikipedia/commons/2/2b/Lacy_Fern_Chatswood_West.jpg
Lathraea,Orobanchaceae,Lamiales,0,0,1,0,0,.,1,0.5,1,.,.,.,.,About 100% of species are perennial,About 0% of species are woody,About 0% of species are agricultural,radial symmetry,selfing,seed dispersal,insect-pollinated,low extinction risk,cold climates,small genome,low variation,https://upload.wikimedia.org/wikipedia/commons/0/07/Lathraea_squamaria.jpg
Lathyrus,Fabaceae,Fabales,0.024996875,0.015748031,0.692913386,0,0.096494845,.,1,0.789473684,1,.,0.807,7.437222222,24.57897815,About 69% of species are perennial,About 0% of species are woody,About 10% of species are agricultural,radial,selfing,obligately xenogamous,insect-pollinated,low extinction risk,warm climates,medium genome,high variation,https://upload.wikimedia.org/wikipedia/commons/f/fc/Grass_vetchling_close_800.jpg
Launaea,Asteraceae,Asterales,0,0,0.833333333,0.5,0.00210989,0.5,.,.,1,0.666666667,.,1.54,.,About 83% of species are perennial,About 50% of species are woody,About 0.21% of species are cultivated,radial,mixed mating system,dioecious reproduction,insect-pollinated,low extinction risk,temperate climates,small genome,moderate variation,https://upload.wikimedia.org/wikipedia/commons/b/b5/Launaea_arborescens.jpg
Laurus,Lauraceae,Laurales,0,0,1,1,4.00E-04,0,.,.,1,0.5,.,3.215,0,About 100% of species are perennial,About 100% of species are woody,About 0% of species are agroeconomic,radial,selfing,chasmogamous,wind-pollinated,low extinction risk,temperate climates,medium genome,low variation,https://upload.wikimedia.org/wikipedia/commons/4/47/Laurus_novocanariensis_%28Garaf%C3%ADa%29_01_ies.jpg
Lavandula,Lamiaceae,Lamiales,0,0,1,1,0.004320557,.,1,1,1,0,.,2.223333333,133.4743801,About 100% of species are perennial,About 100% of species are woody,About 0% of species are used in agriculture,radial,selfing,vegetative reproduction,wind-pollinated,low extinction risk,temperate climates,medium genome,high variation,https://upload.wikimedia.org/wikipedia/commons/7/7e/Single_lavender_flower02.jpg
Lavatera,Malvaceae,Malvales,0,0,0.477272727,0.363636364,0.006153846,.,1,1,1,.,.,.,.,About 48% of species are perennial,About 36% of species are woody,About 1% of species are agricultural,radial symmetry,selfing,vegetative reproduction,wind-pollinated,low extinction risk,temperate climates,medium genome,low variation,https://upload.wikimedia.org/wikipedia/commons/5/56/Malva-sylvestris-20070430-1.jpg
Lawrencia,Malvaceae,Malvales,0,0,1,0.25,0.006153846,.,.,.,.,.,.,.,.,About 100% of species are perennial,About 25% of species are woody,About 1% of species are agricultural,radial symmetry,mixed mating system,vegetative reproduction,wind-pollinated,low extinction risk,temperate climates,medium genome,moderate variation,https://upload.wikimedia.org/wikipedia/commons/1/1c/Lawrencia_squamata_%288691776807%29.jpg
Layia,Asteraceae,Asterales,0,0,0,0,0.00210989,.,.,.,.,.,.,.,.,About 0% of species are perennial,About 0% of species are woody,About 0% of species are agricultural,radial symmetry,mixed mating system,opportunistic reproduction,wind-pollinated,low extinction risk,cold climates,small genome,low variation,https://upload.wikimedia.org/wikipedia/commons/a/a6/Layia_glandulosa_white_layia_flower_bud.png
Lechea,Cistaceae,Malvales,0,0,1,0,0.011428571,.,.,.,.,.,.,.,.,About 100% of species are perennial,About 0% of species are woody,About 1% of species are agricultural,radial symmetry,mixed mating system,generalist reproduction,insect-pollinated,low extinction risk,temperate climates,small genome,low variation,https://upload.wikimedia.org/wikipedia/commons/8/82/Lechea_mucronata_90943540.jpg
Leersia,Poaceae,Poales,0,0,1,0,0.074314214,.,1,0.5,.,.,.,.,.,About 1% of species are perennial,About 0% of species are woody,About 7% of species are agricultural,radial,selfing,moderate reproductive syndrome,insect-pollinated,low extinction risk,temperate climates,small genome,low variation,https://upload.wikimedia.org/wikipedia/commons/e/e3/Leersia_hexandra.jpg
Legousia,Campanulaceae,Asterales,0,0,0,0,0,.,1,1,1,.,.,.,.,About 0% of species are perennial,About 0% of species are woody,About 0% of species are agricultural,radial,mixed,seed reproduction,wind-pollinated,low extinction risk,cold climates,small genome,low variation,https://upload.wikimedia.org/wikipedia/commons/1/1b/Legousia_speculum-veneris1_eF.jpg
Lemna,Araceae,Alismatales,0,0,1,0,0.000248447,.,1,0,1,3,.,0.609285714,20.91846457,About 100% of species are perennial,About 0% of species are woody,About 0% of species are agricultural,radial symmetry,selfing,dioecious,insect-pollinated,moderate risk,temperate climates,small genome,high variation,https://upload.wikimedia.org/wikipedia/commons/7/7b/Kleine_Wasserlinse_%28Entengr%C3%BCtze%29.JPG
Lens,Fabaceae,Fabales,0,0,0,0,0.096494845,.,.,.,.,.,0.019,4.4,0,About 0% of species are perennial,About 0% of species are woody,About 10% of species are agricultural,unknown,unknown,unknown,unknown,low extinction risk,cold climates,medium genome,low variation,https://upload.wikimedia.org/wikipedia/commons/c/c8/Double-lens_burning_apparatus%2C_Ehrenfried_Walther_von_Tschirnhaus%2C_Kieslingswalde_%28today_Slawonice%2C_Poland%29%2C_c._1690_-_Mathematisch-Physikalischer_Salon%2C_Dresden_-_DSC08133.JPG
Leontodon,Asteraceae,Asterales,0.378787879,0.060606061,0.860182371,0,0.00210989,.,1,0.666666667,1,.,.,1.527142857,43.68361506,About 86% of species are perennial,About 0% of species are woody,About 0% of species are agricultural,radial symmetry,selfing,primarily sexual reproduction,wind-pollinated,low extinction risk,temperate climates,small genome,high variation,https://upload.wikimedia.org/wikipedia/commons/thumb/e/ec/Nordschitz-Leontodon_hispidus.tif/lossy-page1-580px-Nordschitz-Leontodon_hispidus.tif.jpg
Leonurus,Lamiaceae,Lamiales,0,0,0.5,0,0.004320557,.,1,0.5,1,.,.,0.81,.,About 50% of species are perennial,About 0% of species are woody,About 0% of species are agricultural,radial symmetry,selfing,obligate xenogamy,wind-pollinated,low extinction risk,cold climates,small genome,low variation,https://upload.wikimedia.org/wikipedia/commons/6/68/Illustration_Leonurus_cardiaca0.jpg
Lepechinia,Lamiaceae,Lamiales,0,0,1,1,0.004320557,.,.,.,.,2,.,.,.,About 100% of species are perennial,About 100% of species are woody,About 0% of species are agricultural,radial symmetry,mixed mating system,reproduces sexually,insect-pollinated,moderate risk,temperate climates,medium genome,moderate variation,https://upload.wikimedia.org/wikipedia/commons/d/d8/Lepechinia_calycina_2.jpg
Lepidium,Brassicaceae,Brassicales,0.014992504,0.00862069,0.370411568,0.099137931,0.00485306,.,1,0.916666667,1,2,.,0.521666667,51.81277337,About 37% of species are perennial,About 10% of species are woody,About 0.49% of species are used in agriculture,radial,selfing,autotrophic,wind-pollinated,moderate risk,temperate climates,small genome,high variation,https://upload.wikimedia.org/wikipedia/commons/2/2f/Lepidium_flavum_3.jpg
Lepidospartum,Asteraceae,Asterales,0,0,1,1,0.00210989,.,.,.,.,.,.,.,.,About 100% of species are perennial,About 100% of species are woody,About 0% of species are agamic,radial symmetry,selfing,obligate xenogamy,insect-pollinated,low extinction risk,cold climates,small genome,low variation,https://upload.wikimedia.org/wikipedia/commons/d/d7/Lepidospartum_latisquamum_7.jpg
Lepidosperma,Cyperaceae,Poales,0,0,1,0,0.00045977,.,.,.,.,.,.,.,.,About 100% of species are perennial,About 0% of species are woody,About 0% of species are agricultural,radial symmetry,mixed mating system,standard reproductive syndrome,insect-pollinated,low extinction risk,cold climates,small genome,low variation,https://upload.wikimedia.org/wikipedia/commons/0/00/Sword_sedge.jpg
Lepidotis,Lycopodiaceae,Lycophyta,0,0,1,0,0,.,.,.,.,.,.,.,.,About 1% of species are perennial,About 0% of species are woody,About 0% of species are agricultural,radial symmetry,mixed mating system,angiosperm reproduction,insect-pollinated,low extinction risk,cold climates,small genome,low variation,No image found
Lepilaena,Potamogetonaceae,Alismatales,0,0,.,0,0,.,.,.,.,.,.,.,.,About 85% of species are perennial,About 0% of species are woody,About 0% of species are agricultural,radial symmetry,selfing,requires cross-pollination,wind-pollinated,low extinction risk,cold climates,small genome,low variation,https://upload.wikimedia.org/wikipedia/commons/c/ce/Althenia_filiformis_Andalucia%2C_Spain_01_Apr._2011.jpg
Leptinella,Asteraceae,Asterales,0,0,1,0,0.00210989,.,.,.,.,.,.,.,.,About 100% of species are perennial,About 0% of species are woody,About 0% of species are agricultural,radial symmetry,selfing,sexual reproduction,insect-pollinated,low extinction risk,cold climates,small genome,low variation,https://upload.wikimedia.org/wikipedia/commons/c/c8/Starr_070906-8806_Leptinella_gruveri.jpg
Leptocarpus,Restionaceae,Poales,0,0,1,0,0,.,.,.,.,.,.,.,.,About 1% of species are perennial,About 0% of species are woody,About 0% of species are agricultural,radial symmetry,mixed mating system,wind-pollinated,wind-pollinated,low extinction risk,cold climates,small genome,low variation,No image found
Leptochloa,Poaceae,Poales,0,0,0.05,0,0.074314214,.,.,.,.,.,.,.,.,About 5% of species are perennial,About 0% of species are woody,About 7% of species are agroforestry,radial symmetry,selfing,obligate xenogamy,wind-pollinated,low extinction risk,cold climates,small genome,low variation,https://upload.wikimedia.org/wikipedia/commons/d/d8/Leptochloa.jpg
Leptodactylon,Polemoniaceae,Ericales,0,0,1,0.375,0,.,.,.,.,.,.,.,.,About 100% of species are perennial,About 37.5% of species are woody,About 0% of species are agricultural,radial symmetry,mixed mating system,obligate xenogamy,wind-pollinated,low extinction risk,temperate climates,medium genome,moderate variation,https://upload.wikimedia.org/wikipedia/commons/7/7a/Linanthus_demissus_1.jpg
Leptomeria,Santalaceae,Santalales,0,0,1,1,0.002139037,.,.,.,.,.,.,.,.,About 100% of species are perennial,About 100% of species are woody,About 0% of species are agricultural,radial or bilateral symmetry,mixed mating system,dioecious or monoecious,insect-pollinated or wind-pollinated,low extinction risk,cold climates,small genome,low variation,https://upload.wikimedia.org/wikipedia/commons/5/5c/Unidentified_Plant_1960_1.jpg
Leptorhynchos,Asteraceae,Asterales,0,0,0.666666667,0,0.00210989,.,.,.,1,.,.,.,.,About 67% of species are perennial,About 0% of species are woody,About 0% of species are agricultural,radial symmetry,selfing,obligate xenogamy,insect-pollinated,low extinction risk,temperate climates,medium genome,moderate variation,No image found
Leptospermum,Myrtaceae,Myrtales,0.790513834,0.086956522,1,1,0.003243243,.,.,.,.,.,.,.,.,About 1% of species are perennial,About 1% of species are woody,About 0% of species are agricultural,radial,selfing,vegetative reproduction,wind-pollinated,low extinction risk,cold climates,small genome,low variation,https://upload.wikimedia.org/wikipedia/commons/e/ea/Leptospermum_squarrosum.jpg
Lepyrodia,Restionaceae,Poales,0,0,1,0,0,.,.,.,.,.,.,.,.,About 1% of species are perennial,About 0% of species are woody,About 0% of species are aggressive,radial symmetry,selfing,dioecious,wind-pollinated,low extinction risk,cold climates,small genome,low variation,https://upload.wikimedia.org/wikipedia/commons/6/65/Lepyrodia_muelleri.jpg
Lespedeza,Fabaceae,Fabales,2.666666667,0.32,0.92,0,0.096494845,.,.,.,.,.,.,.,.,About 92% of species are perennial,About 0% of species are woody,About 10% of species are agricultural,radial symmetry,mixed mating system,reproduction by seed,insect-pollinated,low extinction risk,temperate climates,medium genome,high variation,https://upload.wikimedia.org/wikipedia/commons/9/9c/Lespedeza_thunbergiiaDT1.jpg
Lesquerella,Brassicaceae,Brassicales,0,0,0.625,0,0.00485306,.,.,.,.,.,.,0.69,.,About 62.5% of species are perennial,About 0% of species are woody,About 0.49% of species are agriculturally important,radial symmetry,mixed mating system,sexual reproduction,insect-pollinated,low extinction risk,temperate climates,small genome,low variation,https://upload.wikimedia.org/wikipedia/commons/2/2d/Lesquerella_tenella_2.jpg
Lessingia,Asteraceae,Asterales,0,0,0.071428571,0.071428571,0.00210989,.,.,.,.,.,.,.,.,About 7% of species are perennial,About 7% of species are woody,About 0% of species are agricultural,radial symmetry,mixed mating system,obligate xenogamy,wind-pollinated,low extinction risk,temperate climates,medium genome,moderate variation,https://upload.wikimedia.org/wikipedia/commons/5/54/Lessingia_leptoclada_2.jpeg
Leucanthemopsis,Asteraceae,Asterales,0,0,1,0,0.00210989,.,1,0.5,1,.,.,12.57,.,About 100% of species are perennial,About 0% of species are woody,About 0% of species are agricultural,radial symmetry,selfing,outcrossing,insect-pollinated,low extinction risk,temperate climates,large genome,moderate variation,https://upload.wikimedia.org/wikipedia/commons/4/42/Leucanthemopsis_alpina01.jpg
Leucanthemum,Asteraceae,Asterales,0,0,0.9375,0,0.00210989,.,1,0.5,1,.,.,12.28555556,46.13867943,About 94% of species are perennial,About 0% of species are woody,About 0% of species are agricultural,radial,selfing,dioecious,wind-pollinated,low extinction risk,warm climates,large genome,high variation,https://upload.wikimedia.org/wikipedia/commons/b/bd/Leucanthemum_vulgare_Kaldari.jpg
Leucochrysum,Asteraceae,Asterales,0,0,0.5,0,0.00210989,.,.,.,1,.,.,.,.,About 50% of species are perennial,About 0% of species are woody,About 0% of species are agricultural,radial symmetry,mixed mating system,seed reproduction,wind-pollinated,low extinction risk,temperate climates,small genome,low variation,https://upload.wikimedia.org/wikipedia/commons/4/43/Leucochrysum_albicans.jpg
Leucojum,Amaryllidaceae,Asparagales,0,0,1,0,0,.,1,0.5,1,.,.,32.81666667,5.920112715,About 100% of species are perennial,About 0% of species are woody,About 0% of species are agricultural,radial symmetry,selfing,likely vegetative reproduction,insect-pollinated,low extinction risk,warm climates,large genome,moderate variation,https://upload.wikimedia.org/wikipedia/commons/e/e3/Hairy-Footed_Flower_Bee_%28Anthophora_plumipes%29_on_Spring_Snowflake_%28Leucojum_vernum%29.JPG
Leucopogon,Ericaceae,Ericales,0,0,1,1,0,.,.,.,.,.,.,.,.,About 100% of species are perennial,About 100% of species are woody,About 0% of species are agricultural,radial symmetry,mixed mating system,herbaceous perennial reproduction,wind-pollinated,low extinction risk,cold climates,small genome,low variation,https://upload.wikimedia.org/wikipedia/commons/3/3d/Leucopogon_parviflorus_3.jpg
Leucothoe,Ericaceae,Ericales,0,0,1,1,0,.,.,.,.,.,.,.,.,About 100% of species are perennial,About 100% of species are woody,About 0% of species are agricultural,radial symmetry,selfing,agamospermy,wind-pollinated,low extinction risk,cold climates,small genome,low variation,No image found
Leuzea,Asteraceae,Asterales,0,0,0.5,0,0.00210989,.,.,.,.,.,.,.,.,About 50% of species are perennial,About 0% of species are woody,About 0% of species are agricultural,radial symmetry,mixed mating system,generalist reproductive syndrome,insect-pollinated,low extinction risk,temperate climates,small genome,moderate variation,https://upload.wikimedia.org/wikipedia/commons/8/81/Rhaponticum_scariosum_ENBLA03.JPG
Levenhookia,Stylidiaceae,Asterales,0,0,0,0,0,.,.,.,.,.,.,.,.,About 0% of species are perennial,About 0% of species are woody,About 0% of species are annual,radial symmetry,mixed mating system,self-pollinating,wind-pollinated,low extinction risk,cold climates,small genome,low variation,https://upload.wikimedia.org/wikipedia/commons/1/12/Levenhookia_pauciflora_flower1.jpg
Lewisia,Montiaceae,Caryophyllales,4.093567251,0.368421053,1,0,0,.,.,.,.,.,.,3.916666667,30.46047688,About 100% of species are perennial,About 0% of species are woody,About 0% of species are agroforestry species,radial symmetry,selfing,annual,insect-pollinated,low extinction risk,temperate climates,medium genome,high variation,https://upload.wikimedia.org/wikipedia/commons/6/63/Lewisia_cotyledon_Sunset_Strain_7zz.jpg
Leymus,Poaceae,Poales,4.285714286,0.3,1,0,0.074314214,.,1,0,0,.,.,12.29333333,27.80101131,About 100% of species are perennial,About 0% of species are woody,About 7% of species are agricultural,radial,selfing,seed-based reproduction,wind-pollinated,low extinction risk,temperate climates,large genome,high variation,https://upload.wikimedia.org/wikipedia/commons/0/08/Leymus_cinereus_%285048924411%29.jpg
Liatris,Asteraceae,Asterales,0,0,1,0,0.00210989,.,.,.,.,.,0.97,.,.,About 100% of species are perennial,About 0% of species are woody,About 0% of species are agricultural,radial symmetry,mixed mating system,sexual reproduction,wind-pollinated,low extinction risk,warm climates,medium genome,low variation,https://upload.wikimedia.org/wikipedia/commons/d/d4/Liatris_spicata_Purple.jpg
Libertia,Iridaceae,Asparagales,0,0,1,0,0,.,.,.,.,.,.,.,.,About 100% of species are perennial,About 0% of species are woody,About 0% of species are agricultural,radial symmetry,obligate outcrossing,self-compatible and requires insect pollination,insect-pollinated,low extinction risk,temperate climates,small genome,moderate variation,https://upload.wikimedia.org/wikipedia/commons/e/e2/Libertia_grandiflora.JPG
Ligularia,Asteraceae,Asterales,0,0,1,0,0.00210989,.,.,.,.,.,.,.,.,About 100% of species are perennial,About 0% of species are woody,About 0% of species are agricultural,radial symmetry,mixed mating system,typical sexual reproduction,insect-pollinated,low extinction risk,cold climates,small genome,low variation,https://upload.wikimedia.org/wikipedia/commons/a/a8/Ligularia_sibirica-Ligulaire_de_Sib%C3%A9rie.JPG
Ligusticum,Apiaceae,Apiales,0,0,1,0,0.003968254,.,1,0.833333333,1,4,.,.,.,About 100% of species are perennial,About 0% of species are woody,About 0% of species are agriculturally important,radial symmetry,self-compatible,typical sexual reproduction,wind-pollinated,high risk,temperate climates,medium genome,moderate variation,https://upload.wikimedia.org/wikipedia/commons/d/da/Ligusticum_mutellinoides.JPG
Ligustrum,Oleaceae,Lamiales,0,0,1,1,0.003252033,.,1,1,1,3,.,1.325,0,About 100% of species are perennial,About 100% of species are woody,About 0% of species are agricultural,radial symmetry,selfing,inbreeding,wind-pollinated,moderate risk,temperate climates,small genome,low variation,https://upload.wikimedia.org/wikipedia/commons/6/6a/Schurenbachhalde_11_ies.jpg
Lilaeopsis,Apiaceae,Apiales,0,0,1,0,0.003968254,.,.,.,.,.,.,.,.,About 1% of species are perennial,About 0% of species are woody,About 0% of species are agriculturally important,radial symmetry,selfing,self-pollinating,insect-pollinated,low extinction risk,cold climates,small genome,low variation,https://upload.wikimedia.org/wikipedia/commons/0/0a/Lilaeopsisoccidentalis.jpg
Lilium,Liliaceae,Liliales,1.505376344,0.225806452,1,0,0,.,1,0.75,1,.,.,37.98583333,13.38998651,About 100% of species are perennial,About 0% of species are woody,About 0% of species are agamic,radial symmetry,selfing,seed production,insect-pollinated,low extinction risk,warm climates,large genome,moderate variation,https://upload.wikimedia.org/wikipedia/commons/3/30/Lilium_candidum_1.jpg
Limnanthes,Limnanthaceae,Brassicales,0,0,0,0,0,.,.,.,.,.,0.7014,1.39,.,About 0% of species are perennial,About 0% of species are woody,About 0% of species are agricultural,radial,mixed mating system,seed-dispersed,wind-pollinated,low extinction risk,warm climates,small genome,moderate variation,https://upload.wikimedia.org/wikipedia/commons/3/35/Limnanthes_douglasii.jpg
Limonium,Plumbaginaceae,Caryophyllales,0.12642225,0.07079646,0.955752212,0.044247788,0.001196172,.,1,0.75,1,1.333333333,.,4.695555556,51.21710909,About 96% of species are perennial,About 4% of species are woody,About 0% of species are agriculturally significant,radial,selfing,obligate asexual reproduction,wind-pollinated,moderate risk,temperate climates,medium genome,high variation,https://upload.wikimedia.org/wikipedia/commons/7/74/Limonium_perezii_3.jpg
Limosella,Plantaginaceae,Lamiales,4.444444444,0.2,0.15,0,0.005925926,.,1,0.75,1,.,.,.,.,About 15% of species are perennial,About 0% of species are woody,About 1% of species are agricultural,radial,selfing,agamogenetic,wind-pollinated,low extinction risk,temperate climates,medium genome,high variation,https://upload.wikimedia.org/wikipedia/commons/4/4a/LimosellaAquatica.jpg
Linanthus,Polemoniaceae,Ericales,0,0,0.066666667,0,0,.,.,.,.,.,0.11,1.32,.,About 7% of species are perennial,About 0% of species are woody,About 0% of species are agricultural,radial symmetry,selfing,seed-dispersed by wind,wind-pollinated,low extinction risk,cold climates,small genome,low variation,https://upload.wikimedia.org/wikipedia/commons/7/7a/Linanthus_demissus_1.jpg
Linaria,Plantaginaceae,Lamiales,0.289395071,0.149038462,0.451374207,0,0.005925926,.,1,0.6875,1,.,.,0.87,.,About 45% of species are perennial,About 0% of species are woody,About 1% of species are agricultural,radial symmetry,mixed mating system,obligate outcrossing,wind-pollinated,low extinction risk,cold climates,small genome,low variation,https://upload.wikimedia.org/wikipedia/commons/a/ac/Linaria_maroccana_%28cultivars%29_1DS-II_2-0146.jpg
Lindernia,Linderniaceae,Lamiales,0,0,0.5,0,0,1,1,1,1,.,.,.,.,About 50% of species are perennial,About 0% of species are woody,About 0% of species are agroforestry species,radial,mixed mating system,typically reproduce sexually,wind-pollinated,low extinction risk,temperate climates,small genome,low variation,https://upload.wikimedia.org/wikipedia/commons/f/fa/Lindernia_monticola.jpg
Lindsaea,Lindsaeaceae,Monilophyta,5,0.1,1,0,0,.,.,.,.,.,.,.,.,About 1% of species are perennial,About 0% of species are woody,About 0% of species are agriculturally important,radial symmetry,obligate selfing,"wind-pollinated, requires wind for pollen dispersal",wind-pollinated,low extinction risk,cold climates,small genome,low variation,https://upload.wikimedia.org/wikipedia/commons/0/0e/Fern_Chatswood_ground.jpg
Linum,Linaceae,Malpighiales,0,0,0.510721553,0.144736842,0,0,1,0.85,1,4,.,0.915,61.56648452,About 51% of species are perennial,About 14% of species are woody,About 0% of species are agroeconomic,radial,selfing,mixed breeding,wind-pollinated,high risk,temperate climates,small genome,high variation,https://upload.wikimedia.org/wikipedia/commons/4/44/Linum_pubescens.jpg
Liparis,Orchidaceae,Asparagales,0,0,1,0,0,1,1,0.5,1,3.5,.,9.7,.,About 100% of species are perennial,About 0% of species are woody,About 0% of species are agriculturally significant,radial,selfing,obligate asexual reproduction,insect-pollinated,high risk,temperate climates,large genome,moderate variation,No image found
Lipocarpha,Cyperaceae,Poales,0,0,0,0,0.00045977,0,.,.,0,.,.,.,.,About 0% of species are perennial,About 0% of species are woody,About 0% of species are agricultural,radial,selfing,wind-pollinated,wind-pollinated,low extinction risk,cold climates,small genome,low variation,https://upload.wikimedia.org/wikipedia/commons/c/c6/Lipocarpha_micrantha_NRCS-1.jpg
Lipochaeta,Asteraceae,Asterales,1.578947368,0.15,0.95,0,0.00210989,.,.,.,.,.,.,.,.,About 95% of species are perennial,About 0% of species are woody,About 0% of species are agricultural,unknown,unknown,unknown,unknown,low extinction risk,unknown,unknown,unknown,https://upload.wikimedia.org/wikipedia/commons/0/0e/Lipochaeta_succulenta_%285491175146%29.jpg
Listera,Orchidaceae,Asparagales,1.098901099,0.071428571,1,0,0,.,.,.,.,.,.,.,.,About 100% of species are perennial,About 0% of species are woody,About 0% of species are agricultural,radial symmetry,selfing,self-pollination,wind-pollinated,low extinction risk,cold climates,small genome,low variation,https://upload.wikimedia.org/wikipedia/commons/5/5d/Listera_cordata_130506c.jpg
Lithodora,Boraginaceae,Boraginales,0,0,1,1,0.001824818,.,.,.,1,3,.,.,.,About 100% of species are perennial,About 100% of species are woody,About 0% of species are agricultural,radial,selfing,sexual reproduction,insect-pollinated,moderate risk,temperate climates,medium genome,moderate variation,https://upload.wikimedia.org/wikipedia/commons/c/c0/Lithodora_fruticosa_M1.jpg
Lithophragma,Saxifragaceae,Saxifragales,0,0,1,0,0,.,.,.,.,.,.,.,.,About 1% of species are perennial,About 0% of species are woody,About 0% of species are agricultural,Unknown floral symmetry,Unknown mating system,Unknown reproductive syndrome,Unknown pollination syndrome,Low extinction risk,Unknown average temperature,Unknown C-value,Unknown CV C-value,https://upload.wikimedia.org/wikipedia/commons/e/e9/Lithophragma_sp.jpg
Lithospermum,Boraginaceae,Boraginales,0,0,0.722222222,0,0.001824818,0,1,1,1,.,.,.,.,About 72% of species are perennial,About 0% of species are woody,About 0% of species are agricultural,radial,selfing,sexual reproduction,insect-pollinated,low extinction risk,temperate climates,medium genome,low variation,https://upload.wikimedia.org/wikipedia/commons/8/8a/Nawrot_czerwonoblekitny_Lithospermum_purpurocaeruceum.jpg
Lobelia,Campanulaceae,Asterales,0.12195122,0.024390244,0.794117647,0.317073171,0,1,1,1,1,2.083333333,0.73,5.473,38.99487322,About 79% of species are perennial,About 32% of species are woody,About 0% of species are agricultural,radial,selfing,obligate xenogamy,wind-pollinated,moderate risk,warm climates,medium genome,high variation,https://upload.wikimedia.org/wikipedia/commons/8/86/Lobelia_%28aka%29.jpg
Lobularia,Brassicaceae,Brassicales,0,0,0.5,0,0.00485306,.,1,1,1,.,.,0.55,5.142594772,About 50% of species are perennial,About 0% of species are woody,About 0% of species are agricultural,radial,mixed mating,autogamous,wind-pollinated,low extinction risk,cold climates,small genome,moderate variation,No image found
Loeflingia,Caryophyllaceae,Caryophyllales,0,0,0,0,0.001818182,.,.,.,.,.,.,.,.,About 0% of species are perennial,About 0% of species are woody,About 0% of species are agricultural,radial symmetry,selfing,self-pollination,wind-pollinated,low extinction risk,cold climates,small genome,low variation,https://upload.wikimedia.org/wikipedia/commons/6/6d/Cardionemaramosissimum2.jpg
Loeseliastrum,Polemoniaceae,Ericales,0,0,0,0,0,.,.,.,.,.,.,.,.,About 0% of species are perennial,About 0% of species are woody,About 0% of species are agricultural,radial,mixed mating system,obligate xenogamy,wind-pollinated,moderate risk,temperate climates,medium genome,moderate variation,https://upload.wikimedia.org/wikipedia/commons/3/3c/Loeseliastrum_matthewsii_%285%29.jpg
Logania,Loganiaceae,Gentianales,0,0,1,0.666666667,0,.,.,.,.,.,.,.,.,About 100% of species are perennial,About 67% of species are woody,About 0% of species are agricultural,radial symmetry,mixed mating system,vegetative reproduction,insect-pollinated,low extinction risk,temperate climates,medium genome,moderate variation,https://upload.wikimedia.org/wikipedia/commons/b/b9/Logania_spp_EP-IV2-015.png
Logfia,Asteraceae,Asterales,10,0.25,0,0,0.00210989,.,.,.,.,.,.,.,.,About 0% of species are perennial,About 0% of species are woody,About 0% of species are aggregate,radial symmetry,mixed mating system,non-aggressive reproductive syndrome,wind-pollinated,low extinction risk,cold climates,small genome,low variation,https://upload.wikimedia.org/wikipedia/commons/c/ca/Logfia_minima.jpg
Lolium,Poaceae,Poales,5.538461538,0.692307692,0.333333333,0,0.074314214,.,1,1,0,.,0.82,2.8,9.5995342,About 33% of species are perennial,About 0% of species are woody,About 7% of species are agricultural,radial symmetry,selfing,vegetative reproduction,wind-pollinated,low extinction risk,warm climates,medium genome,moderate variation,https://upload.wikimedia.org/wikipedia/commons/3/32/Starr_001026-9002_Lolium_perenne.jpg
Lomandra,Asparagaceae,Asparagales,0,0,1,0,0,.,.,.,.,.,.,.,.,About 100% of species are perennial,About 0% of species are woody,About 0% of species are agricultural,radial symmetry,selfing,obligate self-pollination,wind-pollinated,low extinction risk,cold climates,small genome,low variation,https://upload.wikimedia.org/wikipedia/commons/4/43/Edwards%27s_botanical_register_%28Plate_3%29_%287949423262%29.jpg
Lomatia,Proteaceae,Proteales,0,0,1,1,0.000625,.,.,.,.,.,.,.,.,About 100% of species are perennial,About 100% of species are woody,About 0% of species are agricultural,radial,mixed mating system,self-pollinating,wind-pollinated,low extinction risk,cold climates,small genome,low variation,https://upload.wikimedia.org/wikipedia/commons/7/74/Lomatia_silaifolia_email.jpg
Lomatium,Apiaceae,Apiales,0,0,1,0,0.003968254,.,.,.,.,.,.,.,.,About 100% of species are perennial,About 0% of species are woody,About 0% of species are agriculturally important,radial symmetry,mixed mating system,typically reproduces sexually,wind-pollinated,low extinction risk,cold climates,small genome,low variation,https://upload.wikimedia.org/wikipedia/commons/a/a7/Lomatium_utriculatum_6416.JPG
Lomatogonium,Gentianaceae,Gentianales,0,0,0,0,0,.,1,1,1,.,.,.,.,About 0% of species are perennial,About 0% of species are woody,About 0% of species are annual,radial,selfing,hermaphroditic,wind-pollinated,low extinction risk,cold climates,small genome,low variation,https://upload.wikimedia.org/wikipedia/commons/d/d2/Lomatogonium_rotatum.jpg
Lonicera,Caprifoliaceae,Dipsacales,0.175336061,0.050847458,1,1,0,.,1,0.857142857,1,3.5,.,1.955,63.95099137,About 100% of species are perennial,About 100% of species are woody,About 0% of species are agricultural,radial symmetry,selfing,reproductive syndrome of 0.857,wind-pollinated,high risk,temperate climates,small genome,high variation,https://upload.wikimedia.org/wikipedia/commons/2/2f/Lonicera_caprifolium001.jpg
Lophochloa,Poaceae,Poales,0,0,0,0,0.074314214,.,.,.,.,.,.,.,.,About 0% of species are perennial,About 0% of species are woody,About 7% of species are agricultural,radial symmetry,mixed mating system,reproduces through seeds,insect-pollinated,low extinction risk,temperate climates,small genome,moderate variation,https://upload.wikimedia.org/wikipedia/commons/1/1f/Rostraria_smyrnacea_1.JPG
Lotononis,Fabaceae,Fabales,0,0,1,1,0.096494845,1,.,.,.,0,.,.,.,About 100% of species are perennial,About 100% of species are woody,About 10% of species are agricultural,radial,Selfing,Sexual reproduction,Insect-pollinated,low extinction risk,temperate climates,small genome,low variation,https://upload.wikimedia.org/wikipedia/commons/d/d8/Lotononis_galpinii.jpg
Lotus,Fabaceae,Fabales,0.1143903,0.053191489,0.680851064,0.021276596,0.096494845,1,1,0.928571429,1,1,.,0.813055556,34.0913313,About 68% of species are perennial,About 2% of species are woody,About 10% of species are agricultural,radial,selfing,outcrossing,wind-pollinated,moderate risk,temperate climates,small genome,high variation,No image found
Ludwigia,Onagraceae,Myrtales,0.476190476,0.047619048,1,0.047619048,0.001538462,0,1,0.5,1,2,0.2,1.09,5.189774541,About 100% of species are perennial,About 5% of species are woody,About 0% of species are agricultural,radial,selfing,vegetative reproduction,wind-pollinated,moderate risk,cold climates,small genome,moderate variation,No image found
Lunaria,Brassicaceae,Brassicales,0,0,0.666666667,0,0.00485306,.,1,0.75,1,.,.,1.85,.,About 67% of species are perennial,About 0% of species are woody,About 0% of species are cultivated,radial,selfing,herbaceous perennial,insect-pollinated,low extinction risk,temperate climates,small genome,moderate variation,https://upload.wikimedia.org/wikipedia/commons/4/4c/Lunaria_annua_flowers.jpg
Lupinus,Fabaceae,Fabales,0.043459365,0.025423729,0.618644068,0.076923077,0.096494845,.,1,1,1,2.5,0.361923077,0.837971014,23.76764836,About 62% of species are perennial,About 8% of species are woody,About 10% of species are agricultural,radial symmetry,selfing,generalist breeder,insect-pollinated,moderate risk,temperate climates,small genome,high variation,https://upload.wikimedia.org/wikipedia/commons/e/e5/Lupinus_polyphyllus_526960203.jpg
Luzula,Juncaceae,Poales,0.085251492,0.028985507,0.872881356,0,0,.,1,0.5,0.078947368,.,.,1.232553191,42.33943167,About 87% of species are perennial,About 0% of species are woody,About 0% of species are agricultural,radial symmetry,selfing,dioecy,wind-pollinated,low extinction risk,cold climates,small genome,high variation,https://upload.wikimedia.org/wikipedia/commons/5/57/Luzula_sylvatica0.jpg
Lychnis,Caryophyllaceae,Caryophyllales,0,0,1,0,0.001818182,.,.,.,.,.,.,.,.,About 100% of species are perennial,About 0% of species are woody,About 0% of species are agamospermic,radial symmetry,mixed mating system,obligate asexual reproduction,wind-pollinated,low extinction risk,cold climates,small genome,low variation,https://upload.wikimedia.org/wikipedia/commons/2/27/Silene_dioica_Crozon_060416w.jpg
Lycium,Solanaceae,Solanales,0,0,1,1,0.089837398,.,1,0.5,1,0,.,2.427142857,18.99752354,About 100% of species are perennial,About 100% of species are woody,About 9% of species are agamospermous,radial,selfing,obligate apomixis,wind-pollinated,low extinction risk,temperate climates,medium genome,high variation,https://upload.wikimedia.org/wikipedia/commons/4/49/African_boxthorn.jpg
Lycopersicon,Solanaceae,Solanales,0,0,0.625,0,0.089837398,.,1,1,1,.,0.135,1.147222222,9.259217862,About 63% of species are perennial,About 0% of species are woody,About 9% of species are agricultural,radial symmetry,selfing,vegetative reproduction,wind-pollinated,low extinction risk,cold climates,small genome,moderate variation,https://upload.wikimedia.org/wikipedia/commons/a/a7/Colorful_Red_and_Yellow_Tomatoes_2816px.jpg
Lycopodiella,Lycopodiaceae,Lycophyta,10,0.2,1,0,0,.,1,0.5,.,.,.,.,.,About 100% of species are perennial,About 0% of species are woody,About 0% of species are agriculturally important,radial symmetry,selfing,asexual reproduction,insect-pollinated,low extinction risk,cold climates,small genome,low variation,https://upload.wikimedia.org/wikipedia/commons/5/59/Lycopodiella_inundata_005.jpg
Lycopodium,Lycopodiaceae,Lycophyta,0,0,1,0,0,.,1,0.5,.,.,.,3.942,25.29695832,About 100% of species are perennial,About 0% of species are woody,About 0% of species are agroforestry,radial,selfing,asexual reproduction,insect-pollinated,low extinction risk,temperate climates,medium genome,high variation,https://upload.wikimedia.org/wikipedia/commons/1/1d/Lycopodium_clavatum_151207.jpg
Lycopus,Lamiaceae,Lamiales,0,0,1,0,0.004320557,.,1,0.5,1,.,.,.,.,About 100% of species are perennial,About 0% of species are woody,About 0% of species are agricultural,radial symmetry,selfing,moderate reproductive syndrome,insect-pollinated,low extinction risk,temperate climates,small genome,moderate variation,https://upload.wikimedia.org/wikipedia/commons/f/ff/Illustration_Lycopus_europaeus0.jpg
Lycurus,Poaceae,Poales,0,0,1,0,0.074314214,.,.,.,.,.,.,.,.,About 1% of species are perennial,About 0% of species are woody,About 7% of species are agricultural,radial symmetry,mixed mating system,Sexual reproduction,insect-pollinated,low extinction risk,temperate climates,small genome,moderate variation,https://upload.wikimedia.org/wikipedia/commons/e/ed/Muhlenbergia_rigens_form.jpg
Lygodesmia,Asteraceae,Asterales,0,0,0.857142857,0,0.00210989,.,.,.,.,.,.,.,.,About 86% of species are perennial,About 0% of species are woody,About 0% of species are agricultural,radial symmetry,self-compatible,generalist reproduction,insect-pollinated,low extinction risk,temperate climates,medium genome,moderate variation,https://upload.wikimedia.org/wikipedia/commons/7/72/Lygodesmia_grandiflora_var_dianthopsis_2.jpg
Lygos,Fabaceae,Fabales,0,0,1,1,0.096494845,.,.,.,.,.,.,.,.,About 1% of species are perennial,About 1% of species are woody,About 10% of species are agricultural,radial,selfing,generalist,insect-pollinated,low extinction risk,temperate climates,small genome,moderate variation,https://upload.wikimedia.org/wikipedia/commons/4/4e/Young_Folks%27_History_of_Rome_illus430.png
Lyonia,Ericaceae,Ericales,0,0,1,1,0,.,.,.,.,1.75,.,.,.,About 100% of species are perennial,About 100% of species are woody,About 0% of species are agricultural,radial symmetry,self-pollinating,primarily vegetative reproduction,wind-pollinated,moderate risk,temperate climates,medium genome,moderate variation,No image found
Lyperanthus,Orchidaceae,Asparagales,0,0,1,0,0,.,.,.,.,.,.,.,.,About 1% of species are perennial,About 0% of species are woody,About 0% of species are agricultural,radial symmetry,mixed mating system,seed reproduction,insect-pollinated,low extinction risk,cold climates,small genome,low variation,https://upload.wikimedia.org/wikipedia/commons/4/45/Lyperanthus_serratus_%2802%29.JPG
Lysichiton,Araceae,Alismatales,0,0,1,0,0.000248447,.,.,.,1,.,.,.,.,About 100% of species are perennial,About 0% of species are woody,About 0% of species are agricultural,radial symmetry,selfing,selfing,wind-pollinated,low extinction risk,cold climates,small genome,low variation,https://upload.wikimedia.org/wikipedia/commons/0/03/Lysichiton_camtschatcensis1.jpg
Lysimachia,Primulaceae,Ericales,0.150829563,0.038461538,0.976744186,0.211538462,0,.,1,0.428571429,0.944444444,5,.,2.385,10.37682907,About 98% of species are perennial,About 21% of species are woody,About 0% of species are agricultural,radial,selfing,seed,insect-pollinated,high risk,temperate climates,medium genome,moderate variation,https://upload.wikimedia.org/wikipedia/commons/1/18/Yellow_pimpernel.jpg
Lysiosepalum,Malvaceae,Malvales,0,0,1,1,0.006153846,.,.,.,.,.,.,.,.,About 100% of species are perennial,About 100% of species are woody,About 1% of species are cultivated,radial symmetry,mixed mating system,generalist reproductive syndrome,wind-pollinated,low extinction risk,cold climates,small genome,low variation,https://upload.wikimedia.org/wikipedia/commons/6/64/Lysiosepalum_involucratum_1.jpg
Lythrum,Lythraceae,Myrtales,0.158730159,0.027777778,0.5,0,0,0,1,0.833333333,1,.,.,.,.,About 50% of species are perennial,About 0% of species are woody,About 0% of species are agroforestry,radial,selfing,obligate outcrossing,insect-pollinated,moderate risk,temperate climates,medium genome,low variation,https://upload.wikimedia.org/wikipedia/commons/1/1b/LythrumSalicaria-flowers-1mb.jpg
Machaeranthera,Asteraceae,Asterales,0.246305419,0.034482759,0.529411765,0.086206897,0.00210989,.,.,.,.,.,.,1.763333333,29.78440691,About 53% of species are perennial,About 9% of species are woody,About 0% of species are agriculturally important,unknown,unknown,unknown,unknown,low extinction risk,temperate climates,small genome,high variation,https://upload.wikimedia.org/wikipedia/commons/5/58/Machaeranthera_tanacetifolia_001.jpg
Machaerina,Cyperaceae,Poales,0,0,1,0,0.00045977,.,.,.,.,.,.,.,.,About 100% of species are perennial,About 0% of species are woody,About 0% of species are agricultural,radial symmetry,mixed mating system,sexual reproduction,insect-pollinated,low extinction risk,temperate climates,small genome,low variation,https://upload.wikimedia.org/wikipedia/commons/7/76/Starr_020925-0062_Machaerina_angustifolia.jpg
Macroptilium,Fabaceae,Fabales,0,0,0.5,0,0.096494845,.,.,.,1,.,.,1.033333333,32.9364159,About 50% of species are perennial,About 0% of species are woody,About 10% of species are agricultural,radial,selfing,seed-propagated,insect-pollinated,low extinction risk,cold climates,small genome,high variation,https://upload.wikimedia.org/wikipedia/commons/d/d8/Starr_040324-0024_Macroptilium_lathyroides.jpg
Madia,Asteraceae,Asterales,0.793650794,0.107142857,0.068965517,0,0.00210989,.,.,.,.,.,.,.,.,About 7% of species are perennial,About 0% of species are woody,About 0% of species are of agricultural importance,radial symmetry,mixed mating system,amborella-like syndrome,wind-pollinated,low extinction risk,temperate climates,medium genome,high variation,https://upload.wikimedia.org/wikipedia/commons/2/23/Madia_elegans_flower.jpg
Magnolia,Magnoliaceae,Magnoliales,0,0,1,1,0,.,.,.,1,2.802325581,0.5185,4.268333333,53.32801928,About 100% of species are perennial,About 100% of species are woody,About 0% of species are agamic,radial,mixed mating system,sexual reproduction,insect-pollinated,moderate risk,temperate climates,medium genome,high variation,https://upload.wikimedia.org/wikipedia/commons/a/a4/Magnolia_sieboldii_flower_1.jpg
Mahonia,Berberidaceae,Ranunculales,0,0,1,1,0,.,.,.,.,2,.,.,.,About 100% of species are perennial,About 100% of species are woody,About 0% of species are agricultural,Unknown floral symmetry,Unknown mating system,Unknown reproductive syndrome,Unknown pollination syndrome,moderate risk,Unknown average temperature,Unknown C value,Unknown CV C value,https://upload.wikimedia.org/wikipedia/commons/b/b8/Holly1web.jpg
Maianthemum,Asparagaceae,Asparagales,0,0,1,0,0,.,1,0.5,1,.,.,16.94909091,24.90633622,About 100% of species are perennial,About 0% of species are woody,About 0% of species are agro-economically significant,radial,selfing,outcrossing,insect-pollinated,low extinction risk,temperate climates,large genome,high variation,https://upload.wikimedia.org/wikipedia/commons/b/ba/Solomon%27s_plume_Maianthemum_racemosum.jpg
Maireana,Amaranthaceae,Caryophyllales,0.216450216,0.022727273,1,0.727272727,0.041463415,.,.,.,0,.,.,1.43,.,About 100% of species are perennial,About 73% of species are woody,About 4% of species are agricultural,radial symmetry,self-incompatible,seed reproduction,wind-pollinated,low extinction risk,cold climates,small genome,low variation,https://upload.wikimedia.org/wikipedia/commons/1/13/Maireana_sedifolia_1.jpg
Malabaila,Apiaceae,Apiales,0,0,0,0,0.003968254,.,.,.,.,.,.,.,.,About 0% of species are perennial,About 0% of species are woody,About 0% of species are agricultural,radial symmetry,mixed mating system,obligate xenogamy,wind-pollinated,low extinction risk,cold climates,small genome,low variation,https://upload.wikimedia.org/wikipedia/commons/8/8c/Parsnips-1.jpg
Malacothamnus,Malvaceae,Malvales,0,0,1,1,0.006153846,.,.,.,.,.,.,.,.,About 100% of species are perennial,About 100% of species are woody,About 1% of species are agricultural,radial symmetry,mixed mating system,typical reproductive syndrome,insect-pollinated,low extinction risk,cold climates,small genome,low variation,https://upload.wikimedia.org/wikipedia/commons/a/af/Malacothamnus_fasciculatus_2.jpg
Malacothrix,Asteraceae,Asterales,0,0,0.105263158,0,0.00210989,.,.,.,.,.,.,.,.,About 11% of species are perennial,About 0% of species are woody,About 0% of species are agricultural,radial symmetry,self-incompatible,obligate xenogamy,insect-pollinated,low extinction risk,temperate climates,medium genome,moderate variation,No image found
Malaxis,Orchidaceae,Asparagales,0,0,1,0,0,.,1,0.5,1,.,.,.,.,About 100% of species are perennial,About 0% of species are woody,About 0% of species are agricultural,radial symmetry,selfing,intermediate reproductive syndrome,insect-pollinated,low extinction risk,temperate climates,small genome,moderate variation,https://upload.wikimedia.org/wikipedia/commons/9/94/Malaxis_monophyllos_140706.jpg
Malcolmia,Brassicaceae,Brassicales,0,0,0.1,0,0.00485306,.,.,.,.,.,.,0.33,29.9984695,About 10% of species are perennial,About 0% of species are woody,About 0% of species are agricultural,radial symmetry,self-compatible,dioecious,wind-pollinated,low extinction risk,cold climates,small genome,high variation,https://upload.wikimedia.org/wikipedia/commons/f/f1/Malcolmia_littorea.jpg
Malope,Malvaceae,Malvales,0,0,0.25,0,0.006153846,.,.,.,.,.,.,.,.,About 25% of species are perennial,About 0% of species are woody,About 1% of species are agricultural,radial symmetry,self-incompatible,animal-pollinated,insect-pollinated,low extinction risk,cold climates,small genome,low variation,https://upload.wikimedia.org/wikipedia/commons/a/a9/MalopeTrifida3.jpg
Malus,Rosaceae,Rosales,1.098901099,0.071428571,1,1,0.001060071,.,1,1,1,2.333333333,.,0.943162393,30.67836462,About 100% of species are perennial,About 100% of species are woody,About 0% of species are agamic,radial symmetry,selfing,vegetative reproduction,wind-pollinated,moderate risk,temperate climates,small genome,high variation,https://upload.wikimedia.org/wikipedia/commons/2/2f/Purple_prince_crabapple_tree.JPG
Malva,Malvaceae,Malvales,0.317124736,0.068181818,0.25,0,0.006153846,.,1,1,1,.,0.64,1.188,34.81363168,About 25% of species are perennial,About 0% of species are woody,About 1% of species are agricultural,radial,mixed mating system,outcrossing,insect-pollinated,low extinction risk,temperate climates,small genome,high variation,https://upload.wikimedia.org/wikipedia/commons/5/56/Malva-sylvestris-20070430-1.jpg
Malvastrum,Malvaceae,Malvales,0,0,0.75,0,0.006153846,.,.,.,1,.,.,.,.,About 75% of species are perennial,About 0% of species are woody,About 1% of species are agricultural,radial symmetry,mixed mating system,self-pollination,insect-pollinated,low extinction risk,temperate climates,small genome,low variation,https://upload.wikimedia.org/wikipedia/commons/2/29/Huinare_%28Malvastrum_coromandelianum%29.jpg
Malvella,Malvaceae,Malvales,0,0,1,0,0.006153846,.,.,.,.,.,.,.,.,About 100% of species are perennial,About 0% of species are woody,About 1% of species are agricultural,radial or bilateral symmetry,mixed mating system,reproduction via seeds,pollination by insects,low extinction risk,temperate climates,small genome,low variation,https://upload.wikimedia.org/wikipedia/commons/4/46/Malvellaleprosa.jpg
Mammillaria,Cactaceae,Caryophyllales,0,0,1,1,0,.,.,.,.,3.25,.,3.294117647,60.76258263,About 100% of species are perennial,About 100% of species are woody,About 0% of species are agricultural,radial symmetry,self-incompatible,obligate outcrossing,insect-pollinated,high risk,temperate climates,medium genome,high variation,https://upload.wikimedia.org/wikipedia/commons/9/96/Mammillaria_tayloriorum.jpg
Mandragora,Solanaceae,Solanales,0,0,1,0,0.089837398,.,.,.,.,.,.,.,.,About 1% of species are perennial,About 0% of species are woody,About 9% of species are agricultural,radial symmetry,mixed mating system,dioecious,insect-pollinated,low extinction risk,temperate climates,small genome,low variation,No image found
Marah,Cucurbitaceae,Cucurbitales,20,0.4,1,0,0.024852071,.,.,.,.,.,.,.,.,About 100% of species are perennial,About 0% of species are woody,About 2% of species are agricultural,radial symmetry,mixed mating system,vegetative reproduction,wind-pollinated,low extinction risk,temperate climates,small genome,low variation,No image found
Marina,Fabaceae,Fabales,0,0,1,0,0.096494845,.,.,.,.,.,.,.,.,About 1% of species are perennial,About 0% of species are woody,About 10% of species are agricultural,radial,mixed mating,self-pollinating,insect-pollinated,low extinction risk,temperate climates,small genome,moderate variation,https://upload.wikimedia.org/wikipedia/commons/c/c1/Guarda-corpo_da_Avenida_Portugal_-_Rio_de_Janeiro_-_20220923024517.jpg
Mariscus,Cyperaceae,Poales,0,0,1,0,0.00045977,1,.,.,.,.,.,.,.,About 100% of species are perennial,About 0% of species are woody,About 0% of species are agroforestry,radial symmetry,selfing,autogamous,wind-pollinated,low extinction risk,cold climates,small genome,low variation,No image found
Marrubium,Lamiaceae,Lamiales,4.545454545,0.25,1,0,0.004320557,.,1,0.75,1,.,.,.,.,About 100% of species are perennial,About 0% of species are woody,About 0% of species are agricultural,radial symmetry,selfing,Moderate reproductive syndrome,insect-pollinated,low extinction risk,cold climates,small genome,moderate variation,https://upload.wikimedia.org/wikipedia/commons/6/6b/Marrubium_rotundifolia.jpg
Marsdenia,Apocynaceae,Gentianales,0,0,1,0,0.000658617,.,.,.,1,2,.,.,.,About 100% of species are perennial,About 0% of species are woody,About 0% of species are agricultural,radial,selfing,self-pollination,insect-pollinated,moderate risk,temperate climates,medium genome,moderate variation,https://upload.wikimedia.org/wikipedia/commons/a/a9/Starr_080530-4659_Marsdenia_floribunda.jpg
Marsilea,Marsileaceae,Monilophyta,0,0,1,0,0,.,1,0.5,.,.,.,4.08,.,About 100% of species are perennial,About 0% of species are woody,About 0% of species are cultivated,radial symmetry,selfing,asexual reproduction,insect-pollinated,low extinction risk,temperate climates,medium genome,moderate variation,https://upload.wikimedia.org/wikipedia/commons/d/d7/Starr_061108-9797_Marsilea_villosa.jpg
Matelea,Apocynaceae,Gentianales,0,0,1,1,0.000658617,.,.,.,1,2.75,.,.,.,About 100% of species are perennial,About 100% of species are woody,About 0% of species are agricultural,radial,mixed mating,obligate xenogamy,insect-pollinated,moderate risk,temperate climates,medium genome,moderate variation,https://upload.wikimedia.org/wikipedia/commons/e/e6/Matelea_denticulata_-_K%C3%B6hler%E2%80%93s_Medizinal-Pflanzen-067.jpg
Matricaria,Asteraceae,Asterales,0,0,0.25,0,0.00210989,.,1,1,1,.,.,2.7525,27.3348096,About 25% of species are perennial,About 0% of species are woody,About 0% of species are agricultural,radial,selfing,self-pollination,wind-pollinated,low extinction risk,temperate climates,medium genome,high variation,https://upload.wikimedia.org/wikipedia/commons/4/4c/Matricaria_chamomilla.jpg
Matthiola,Brassicaceae,Brassicales,0,0,0.433333333,0,0.00485306,.,1,1,1,.,.,2.147142857,15.71517422,About 43% of species are perennial,About 0% of species are woody,About 0% of species are agricultural,radial symmetry,mixed mating system,asexual reproduction,insect-pollinated,low extinction risk,temperate climates,medium genome,high variation,https://upload.wikimedia.org/wikipedia/commons/7/74/Edwards%27s_botanical_register_%28Plate_25%29_%287949439164%29.jpg
Maurandya,Plantaginaceae,Lamiales,0,0,1,0,0.005925926,.,.,.,.,.,.,.,.,About 100% of species are perennial,About 0% of species are woody,About 1% of species are agriculturally significant,radial symmetry,selfing,autogamous,wind-pollinated,low extinction risk,cold climates,small genome,low variation,https://upload.wikimedia.org/wikipedia/commons/8/8a/Maurandya_barclayana.jpg
Meconella,Papaveraceae,Ranunculales,0,0,0,0,0,.,.,.,.,.,.,.,.,About 0% of species are perennial,About 0% of species are woody,About 0% of species are agricultural,radial,selfing,generalist pollinator,wind-pollinated,low extinction risk,cold climates,small genome,low variation,https://upload.wikimedia.org/wikipedia/commons/e/e3/Meconelladenticulata.jpg
Medicago,Fabaceae,Fabales,0,0,0.3,0.012195122,0.096494845,.,1,0.857142857,1,4,0.0595,1.118,42.16043435,About 30% of species are perennial,About 1.2% of species are woody,About 9.6% of species are cultivated,radial,selfing,autotrophic,wind-pollinated,high risk,cold climates,small genome,high variation,https://upload.wikimedia.org/wikipedia/commons/1/13/Medicago_littoralis2.jpg
Megalodonta,Asteraceae,Asterales,0,0,.,0,0.00210989,.,.,.,.,.,.,.,.,About 75% of species are perennial,About 0% of species are woody,About 0% of species are agricultural,radial,mixed mating system,reproduces sexually,insect-pollinated,low extinction risk,temperate climates,small genome,low variation,https://upload.wikimedia.org/wikipedia/en/3/35/Bidenstripartita.jpg
Melaleuca,Myrtaceae,Myrtales,2.564102564,0.153846154,1,1,0.003243243,.,.,.,.,.,0.935,0.883333333,8.496853018,About 100% of species are perennial,About 100% of species are woody,About 0% of species are agricultural,radial symmetry,mixed mating system,sexual reproduction,insect-pollinated,low extinction risk,warm climates,small genome,moderate variation,https://upload.wikimedia.org/wikipedia/commons/6/6d/Melaleuca_armillaris.jpg
Melampyrum,Orobanchaceae,Lamiales,0,0,0,0,0,.,1,1,1,.,.,8.24,.,About 0% of species are perennial,About 0% of species are woody,About 0% of species are agricultural,radial,selfing,self-pollination,wind-pollinated,low extinction risk,temperate climates,large genome,moderate variation,https://upload.wikimedia.org/wikipedia/commons/4/40/Melampyrum_nemorosum_photo.jpg
Melastoma,Melastomataceae,Myrtales,0,0,1,1,0,.,.,.,.,.,.,.,.,About 1% of species are perennial,About 1% of species are woody,About 0% of species are agricultural,radial symmetry,self-incompatible,vegetative reproduction,wind-pollinated,low extinction risk,cold climates,small genome,low variation,https://upload.wikimedia.org/wikipedia/commons/7/75/Starr_031118-0086_Melastoma_septemnervium.jpg
Melianthus,Melianthaceae,Geraniales,0,0,1,1,0,.,.,.,.,.,.,0.64,.,About 100% of species are perennial,About 100% of species are woody,About 0% of species are agricultural,radial,selfing,herbaceous perennial,wind-pollinated,low extinction risk,cold climates,small genome,low variation,https://upload.wikimedia.org/wikipedia/commons/a/a0/Melianthus_major_1.jpg
Melica,Poaceae,Poales,0,0,1,0,0.074314214,.,1,0.5,0,.,.,2.53,.,About 100% of species are perennial,About 0% of species are woody,About 7% of species are agroforestry relevant,radial symmetry,selfing,"self-compatible, reproduces vegetatively",wind-pollinated,low extinction risk,temperate climates,medium genome,moderate variation,https://upload.wikimedia.org/wikipedia/commons/0/00/Melica_ciliata_010707.jpg
Melilotus,Fabaceae,Fabales,0,0,0.042857143,0,0.096494845,.,1,1,1,.,.,1.23,0,About 4% of species are perennial,About 0% of species are woody,About 10% of species are agroforestry,radial symmetry,selfing,self-pollination,wind-pollinated,low extinction risk,cold climates,small genome,low variation,https://upload.wikimedia.org/wikipedia/commons/c/c4/Bombus_lapidarius_-_Melilotus_officinalis_-_Tallinn.jpg
Menkea,Brassicaceae,Brassicales,0,0,0,0,0.00485306,.,.,.,.,.,.,.,.,About 0% of species are perennial,About 0% of species are woody,About 0% of species are agricultural,radial symmetry,mixed mating system,typical breeding system,wind-pollinated,low extinction risk,temperate climates,small genome,moderate variation,https://upload.wikimedia.org/wikipedia/commons/b/ba/Menkea_sphaerocarpa_flowers.jpg
Menodora,Oleaceae,Lamiales,0,0,1,0.7,0.003252033,.,.,.,.,.,.,.,.,About 100% of species are perennial,About 70% of species are woody,About 0% of species are agricultural,radial symmetry,mixed mating system,sexual reproduction,insect-pollinated,low extinction risk,temperate climates,medium genome,moderate variation,https://upload.wikimedia.org/wikipedia/commons/f/fe/Menodora_spinescens_flower.jpg
Mentha,Lamiaceae,Lamiales,4.444444444,0.777777778,0.956521739,0,0.004320557,.,1,0.28125,1,.,.,0.74,89.03549411,About 96% of species are perennial,About 0% of species are woody,About 0% of species are agricultural,radial,selfing,likely self-pollinating,wind-pollinated,low extinction risk,warm climates,small genome,high variation,https://upload.wikimedia.org/wikipedia/commons/4/4d/Mentha_spicata-IMG_6186.jpg
Mentzelia,Loasaceae,Cornales,0.153609831,0.047619048,0.351015459,0.106060606,0,.,.,.,.,.,.,.,.,About 35% of species are perennial,About 11% of species are woody,About 0% of species are agricultural,radial symmetry,mixed mating system,sexual reproduction,insect-pollinated,low extinction risk,temperate climates,medium genome,moderate variation,https://upload.wikimedia.org/wikipedia/commons/a/ac/MentzeliaLindleyi.jpg
Mercurialis,Euphorbiaceae,Malpighiales,2.777777778,0.111111111,0.777777778,0,0.01239531,.,1,0.666666667,0.5,.,0.58,1.687142857,46.98623198,About 78% of species are perennial,About 0% of species are woody,About 1% of species are agriculturally important,radial symmetry,selfing,asexual reproduction is common,insect-pollinated,low extinction risk,temperate climates,small genome,high variation,No image found
Merendera,Colchicaceae,Liliales,0,0,1,0,0,.,.,.,.,.,.,.,.,About 100% of species are perennial,About 0% of species are woody,About 0% of species are agricultural,unknown,unknown,unknown,unknown,low extinction risk,unknown,small genome,low variation,https://upload.wikimedia.org/wikipedia/commons/1/1f/Colchicum_speciosum000.jpg
Merremia,Convolvulaceae,Solanales,0,0,.,0.5,0.044375,0,.,.,1,.,.,.,.,About 90% of species are perennial,About 50% of species are woody,About 4% of species are cultivated,radial,mixed mating system,generalist reproduction,insect-pollinated,low extinction risk,temperate climates,medium genome,moderate variation,https://upload.wikimedia.org/wikipedia/commons/0/01/Merremia_aegyptia_%28M_pantaphylla%29_in_Hyderabad%2C_AP_W_IMG_2527.jpg
Mertensia,Boraginaceae,Boraginales,4.210526316,0.4,1,0,0.001824818,.,.,1,0.5,.,.,.,.,About 100% of species are perennial,About 0% of species are woody,About 0% of species are agricultural,radial symmetry,mixed mating system,obligate apomixis,insect-pollinated,low extinction risk,cold climates,small genome,moderate variation,https://upload.wikimedia.org/wikipedia/commons/d/d3/Flickr_-_Nicholas_T_-_Shenks_Ferry_Wildflower_Preserve_%283%29.jpg
Mesembryanthemum,Aizoaceae,Caryophyllales,0,0,0,0,0.000990099,.,.,.,1,.,.,0.43,.,About 0% of species are perennial,About 0% of species are woody,About 0% of species are agricultural,radial,selfing,obligate self-pollination,wind-pollinated,low extinction risk,cold climates,small genome,low variation,https://upload.wikimedia.org/wikipedia/commons/e/e2/Mesambryanthemum_nodiflorum.jpg
Metrosideros,Myrtaceae,Myrtales,0,0,1,1,0.003243243,.,.,.,.,2,0.71,.,.,About 100% of species are perennial,About 100% of species are woody,About 0% of species are agricultural,radial symmetry,selfing,obligate self-pollination,wind-pollinated,moderate risk,warm climates,medium genome,low variation,https://upload.wikimedia.org/wikipedia/commons/c/c5/MetrosiderosAK.jpg
Microcybe,Rutaceae,Sapindales,0,0,1,1,0.001652893,.,.,.,.,.,.,.,.,About 100% of species are perennial,About 100% of species are woody,About 0% of species are agriculturally important,Unknown floral symmetry,Unknown mating system,Unknown reproductive syndrome,Unknown pollination syndrome,Low extinction risk,Unknown climate type,Unknown genome size,Unknown genome variation,https://upload.wikimedia.org/wikipedia/commons/8/8c/Microcybe_multiflora_subsp._baccharoides_KS3.jpg
Microlepia,Dennstaedtiaceae,Monilophyta,100,0.5,1,0,0,.,.,.,.,.,.,7.94,.,About 100% of species are perennial,About 0% of species are woody,About 0% of species are agricultural,radial,mixed,self-pollinated,insect-pollinated,low extinction risk,temperate climates,medium genome,moderate variation,https://upload.wikimedia.org/wikipedia/commons/e/e1/Starr_041221-1891_Microlepia_strigosa.jpg
Micromeria,Lamiaceae,Lamiales,0.476190476,0.047619048,1,0.571428571,0.004320557,1,.,.,.,0,.,0.431666667,26.7130131,About 100% of species are perennial,About 57% of species are woody,About 0% of species are agriculturally important,radial,Mixed mating system,Unspecified reproductive syndrome,Insect-pollinated,low extinction risk,Cold climates,small genome,high variation,https://upload.wikimedia.org/wikipedia/commons/9/94/Micromeria_nervosa_1.jpg
Micropyrum,Poaceae,Poales,0,0,0,0,0.074314214,.,1,1,0,.,.,.,.,About 0% of species are perennial,About 0% of species are woody,About 7% of species are agricultural,radial symmetry,selfing,seed reproduction,wind-pollinated,low extinction risk,cold climates,small genome,low variation,Error fetching image
Microseris,Asteraceae,Asterales,2.857142857,0.2,0.625,0,0.00210989,.,.,.,.,.,.,2.686923077,53.08436044,About 63% of species are perennial,About 0% of species are woody,About 0% of species are used in agriculture,radial symmetry,mixed mating system,likely insect-pollinated with nectar rewards,insect-pollinated,low extinction risk,temperate climates,medium genome,high variation,https://upload.wikimedia.org/wikipedia/commons/b/b4/Microserissylvatica.jpg
Microsorum,Polypodiaceae,Monilophyta,0,0,.,.,0,.,.,.,.,.,.,.,.,About 65% of species are perennial,About 20% of species are woody,About 0% of species are agricultural,radial,mixed mating system,typical seed reproduction,insect-pollinated,low extinction risk,temperate climates,medium genome,high variation,https://upload.wikimedia.org/wikipedia/commons/9/9f/Microsorum_punctatum.jpg
Microtis,Orchidaceae,Asparagales,13.33333333,0.333333333,1,0,0,.,.,.,.,.,.,.,.,About 100% of species are perennial,About 0% of species are woody,About 0% of species are agroforestry,unknown,unknown,unknown,unknown,low extinction risk,unknown,unknown,unknown,No image found
Milium,Poaceae,Poales,0,0,0.5,0,0.074314214,.,1,0.5,0,.,.,4.646,3.35989946,About 50% of species are perennial,About 0% of species are woody,About 7% of species are agamic,radial symmetry,selfing,asexual reproduction,wind-pollinated,low extinction risk,temperate climates,medium genome,low variation,https://upload.wikimedia.org/wikipedia/commons/b/b7/Milia_big.png
Millotia,Asteraceae,Asterales,0,0,0,0,0.00210989,.,.,.,.,.,.,.,.,About 0% of species are perennial,About 0% of species are woody,About 0% of species are agricultural,radial,mixed,insect-pollinated,insect-pollinated,low extinction risk,temperate climates,small genome,low variation,No image found
Mimosa,Fabaceae,Fabales,0,0,1,1,0.096494845,0,.,.,1,2.214285714,.,0.64,8.838834765,About 100% of species are perennial,About 100% of species are woody,About 10% of species are of agricultural value,radial,likely selfing with some outcrossing,dioecious,insect-pollinated,moderate risk,temperate climates,small genome,moderate variation,https://upload.wikimedia.org/wikipedia/commons/5/51/Mimosa_flowers_01.jpg
Mimulus,Phrymaceae,Lamiales,0.12343502,0.065420561,0.35046729,0.009345794,0,.,1,0.5,1,.,0.268714286,0.37,.,About 35% of species are perennial,About 1% of species are woody,About 0% of species are agricultural,radial symmetry,selfing,sexual reproduction,insect-pollinated,low extinction risk,cold climates,small genome,low variation,https://upload.wikimedia.org/wikipedia/commons/2/2e/Monkey_flower_brdgwtr_20080803_3047.JPG
Minuartia,Caryophyllaceae,Caryophyllales,0,0,0.729885057,0,0.001818182,.,1,1,0.958333333,4,.,1.026,4.140866625,About 73% of species are perennial,About 0% of species are woody,About 0% of species are agricultural,radial symmetry,selfing,obligate asexual,wind-pollinated,high risk,temperate climates,small genome,low variation,https://upload.wikimedia.org/wikipedia/commons/8/8b/Minuartia_gerardii.jpg
Minuria,Asteraceae,Asterales,0,0,1,0,0.00210989,.,.,.,.,.,.,.,.,About 100% of species are perennial,About 0% of species are woody,About 0% of species are agricultural,radial symmetry,mixed mating system,typical reproductive syndrome,insect-pollinated,low extinction risk,cold climates,small genome,low variation,https://upload.wikimedia.org/wikipedia/commons/f/f7/Minuria_leptophylla_plant3_NC_-_Flickr_-_Macleay_Grass_Man.jpg
Mirabilis,Nyctaginaceae,Caryophyllales,0,0,1,0.026315789,0.005063291,0,.,.,1,.,.,1.19,.,About 100% of species are perennial,About 3% of species are woody,About 1% of species are agamic,radial,Unknown mating system,Unknown reproductive syndrome,wind-pollinated,low extinction risk,cold climates,small genome,low variation,No image found
Mirbelia,Fabaceae,Fabales,0,0,1,1,0.096494845,.,.,.,.,.,.,.,.,About 1% of species are perennial,About 1% of species are woody,About 9.6% of species are annual,radial symmetry,mixed mating system,generalist reproduction,wind-pollinated,low extinction risk,cold climates,small genome,low variation,https://upload.wikimedia.org/wikipedia/commons/0/09/Mirbelia_rubiifolia_Towlers_Bay_Track.jpg
Miscanthus,Poaceae,Poales,0,0,1,0,0.074314214,.,.,.,.,.,.,3.7,21.64272619,About 1% of species are perennial,About 0% of species are woody,About 7% of species are agricultural,radial or bilateral symmetry,mixed mating system,complex reproductive syndrome,insect-pollinated,low extinction risk,temperate climates,medium genome,high variation,https://upload.wikimedia.org/wikipedia/commons/6/6a/Japanese_pampas_grass_%E3%82%B9%E3%82%B9%E3%82%AD%E3%81%AE%E7%A9%82%E6%B3%A2PB080105.jpg
Misopates,Plantaginaceae,Lamiales,0,0,0,0,0.005925926,1,1,1,1,.,.,.,.,About 0% of species are perennial,About 0% of species are woody,About 1% of species are agricultural,radial,selfing,no specialized syndrome,wind-pollinated,low extinction risk,temperate climates,small genome,low variation,https://upload.wikimedia.org/wikipedia/commons/6/6c/Misopates_orontium1.jpg
Mitella,Saxifragaceae,Saxifragales,1.818181818,0.090909091,1,0,0,.,.,.,.,.,.,.,.,About 1% of species are perennial,About 0% of species are woody,About 0% of species are agricultural,radial symmetry,obligate selfing,chasmogamous,wind-pollinated,low extinction risk,cold climates,small genome,low variation,https://upload.wikimedia.org/wikipedia/commons/3/3f/Mitella_caulescens_11381.JPG
Mitrasacme,Loganiaceae,Gentianales,0,0,1,0,0,.,.,.,.,.,.,.,.,About 1% of species are perennial,About 0% of species are woody,About 0% of species are agricultural,radial symmetry,mixed mating system,standard reproductive syndrome,insect-pollinated,low extinction risk,cold climates,small genome,low variation,https://upload.wikimedia.org/wikipedia/commons/e/ef/Bairne_Track_Mitrasacme_flower.jpg
Moehringia,Caryophyllaceae,Caryophyllales,0,0,0.934782609,0,0.001818182,.,1,1,1,3,.,.,.,About 93% of species are perennial,About 0% of species are woody,About 0% of species are agricultural,radial,selfing,obligate self-pollination,wind-pollinated,moderate risk,temperate climates,medium genome,moderate variation,https://upload.wikimedia.org/wikipedia/commons/b/b0/Moehringia_lateriflora_8577.JPG
Moenchia,Caryophyllaceae,Caryophyllales,0,0,0,0,0.001818182,.,1,1,1,.,.,.,.,About 0% of species are perennial,About 0% of species are woody,About 0% of species are agricultural,radial,selfing,obligate selfing,wind-pollinated,low extinction risk,cold climates,small genome,low variation,https://upload.wikimedia.org/wikipedia/commons/8/84/Moenchia_erecta_i01.jpg
Mohavea,Plantaginaceae,Lamiales,0,0,0,0,0.005925926,.,.,.,.,.,.,.,.,About 0% of species are perennial,About 0% of species are woody,About 1% of species are agricultural,radial or bilateral symmetry,mixed mating system,generalist reproduction,wind-pollinated,low extinction risk,cold climates,small genome,low variation,https://upload.wikimedia.org/wikipedia/commons/8/8f/Mohavea_confertiflora_1.jpg
Molinerella,Poaceae,Poales,0,0,0,0,0.074314214,.,.,.,.,.,.,.,.,About 0% of species are perennial,About 0% of species are woody,About 7% of species are agricultural,radial symmetry,selfing,self-pollination,wind-pollinated,low extinction risk,cold climates,small genome,low variation,No image found
Mollugo,Molluginaceae,Caryophyllales,0,0,0,0,0.022988506,0,.,.,.,.,.,.,.,About 0% of species are perennial,About 0% of species are woody,About 2% of species are agricultural,radial,unknown,unknown,unknown,low extinction risk,cold climates,small genome,low variation,https://upload.wikimedia.org/wikipedia/commons/2/21/Mollugo_verticillata_%28USDA%29.jpg
Moltkia,Boraginaceae,Boraginales,0,0,1,0.666666667,0.001824818,.,.,.,.,.,.,0.84,.,About 100% of species are perennial,About 67% of species are woody,About 0% of species are agricultural,radial symmetry,mixed mating system,sexual reproduction,insect-pollinated,low extinction risk,cold climates,small genome,low variation,No image found
Monarda,Lamiaceae,Lamiales,0,0,0.375,0,0.004320557,.,1,0.5,1,.,.,.,.,About 38% of species are perennial,About 0% of species are woody,About 0% of species are agricultural,radial symmetry,selfing,outcrossing,insect-pollinated,low extinction risk,temperate climates,small genome,low variation,https://upload.wikimedia.org/wikipedia/commons/6/6e/Monarda_didyma_00.jpg
Monardella,Lamiaceae,Lamiales,4.086021505,0.612903226,0.741935484,0,0.004320557,.,.,.,.,.,.,.,.,About 74% of species are perennial,About 0% of species are woody,About 0% of species are agricultural,radial symmetry,mixed mating system,reproduction by seeds,insect-pollinated,low extinction risk,temperate climates,medium genome,moderate variation,https://upload.wikimedia.org/wikipedia/commons/b/bd/Monardella_hypoleuca_ssp_lanata_3.jpg
Monolepis,Amaranthaceae,Caryophyllales,0,0,0,0,0.041463415,.,.,.,.,.,.,.,.,About 0% of species are perennial,About 0% of species are woody,About 4% of species are agricultural,radial,mixed mating system,self-pollinating,wind-pollinated,low extinction risk,temperate climates,small genome,moderate variation,https://upload.wikimedia.org/wikipedia/commons/1/19/Chenopodium_capitatum_Strawberry_Blite_2048px.jpg
Monolopia,Asteraceae,Asterales,0,0,0,0,0.00210989,.,.,.,.,.,.,.,.,About 0% of species are perennial,About 0% of species are woody,About 0% of species are agricultural,radial symmetry,mixed mating system,hermaphroditic reproduction,wind-pollinated,low extinction risk,cold climates,small genome,low variation,https://upload.wikimedia.org/wikipedia/commons/0/0e/Monolopialanceolata.jpg
Monoptilon,Asteraceae,Asterales,0,0,0,0,0.00210989,.,.,.,.,.,.,.,.,About 0% of species are perennial,About 0% of species are woody,About 0% of species are agricultural,radial,mixed mating system,obligate xenogamy,wind-pollinated,low extinction risk,cold climates,small genome,low variation,https://upload.wikimedia.org/wikipedia/commons/f/f7/Monoptilon_bellioides_2005-04-01.jpg
Monotoca,Ericaceae,Ericales,20,0.5,1,1,0,.,.,.,.,.,.,.,.,About 100% of species are perennial,About 100% of species are woody,About 0% of species are agricultural,radial symmetry,mixed mating system,obligate xenogamy,wind-pollinated,low extinction risk,cold climates,small genome,low variation,https://upload.wikimedia.org/wikipedia/commons/4/4c/Heath_Avalon_NSW_6_metres_tall.jpg
Monotropa,Ericaceae,Ericales,0,0,1,0,0,.,1,0.5,1,.,.,.,.,About 1% of species are perennial,About 0% of species are woody,About 0% of species are agricultural,radial,selfing,self-pollination,wind-pollinated,low extinction risk,temperate climates,small genome,moderate variation,https://upload.wikimedia.org/wikipedia/commons/5/52/Ghost_Pipe.jpg
Montia,Montiaceae,Caryophyllales,0,0,0.233333333,0,0,.,1,0.5,1,.,.,0.6,.,About 23% of species are perennial,About 0% of species are woody,About 0% of species are agricultural,radial symmetry,selfing,seed reproduction,wind-pollinated,low extinction risk,cold climates,small genome,low variation,https://upload.wikimedia.org/wikipedia/commons/e/e0/Illustration_Montia_fontana0.jpg
Moricandia,Brassicaceae,Brassicales,0,0,1,0,0.00485306,.,.,.,.,.,.,0.65,.,About 100% of species are perennial,About 0% of species are woody,About 0% of species are agricultural,radial symmetry,mixed mating system,generalist reproduction,insect-pollinated,low extinction risk,cold climates,small genome,low variation,https://upload.wikimedia.org/wikipedia/commons/5/55/Moricandia_arvensis_-_Curtis.jpg
Morinda,Rubiaceae,Gentianales,0,0,1,1,6.00E-04,0,.,.,.,1.25,.,0.65,6.527139519,About 100% of species are perennial,About 100% of species are woody,About 0% of species are agricultural,radial,likely self-incompatible with some degree of selfing,typically reproduces sexually,likely insect-pollinated,moderate risk,cold climates,small genome,moderate variation,https://upload.wikimedia.org/wikipedia/commons/1/12/P_Morc_D5915.JPG
Morus,Moraceae,Rosales,0,0,1,1,0.01,0,.,.,0,.,.,0.625,0,About 100% of species are perennial,About 100% of species are woody,About 1% of species are agamospermous,radial,Self-pollinating,Annual.,wind-pollinated,low extinction risk,cold climates,small genome,low variation,No image found
Mucizonia,Crassulaceae,Saxifragales,0,0,0,0,0,.,.,.,.,.,.,.,.,About 0% of species are perennial,About 0% of species are woody,About 0% of species are agamic,radial,mixed mating system,dioecious,wind-pollinated,low extinction risk,cold climates,small genome,low variation,https://upload.wikimedia.org/wikipedia/commons/1/1c/Sedum_acre_single_-_Niitv%C3%A4lja.jpg
Mucronea,Polygonaceae,Caryophyllales,0,0,0,0,0.002727273,.,.,.,.,.,.,.,.,About 0% of species are perennial,About 0% of species are woody,About 0% of species are agricultural,radial symmetry,mixed mating system,reproduces sexually,insect-pollinated,low extinction risk,cold climates,small genome,low variation,https://upload.wikimedia.org/wikipedia/commons/c/c6/Mucronea_californica_JEPS109930_%284498882254%29.jpg
Mucuna,Fabaceae,Fabales,0,0,1,1,0.096494845,1,.,.,.,.,.,.,.,About 100% of species are perennial,About 100% of species are woody,About 10% of species are native to agricultural environments,radial,selfing,dioecious,insect-pollinated,low extinction risk,cold climates,small genome,low variation,https://upload.wikimedia.org/wikipedia/commons/2/25/Mucuna_holtonii_2.jpg
Muehlenbeckia,Polygonaceae,Caryophyllales,0,0,1,0.7,0.002727273,.,.,.,1,.,.,.,.,About 100% of species are perennial,About 70% of species are woody,About 0% of species are agricultural,radial,selfing,vegetative reproduction,insect-pollinated,low extinction risk,cold climates,small genome,low variation,https://upload.wikimedia.org/wikipedia/commons/8/84/Muehlenbeckia_adpressa_-_Curtis.jpg
Muellerina,Loranthaceae,Santalales,0,0,1,1,0,.,.,.,.,.,.,5.7,18.60807319,About 100% of species are perennial,About 100% of species are woody,About 0% of species are agamic,radial symmetry,mixed mating system,Reproduction primarily through seeds,insect-pollinated,low extinction risk,temperate climates,medium genome,high variation,No image found
Muhlenbergia,Poaceae,Poales,0.052882073,0.016129032,0.879032258,0,0.074314214,.,.,.,.,3,.,.,.,About 88% of species are perennial,About 0% of species are woody,About 7% of species are agricultural,radial symmetry,mixed mating system,asexual reproduction,wind-pollinated,moderate risk,temperate climates,medium genome,moderate variation,https://upload.wikimedia.org/wikipedia/commons/e/ed/Muhlenbergia_rigens_form.jpg
Muilla,Amaryllidaceae,Asparagales,0,0,1,0,0,.,.,.,.,.,.,.,.,About 100% of species are perennial,About 0% of species are woody,About 0% of species are agro,radial or bilateral symmetry,mixed mating system,reproduction via seeds,insect-pollinated,low extinction risk,temperate climates,small genome,low variation,https://upload.wikimedia.org/wikipedia/commons/6/6e/Muilla_maritima.jpg
Murbeckiella,Brassicaceae,Brassicales,0,0,1,0,0.00485306,.,.,.,.,.,.,.,.,About 1% of species are perennial,About 0% of species are woody,About 0% of species are agricultural,radial symmetry,mixed mating system,sexual reproduction,wind-pollinated,low extinction risk,cold climates,small genome,low variation,https://upload.wikimedia.org/wikipedia/commons/2/20/Murbeckiella_boryi.jpg
Muretia,Apiaceae,Apiales,0,0,1,0,0.003968254,.,.,.,.,.,.,.,.,About 100% of species are perennial,About 0% of species are woody,About 0% of species are agroforestry,radial,mixed mating system,Sexual reproduction,insect-pollinated,low extinction risk,cold climates,small genome,low variation,https://upload.wikimedia.org/wikipedia/commons/0/09/Elaeosticta_lutea_112046180.jpg
Muscari,Asparagaceae,Asparagales,0.584795322,0.052631579,1,0,0,.,1,0.5,1,.,.,4.18,31.1115181,About 100% of species are perennial,About 0% of species are woody,About 0% of species are agricultural,radial symmetry,selfing,seed dispersal by gravity,insect-pollinated,low extinction risk,temperate climates,medium genome,high variation,https://upload.wikimedia.org/wikipedia/commons/6/61/Muscari_Neglectum.jpg
Musineon,Apiaceae,Apiales,0,0,1,0,0.003968254,.,.,.,.,.,.,.,.,About 100% of species are perennial,About 0% of species are woody,About 0% of species are agricultural,radial symmetry,selfing,sexual reproduction,wind-pollinated,low extinction risk,cold climates,small genome,low variation,https://upload.wikimedia.org/wikipedia/commons/9/90/Musineondivaricatum.jpg
Myoporum,Scrophulariaceae,Lamiales,0,0,1,1,0.001764706,.,.,.,1,2,.,1.94,.,About 100% of species are perennial,About 100% of species are woody,About 0% of species are agamic,radial symmetry,mixed mating system,seed dispersal,wind-pollinated,moderate risk,temperate climates,small genome,low variation,https://upload.wikimedia.org/wikipedia/commons/1/1e/Starr_Myoporum_sandwicense0.jpg
Myosotis,Boraginaceae,Boraginales,0.03417635,0.012987013,0.39055794,0,0.001824818,.,1,0.733333333,1,.,.,2.04,0,About 39% of species are perennial,About 0% of species are woody,About 0% of species are agricultural,radial symmetry,mixed mating,obligate sexual reproduction,wind-pollinated,low extinction risk,temperate climates,medium genome,low variation,https://upload.wikimedia.org/wikipedia/commons/e/eb/Myosotis_arvensis_ois.JPG
Myosurus,Ranunculaceae,Ranunculales,2.222222222,0.1,0,0,0,.,1,1,1,.,.,1.1,.,About 0% of species are perennial,About 0% of species are woody,About 0% of species are annuals,radial,selfing,asexual reproduction,wind-pollinated,low extinction risk,cold climates,small genome,low variation,https://upload.wikimedia.org/wikipedia/commons/9/99/Myosurus_minimus2_eF.jpg
Myrica,Myricaceae,Fagales,0,0,1,1,0,.,1,0,0,2,.,0.42,.,About 100% of species are perennial,About 100% of species are woody,About 0% of species are agricultural,radial,selfing,seed reproduction,wind-pollinated,moderate risk,cold climates,small genome,low variation,https://upload.wikimedia.org/wikipedia/commons/4/4e/Gagelstrauch%28Myrica_gale%29female.JPG
Myriophyllum,Haloragaceae,Saxifragales,0,0,0.9375,0,0,.,1,0.25,0.125,.,.,0.426666667,36.78517927,About 94% of species are perennial,About 0% of species are woody,About 0% of species are agamic,radial symmetry,selfing,asexual reproduction,wind-pollinated,low extinction risk,cold climates,small genome,high variation,https://upload.wikimedia.org/wikipedia/commons/d/d9/Myriophyllum_aquaticum_-_side_%28aka%29.jpg
Myrsine,Primulaceae,Ericales,0.584795322,0.052631579,1,1,0,0,.,.,0.533333333,1.942307692,.,1.23,.,About 100% of species are perennial,About 100% of species are woody,About 0% of species are annual,radial,selfing,unknown,insect-pollinated,moderate risk,temperate climates,small genome,low variation,https://upload.wikimedia.org/wikipedia/commons/e/e2/Myrsine_alyxifolia5.jpg
Myrsiphyllum,Asparagaceae,Asparagales,0,0,1,0,0,.,.,.,.,.,.,.,.,About 1% of species are perennial,About 0% of species are woody,About 0% of species are agricultural,radial,mixed mating system,autotrophic reproduction,insect-pollinated,low extinction risk,cold climates,small genome,low variation,https://upload.wikimedia.org/wikipedia/commons/7/7a/AsparagusPlumosus2.jpg
Najas,Hydrocharitaceae,Alismatales,0,0,0.041666667,0,0,.,1,0.5,0,.,.,.,.,About 4% of species are perennial,About 0% of species are woody,About 0% of species are agricultural,radial symmetry,obligate selfing,autogamous,wind-pollinated,low extinction risk,cold climates,small genome,low variation,https://upload.wikimedia.org/wikipedia/commons/c/ca/Illustration_Najas_marina0.jpg
Nama,Boraginaceae,Boraginales,0,0,0.157894737,0,0.001824818,.,.,.,.,.,.,.,.,About 16% of species are perennial,About 0% of species are woody,About 0% of species are cultivated,radial symmetry,mixed mating system,generalist reproductive syndrome,insect-pollinated,low extinction risk,temperate climates,medium genome,moderate variation,No image found
Narcissus,Amaryllidaceae,Asparagales,1.41025641,0.275,1,0,0,.,1,0.5,1,3,0.73,15.11941176,35.06471115,About 1% of species are perennial,About 0% of species are woody,About 0% of species are cultivated,radial,selfing,dioecious,insect-pollinated,moderate risk,warm climates,large genome,high variation,No image found
Narthecium,Nartheciaceae,Dioscoreales,0,0,1,0,0,.,1,0,1,.,.,0.41,.,About 100% of species are perennial,About 0% of species are woody,About 0% of species are agricultural,radial symmetry,mixed mating system,dioecious,wind-pollinated,low extinction risk,cold climates,small genome,low variation,https://upload.wikimedia.org/wikipedia/commons/2/20/Narthecium_ossifragum_01.jpg
Nassella,Poaceae,Poales,0,0,1,0,0.074314214,.,.,.,.,0,.,.,.,About 1% of species are perennial,About 0% of species are woody,About 7% of species are agricultural,radial symmetry,mixed mating system,unknown reproductive syndrome,unknown pollination syndrome,low extinction risk,temperate climates,small genome,low variation,https://upload.wikimedia.org/wikipedia/commons/a/a7/Nassella_tenuissima.jpg
Nasturtium,Brassicaceae,Brassicales,16.66666667,0.25,1,0,0.00485306,.,1,0.333333333,1,.,.,0.595,14.01120336,About 100% of species are perennial,About 0% of species are woody,About 0% of species are agamic,radial,mixed mating,obligate sexual reproduction,wind-pollinated,low extinction risk,cold climates,small genome,moderate variation,No image found
Navarretia,Polemoniaceae,Ericales,0,0,0,0,0,.,.,.,.,.,.,.,.,About 0% of species are perennial,About 0% of species are woody,About 0% of species are agricultural,radial,mixed mating system,generalist reproductive syndrome,wind-pollinated,low extinction risk,cold climates,small genome,low variation,https://upload.wikimedia.org/wikipedia/commons/4/4d/Navarretia_squarrosa_Pacifica.jpg
Nemacladus,Campanulaceae,Asterales,0,0,0,0,0,.,.,.,.,.,.,.,.,About 0% of species are perennial,About 0% of species are woody,About 0% of species are annual,radial symmetry,obligately selfing,self-pollinating species with non-specialized pollinators,wind-pollinated,low extinction risk,cold climates,small genome,low variation,https://upload.wikimedia.org/wikipedia/commons/a/a2/Nemacladus_glanduliferus_var_orientalis_4.jpg
Nemophila,Boraginaceae,Boraginales,0,0,0,0,0.001824818,.,.,.,.,.,.,1.25,.,About 0% of species are perennial,About 0% of species are woody,About 0% of species are agricultural,radial symmetry,selfing,self-pollination,insect-pollinated,low extinction risk,cold climates,small genome,moderate variation,https://upload.wikimedia.org/wikipedia/commons/e/e4/Nemophila-menziesii-20080330.JPG
Nepeta,Lamiaceae,Lamiales,0,0,1,0,0.004320557,.,1,0.875,1,.,.,0.28,.,About 100% of species are perennial,About 0% of species are woody,About 0% of species are agricultural,radial,selfing,dioecious,wind-pollinated,low extinction risk,cold climates,small genome,low variation,https://upload.wikimedia.org/wikipedia/commons/9/9d/Catnip-blossom.jpg
Nephrolepis,Lomariopsidaceae,Monilophyta,20,0.4,1,0,0,.,.,.,.,.,.,8.633333333,18.19135232,About 100% of species are perennial,About 0% of species are woody,About 0% of species are agriculturally important,radial symmetry,selfing,sexual reproduction,wind-pollinated,low extinction risk,temperate climates,large genome,high variation,https://upload.wikimedia.org/wikipedia/commons/f/f7/Nephrolepis_exaltata_indoor0705c.jpg
Neraudia,Urticaceae,Rosales,0,0,1,1,0,.,.,.,.,3,.,.,.,About 1% of species are perennial,About 1% of species are woody,About 0% of species are agricultural,radial symmetry,mixed mating system,reproduces sexually,insect-pollinated,moderate risk,temperate climates,medium genome,moderate variation,https://upload.wikimedia.org/wikipedia/commons/9/97/Neraudia_angulata_var._angulata_%284977526120%29_%282%29.jpg
Nicotiana,Solanaceae,Solanales,0.793650794,0.107142857,0.321428571,0.142857143,0.089837398,.,1,1,1,0,.,3.697346939,29.20335261,About 32% of species are perennial,About 14% of species are woody,About 9% of species are agricultural,radial symmetry,selfing,obligate asexual reproduction,wind-pollinated,low extinction risk,temperate climates,medium genome,high variation,https://upload.wikimedia.org/wikipedia/commons/4/49/Tabak_9290019.JPG
Nigella,Ranunculaceae,Ranunculales,0,0,0,0,0,.,1,1,1,.,.,10.66,0.243721971,About 0% of species are perennial,About 0% of species are woody,About 0% of species are agricultural,radial,selfing,self-pollination,wind-pollinated,low extinction risk,cold climates,large genome,low variation,https://upload.wikimedia.org/wikipedia/commons/1/10/Jungfer_im_Gr%C3%BCnen_%28Nigella_damascena%29_Samenkapseln-20220613-RM-175240.jpg
Nitrophila,Amaranthaceae,Caryophyllales,0,0,1,0,0.041463415,.,.,.,.,.,.,.,.,About 100% of species are perennial,About 0% of species are woody,About 4% of species are agricultural,radial symmetry,selfing,self-pollination,wind-pollinated,low extinction risk,cold climates,small genome,low variation,https://upload.wikimedia.org/wikipedia/commons/c/c7/Nitrophila_occidentalis_2.jpg
Nolina,Asparagaceae,Asparagales,0,0,1,1,0,.,.,.,.,.,.,5.776666667,12.11318026,About 100% of species are perennial,About 100% of species are woody,About 0% of species are agamic,radial,mixed mating system,dioecious reproductive syndrome,wind-pollinated,low extinction risk,temperate climates,medium genome,moderate variation,https://upload.wikimedia.org/wikipedia/commons/5/55/Nolina_georgiana_fh_0523.31_GA.jpg
Nonea,Boraginaceae,Boraginales,0,0,0.111111111,0,0.001824818,.,1,1,1,.,.,.,.,About 11% of species are perennial,About 0% of species are woody,About 0% of species are agriculturally important,radial,selfing,self-pollination,wind-pollinated,low extinction risk,temperate climates,small genome,low variation,https://upload.wikimedia.org/wikipedia/commons/8/8e/Nonea_rossica_flowers_3.jpg
Notelaea,Oleaceae,Lamiales,0,0,1,1,0.003252033,.,.,.,.,.,.,.,.,About 100% of species are perennial,About 100% of species are woody,About 0% of species are agricultural,unknown,unknown,unknown,unknown,low extinction risk,unknown,small genome,low variation,https://upload.wikimedia.org/wikipedia/commons/e/ec/Notelaea_longifolia.jpg
Nothocalais,Asteraceae,Asterales,0,0,1,0,0.00210989,.,.,.,.,.,.,.,.,About 1% of species are perennial,About 0% of species are woody,About 0% of species are agricultural,radial symmetry,selfing,generalist reproduction,wind-pollinated,low extinction risk,cold climates,small genome,low variation,https://upload.wikimedia.org/wikipedia/commons/5/58/Nothocalais_alpestris_0665.JPG
Nothocestrum,Solanaceae,Solanales,0,0,1,1,0.089837398,.,.,.,.,2.875,.,.,.,About 100% of species are perennial,About 100% of species are woody,About 9% of species are agricultural,radial,mixed mating system,primarily sexual reproduction,insect-pollinated,moderate risk,temperate climates,medium genome,moderate variation,https://upload.wikimedia.org/wikipedia/commons/a/a3/Starr_060429-8016_Nothocestrum_latifolium.jpg
Nothofagus,Nothofagaceae,Fagales,33.33333333,0.333333333,1,1,0,.,.,.,0,1.944444444,0.99,.,.,About 100% of species are perennial,About 100% of species are woody,About 0% of species are agroforestry-relevant,radial symmetry,mixed mating system,obligate outcrossing,wind-pollinated,moderate risk,warm climates,medium genome,moderate variation,https://upload.wikimedia.org/wikipedia/commons/a/a0/Nothofagus_cunninghamii_kz02.jpg
Notholaena,Pteridaceae,Monilophyta,0,0,1,0,0,.,.,.,.,.,.,.,.,About 1% of species are perennial,About 0% of species are woody,About 0% of species are agricultural,radial or bilateral symmetry,mixed mating system,reproduction syndrome,pollination syndrome,low extinction risk,temperate climates,small genome,low variation,https://upload.wikimedia.org/wikipedia/commons/4/44/Notholaena_standleyi.jpg
Nototrichium,Amaranthaceae,Caryophyllales,0,0,1,1,0.041463415,.,.,.,.,.,.,.,.,About 100% of species are perennial,About 100% of species are woody,About 4% of species are agricultural,radial symmetry,mixed mating system,sexual reproduction,insect-pollinated,low extinction risk,cold climates,small genome,low variation,https://upload.wikimedia.org/wikipedia/commons/9/9f/Starr_070830-8244_Nototrichium_sandwicense.jpg
Nuphar,Nymphaeaceae,Nymphaeales,10,0.2,1,0,0,.,1,0.333333333,1,.,.,2.58,2.740723958,About 100% of species are perennial,About 0% of species are woody,About 0% of species are agricultural,radial symmetry,selfing,hermaphroditic,insect-pollinated,low extinction risk,temperate climates,medium genome,low variation,https://upload.wikimedia.org/wikipedia/commons/6/6e/%D0%93%D0%BB%D0%B5%CC%81%D1%87%D0%B8%D0%BA%D0%B8_%D0%B6%D0%BE%CC%81%D0%B2%D1%82%D1%96%2C_%D0%BB%D0%B0%D1%82%D0%B0%CC%81%D1%82%D1%82%D1%8F_%D0%B6%D0%BE%CC%81%D0%B2%D1%82%D0%B5_%D0%B0%D0%B1%D0%BE_%D0%BA%D1%83%D0%B1%D0%B8%CC%81%D1%88%D0%BA%D0%B0_%D0%B6%D0%BE%CC%81%D0%B2%D1%82%D0%B0_%28Nuphar_lutea%29_18.jpg
Nymphaea,Nymphaeaceae,Nymphaeales,0,0,1,0,0,0,1,0.5,1,.,.,1.297,42.3405497,About 100% of species are perennial,About 0% of species are woody,About 0% of species are agricultural,radial,selfing,"nectar-rewarding, entomophilous",insect-pollinated,low extinction risk,cold climates,small genome,high variation,https://upload.wikimedia.org/wikipedia/commons/b/bd/Nymphaea_alba.001_-_Breendonk.jpg
Nymphoides,Menyanthaceae,Asterales,0,0,0.928571429,0,0,0,1,0.5,1,.,.,0.73,.,About 93% of species are perennial,About 0% of species are woody,About 0% of species are agriculturally relevant,radial,selfing,asexual reproduction,wind-pollinated,low extinction risk,temperate climates,small genome,low variation,https://upload.wikimedia.org/wikipedia/commons/5/5e/Nymphoides_ezannoi_%28aka%29.jpg
Ochrosia,Apocynaceae,Gentianales,0,0,1,1,0.000658617,.,.,.,1,3.75,.,.,.,About 100% of species are perennial,About 100% of species are woody,About 0% of species are agriculturally important,radial symmetry,selfing,cross-pollination,insect-pollinated,high risk,temperate climates,medium genome,moderate variation,https://upload.wikimedia.org/wikipedia/commons/e/ee/Ochrosia_borbonica_02.JPG
Ocimum,Lamiaceae,Lamiales,0,0,0.5,0,0.004320557,1,.,.,.,.,0.667,.,.,About 50% of species are perennial,About 0% of species are woody,About 0% of species are agriculturally important,radial,Mixed mating system,Mixed reproductive syndrome,Insect-pollinated,Low extinction risk,Temperate climates,Medium genome,Moderate variation,https://upload.wikimedia.org/wikipedia/commons/a/ac/BasilikumGenovesergro%C3%9Fbl%C3%A4ttriger.jpg
Odontites,Orobanchaceae,Lamiales,0,0,0.117647059,0.117647059,0,.,1,1,1,.,.,0.57,.,About 12% of species are perennial,About 12% of species are woody,About 0% of species are agriculturally significant,radial symmetry,selfing,vegetative reproduction,wind-pollinated,low extinction risk,cold climates,small genome,low variation,https://upload.wikimedia.org/wikipedia/commons/d/db/Red_bartsia_800.jpg
Oenanthe,Apiaceae,Apiales,0,0,0.909090909,0,0.003968254,0,1,0.785714286,1,.,.,0.64,2.209708691,About 91% of species are perennial,About 0% of species are woody,About 0% of species are cultivated,radial,selfing,obligate self-pollination,wind-pollinated,low extinction risk,cold climates,small genome,low variation,No image found
Oenothera,Onagraceae,Myrtales,0.102145046,0.04494382,0.402001096,0,0.001538462,.,1,1,1,.,1.043,1.221666667,9.234313412,About 40% of species are perennial,About 0% of species are woody,About 0% of species are agroforestry species,radial,selfing,asexual or apomictic,insect-pollinated,low extinction risk,warm climates,small genome,moderate variation,https://upload.wikimedia.org/wikipedia/commons/0/0d/Oenothera_rubricaulis_2014_G1.jpg
Olearia,Asteraceae,Asterales,0.483091787,0.108695652,1,0.979166667,0.00210989,.,.,.,1,1.5,.,6.13,.,About 100% of species are perennial,About 98% of species are woody,About 0% of species are agricultural,radial,mixed mating system,mixed reproductive syndrome,insect-pollinated,moderate risk,temperate climates,medium genome,moderate variation,https://upload.wikimedia.org/wikipedia/commons/a/a3/Olearia_stuartii.jpg
Omalotheca,Asteraceae,Asterales,0,0,1,0,0.00210989,.,.,.,.,.,.,.,.,About 1% of species are perennial,About 0% of species are woody,About 0% of species are agricultural,radial symmetry,selfing,autogamous,wind-pollinated,low extinction risk,cold climates,small genome,low variation,https://upload.wikimedia.org/wikipedia/commons/2/21/Gnaphalium_supinum_Sturm25.jpg
Omphalodes,Boraginaceae,Boraginales,0,0,0.375,0,0.001824818,.,1,0.75,1,.,.,.,.,About 37.5% of species are perennial,About 0% of species are woody,About 0.18% of species are agriculturally important,radial symmetry,selfing,typically reproduces vegetatively,wind-pollinated,low extinction risk,temperate climates,medium genome,moderate variation,https://upload.wikimedia.org/wikipedia/commons/e/e5/Cynoglossum_omphalodes_1797.jpg
Oncosiphon,Asteraceae,Asterales,0,0,0,0,0.00210989,.,.,.,.,.,.,.,.,About 0% of species are perennial,About 0% of species are woody,About 0% of species are agricultural,radial,mixed mating system,dioecious reproductive syndrome,wind-pollinated,low extinction risk,cold climates,small genome,low variation,https://upload.wikimedia.org/wikipedia/commons/9/9d/Oncosiphon_piluliferum_JEPS100417_%284495742008%29.jpg
Onobrychis,Fabaceae,Fabales,0,0,0.913043478,0,0.096494845,.,1,1,1,.,.,1.25,.,About 91% of species are perennial,About 0% of species are woody,About 10% of species are aggregate,radial symmetry,selfing,obligate selfing,wind-pollinated,low extinction risk,temperate climates,small genome,moderate variation,https://upload.wikimedia.org/wikipedia/commons/8/88/Onobrychis_arenaria1.jpg
Ononis,Fabaceae,Fabales,0.056497175,0.016666667,0.311111111,0.433333333,0.096494845,.,1,0.833333333,1,.,.,.,.,About 31% of species are perennial,About 43% of species are woody,About 10% of species are agricultural,radial symmetry,selfing,obligate autogamy,wind-pollinated,low extinction risk,temperate climates,medium genome,moderate variation,https://upload.wikimedia.org/wikipedia/commons/a/a2/Close-up_van_de_bloeiwijze_van_Ononis_spinosa_subsp._spinosa.jpg
Onopordum,Asteraceae,Asterales,0.865800866,0.090909091,0,0,0.00210989,.,1,1,1,.,0.568,1.33,.,About 0% of species are perennial,About 0% of species are woody,About 0% of species are annual,radial,selfing,asexual reproduction,wind-pollinated,low extinction risk,temperate climates,small genome,moderate variation,https://upload.wikimedia.org/wikipedia/commons/9/99/Onopordum_bracteatum0.jpg
Onosma,Boraginaceae,Boraginales,0,0,0.712121212,0,0.001824818,.,1,1,1,.,.,1.79,46.74436057,About 71% of species are perennial,About 0% of species are woody,About 0% of species are agricultural,radial symmetry,selfing,angiosperm reproduction,insect-pollinated,low extinction risk,cold climates,small genome,high variation,https://upload.wikimedia.org/wikipedia/commons/8/87/Onosma_simplicissima_flowers.jpg
Onosmodium,Boraginaceae,Boraginales,0,0,1,0,0.001824818,.,.,.,.,.,.,.,.,About 1% of species are perennial,About 0% of species are woody,About 0% of species are agricultural,radial symmetry,mixed mating system,sexual reproduction,insect-pollinated,low extinction risk,cold climates,small genome,low variation,https://upload.wikimedia.org/wikipedia/commons/8/8a/Nawrot_czerwonoblekitny_Lithospermum_purpurocaeruceum.jpg
Opercularia,Rubiaceae,Gentianales,0,0,1,0,6.00E-04,.,.,.,.,.,.,.,.,About 100% of species are perennial,About 0% of species are woody,About 0% of species are agricultural,radial symmetry,mixed mating system,obligate apomixis,wind-pollinated,low extinction risk,cold climates,small genome,low variation,No image found
Ophioglossum,Ophioglossaceae,Monilophyta,0,0,1,0,0,.,1,0.5,.,.,.,61.77666667,4.21026757,About 100% of species are perennial,About 0% of species are woody,About 0% of species are agricultural,radial symmetry,mixed mating system,obligate self-pollination,insect-pollinated,low extinction risk,warm climates,large genome,low variation,https://upload.wikimedia.org/wikipedia/commons/c/ca/Ophioglossum_closeup.jpg
Ophrys,Orchidaceae,Asparagales,14.62450593,1.608695652,1,0,0,.,1,0.833333333,1,.,.,.,.,About 100% of species are perennial,About 0% of species are woody,About 0% of species are agro,radial symmetry,selfing,primarily self-pollinated,wind-pollinated,low extinction risk,cold climates,small genome,low variation,https://upload.wikimedia.org/wikipedia/commons/4/48/OphrysApifera.jpg
Oplismenus,Poaceae,Poales,0,0,1,0,0.074314214,1,.,.,.,.,.,2.64,.,About 100% of species are perennial,About 0% of species are woody,About 7% of species are agriculturally important,radial,About 50% of species are self-pollinating and 50% are cross-pollinating,"Reproduces by seeds, often dispersed by wind or animals",Insect-pollinated,low extinction risk,temperate climates,medium genome,moderate variation,https://upload.wikimedia.org/wikipedia/commons/0/0a/Oplismenus_undulatifolius_DSCN0094.JPG
Opopanax,Apiaceae,Apiales,0,0,1,0,0.003968254,.,.,.,.,.,.,.,.,About 1% of species are perennial,About 0% of species are woody,About 0% of species are agricultural,radial symmetry,mixed mating system,asexual and sexual reproduction,wind-pollinated,low extinction risk,cold climates,small genome,low variation,No image found
Opuntia,Cactaceae,Caryophyllales,1.333333333,0.333333333,1,0.773584906,0,0,.,.,1,2.5,.,2.59,31.40810556,About 1% of species are perennial,About 77% of species are woody,About 0% of species are aggregated,radial,mixed mating system,unassisted self-pollination,wind-pollinated,moderate risk,temperate climates,medium genome,high variation,https://upload.wikimedia.org/wikipedia/commons/2/22/Opuntia_littoralis_var_vaseyi_4.jpg
Orchis,Orchidaceae,Asparagales,1.149425287,0.166666667,1,0,0,.,1,0.857142857,1,.,.,.,.,About 100% of species are perennial,About 0% of species are woody,About 0% of species are agriculturally important,radial symmetry,selfing,seed dispersal via water,wind-pollinated,low extinction risk,temperate climates,medium genome,moderate variation,https://upload.wikimedia.org/wikipedia/commons/6/6f/Orchis_italica_a.JPG
Orcuttia,Poaceae,Poales,0,0,0,0,0.074314214,.,.,.,.,.,.,.,.,About 0% of species are perennial,About 0% of species are woody,About 7% of species are agricultural,radial or bilateral symmetry,mixed mating system,obligate cross-pollination,insect-pollinated,low extinction risk,temperate climates,small genome,low variation,https://upload.wikimedia.org/wikipedia/commons/0/0a/Orcuttiatenuis.jpg
Oreobolus,Cyperaceae,Poales,0,0,1,0,0.00045977,.,.,.,.,.,.,.,.,About 100% of species are perennial,About 0% of species are woody,About 0% of species are agricultural,Unknown floral symmetry,Unknown mating system,Unknown reproductive syndrome,Unknown pollination syndrome,Low extinction risk,Unknown average temperature,Unknown genome size,Unknown genome size variation,https://upload.wikimedia.org/wikipedia/commons/d/db/Oreob_imported_from_iNaturalist_photo_255853170_on_7_December_2023.jpg
Oreochloa,Poaceae,Poales,0,0,1,0,0.074314214,.,1,1,0,.,.,.,.,About 1% of species are perennial,About 0% of species are woody,About 7% of species are agricultural,radial,selfing,obligate self-pollination,wind-pollinated,low extinction risk,cold climates,small genome,low variation,https://upload.wikimedia.org/wikipedia/commons/8/82/OreochloaDistichaHoheTauern.jpg
Oreomyrrhis,Apiaceae,Apiales,10,0.2,0.9,0,0.003968254,.,.,.,.,.,.,.,.,About 90% of species are perennial,About 0% of species are woody,About 0% of species are cultivated,radial symmetry,mixed mating system,obligately xenogamous,insect-pollinated,low extinction risk,temperate climates,medium genome,moderate variation,No image found
Oreonana,Apiaceae,Apiales,0,0,1,0,0.003968254,.,.,.,.,.,.,.,.,About 100% of species are perennial,About 0% of species are woody,About 0% of species are agricultural,Unknown floral symmetry,Unknown mating system,Unknown reproductive syndrome,Unknown pollination syndrome,Low extinction risk,Unknown climate,Unknown genome size,Unknown genome variation,https://upload.wikimedia.org/wikipedia/commons/5/58/Woolly_Mountain-Parsley_%284974433809%29.jpg
Origanum,Lamiaceae,Lamiales,3.846153846,0.230769231,0.959731544,0.566666667,0.004320557,.,1,0.5,1,.,.,0.765,0,About 96% of species are perennial,About 57% of species are woody,About 0% of species are agricultural,radial symmetry,selfing,wind-pollinated,wind-pollinated,low extinction risk,cold climates,small genome,low variation,https://upload.wikimedia.org/wikipedia/commons/a/ae/Origanum-vulgare.JPG
Orlaya,Apiaceae,Apiales,0,0,0,0,0.003968254,.,1,1,1,.,.,1.38,.,About 0% of species are perennial,About 0% of species are woody,About 0% of species are agricultural,radial,selfing,annual herbaceous,wind-pollinated,low extinction risk,cold climates,small genome,low variation,https://upload.wikimedia.org/wikipedia/commons/4/48/Orlaya_grandiflora_Sturm34.jpg
Ornithogalum,Asparagaceae,Asparagales,0.12195122,0.024390244,1,0,0,0,1,0.4,1,.,.,14.383,57.86951179,About 100% of species are perennial,About 0% of species are woody,About 0% of species are agricultural,radial symmetry,selfing,dioecious,insect-pollinated,low extinction risk,cold climates,large genome,high variation,https://upload.wikimedia.org/wikipedia/commons/0/03/Ornithogalum_umbellatum_close-up2.jpg
Ornithopus,Fabaceae,Fabales,1.282051282,0.076923077,0,0,0.096494845,.,1,1,1,.,.,.,.,About 0% of species are perennial,About 0% of species are woody,About 10% of species are herbaceous annuals,radial,selfing,self-pollination,wind-pollinated,low extinction risk,cold climates,small genome,low variation,https://upload.wikimedia.org/wikipedia/commons/b/bf/Ornithopus_perpusillus.jpeg
Orobanche,Orobanchaceae,Lamiales,0,0,1,0,0,1,1,0.925,1,.,.,3.331702128,33.07759632,About 100% of species are perennial,About 0% of species are woody,About 0% of species are agricultural,radial,selfing,Obligate sexual reproduction,insect-pollinated,low extinction risk,temperate climates,medium genome,high variation,https://upload.wikimedia.org/wikipedia/commons/8/82/Orobanche_uniflora_3303f.JPG
Orostachys,Crassulaceae,Saxifragales,0,0,0,0,0,.,.,.,.,.,.,.,.,About 0% of species are perennial,About 0% of species are woody,About 0% of species are agricultural,radial symmetry,mixed mating system,Generalist reproduction,insect-pollinated,low extinction risk,cold climates,small genome,low variation,https://upload.wikimedia.org/wikipedia/commons/0/0f/Sedum_iwarenge.jpg
Orthocarpus,Orobanchaceae,Lamiales,0,0,0,0,0,.,.,.,.,.,.,.,.,About 0% of species are perennial,About 0% of species are woody,About 0% of species are agricultural,radial,selfing,generalist,wind-pollinated,low extinction risk,cold climates,small genome,low variation,https://upload.wikimedia.org/wikipedia/commons/3/39/Orthocarpus_tenuifolius_0194.JPG
Oryzopsis,Poaceae,Poales,2.564102564,0.153846154,1,0,0.074314214,.,.,.,.,.,.,.,.,About 1% of species are perennial,About 0% of species are woody,About 7% of species are agricultural,radial symmetry,mixed mating system,self-pollination and outcrossing,insect-pollinated,low extinction risk,cold climates,small genome,low variation,https://upload.wikimedia.org/wikipedia/commons/5/5c/Achnatherum_hymenoides_-_Ricegrass.jpg
Osmorhiza,Apiaceae,Apiales,0,0,1,0,0.003968254,.,.,.,.,.,.,.,.,About 100% of species are perennial,About 0% of species are woody,About 0% of species are agricultural,radial symmetry,mixed mating system,generalist reproduction,wind-pollinated,low extinction risk,cold climates,small genome,low variation,https://upload.wikimedia.org/wikipedia/commons/6/62/Osmoriza_claytonii.jpg
Osmunda,Osmundaceae,Monilophyta,33.33333333,0.333333333,1,0,0,.,1,1,.,.,.,13.77333333,1.488088182,About 1% of species are perennial,About 0% of species are woody,About 0% of species are grown as agricultural crops,radial symmetry,selfing,obligate xenogamy,insect-pollinated,low extinction risk,temperate climates,large genome,low variation,https://upload.wikimedia.org/wikipedia/commons/3/32/OsmundaRegalis.jpg
Osteocarpum,Amaranthaceae,Caryophyllales,50,0.25,1,0,0.041463415,.,.,.,.,.,.,.,.,About 100% of species are perennial,About 0% of species are woody,About 4% of species are agricultural,radial symmetry,mixed mating system,typical flowering plant reproduction,insect-pollinated,low extinction risk,temperate climates,small genome,moderate variation,https://upload.wikimedia.org/wikipedia/commons/5/54/Osteocarpum_dipterocarpum_habit.jpg
Osyris,Santalaceae,Santalales,0,0,1,1,0.002139037,0,.,.,0.5,.,.,.,.,About 100% of species are perennial,About 100% of species are woody,About 0% of species are agriculturally important,radial,Unknown mating system,Unknown reproductive syndrome,insect-pollinated,Low extinction risk,Temperate climates,Medium genome size,Moderate variation in genome size,https://upload.wikimedia.org/wikipedia/commons/e/e7/Osyris_alba_with_fruit.JPG
Oxalis,Oxalidaceae,Oxalidales,0,0,0.9375,0,0.003896104,0,0.7,0.25,1,1.875,.,2.333809524,146.0891822,About 94% of species are perennial,About 0% of species are woody,About 0% of species are agricultural,radial,mixed mating system,asexual reproduction,insect-pollinated,moderate risk,temperate climates,medium genome,high variation,https://upload.wikimedia.org/wikipedia/commons/6/6c/Oxalis_acetosella_jfg.jpg
Oxylobium,Fabaceae,Fabales,0,0,1,1,0.096494845,.,.,.,.,.,.,.,.,About 1% of species are perennial,About 1% of species are woody,About 10% of species are cultivated,radial or bilateral symmetry,mixed mating system,typical reproductive syndrome,insect-pollinated,low extinction risk,temperate climates,medium genome,moderate variation,https://upload.wikimedia.org/wikipedia/commons/thumb/9/95/Oxylobium_cordifolium_%28cropped%29.jpg/2597px-Oxylobium_cordifolium_%28cropped%29.jpg
Oxytheca,Polygonaceae,Caryophyllales,0,0,0,0,0.002727273,.,.,.,.,.,.,.,.,About 0% of species are perennial,About 0% of species are woody,About 0% of species are agricultural,radial or bilateral symmetry,mixed mating system,reproduction syndrome,wind-pollinated,low extinction risk,cold climates,small genome,low variation,https://upload.wikimedia.org/wikipedia/commons/6/6f/Oxytheca_perfoliata_2.jpg
Oxytropis,Fabaceae,Fabales,0.510204082,0.12244898,1,0,0.096494845,.,1,1,1,.,.,4.61,.,About 1% of species are perennial,About 0% of species are woody,About 10% of species are agriculturally important,radial,selfing,sexual reproduction,insect-pollinated,low extinction risk,temperate climates,medium genome,moderate variation,https://upload.wikimedia.org/wikipedia/commons/5/5c/Oxytropis_jaquinii.JPG
Ozothamnus,Asteraceae,Asterales,5.882352941,0.470588235,1,1,0.00210989,.,.,.,.,.,.,.,.,About 1% of species are perennial,About 1% of species are woody,About 0% of species are agricultural,radial symmetry,mixed mating system,dioecious reproductive syndrome,wind-pollinated,low extinction risk,cold climates,small genome,low variation,https://upload.wikimedia.org/wikipedia/commons/9/90/Ozothamnus_diosmifolius.jpg
Paederota,Plantaginaceae,Lamiales,0,0,1,0,0.005925926,.,.,.,.,.,.,.,.,About 100% of species are perennial,About 0% of species are woody,About 1% of species are agricultural,radial symmetry,selfing,obligate sexual reproduction,wind-pollinated,low extinction risk,cold climates,small genome,low variation,https://upload.wikimedia.org/wikipedia/commons/e/ec/Paederota_bonarota_PID1143-1.jpg
Paeonia,Paeoniaceae,Saxifragales,0,0,1,0,0,.,1,1,1,.,.,20.28384615,20.29001217,About 1% of species are perennial,About 0% of species are woody,About 0% of species are agricultural,radial,selfing,self-pollinating,insect-pollinated,low extinction risk,temperate climates,large genome,high variation,No image found
Palafoxia,Asteraceae,Asterales,0,0,0,0,0.00210989,.,.,.,.,.,.,.,.,About 0% of species are perennial,About 0% of species are woody,About 0% of species are agriculturally important,radial symmetry,mixed mating system,mixed reproductive syndrome,wind-pollinated,low extinction risk,cold climates,small genome,low variation,https://upload.wikimedia.org/wikipedia/commons/6/6e/Palafoxia_arida_var_arida_2.jpg
Panax,Araliaceae,Apiales,0,0,1,0,0,.,.,.,.,3,.,.,.,About 1% of species are perennial,About 0% of species are woody,About 0% of species are agricultural,radial symmetry,selfing,self-pollination,insect-pollinated,moderate risk,temperate climates,medium genome,moderate variation,https://upload.wikimedia.org/wikipedia/commons/b/b8/Panax_quinquefolius.jpg
Pancratium,Amaryllidaceae,Asparagales,0,0,1,0,0,0,.,.,1,.,.,24.55666667,22.59401148,About 1% of species are perennial,About 0% of species are woody,About 0% of species are agricultural,radial,selfing,inflorescence,wind-pollinated,low extinction risk,temperate climates,large genome,high variation,https://upload.wikimedia.org/wikipedia/commons/c/cf/Pankration_panathenaic_amphora_BM_VaseB610.jpg
Panicum,Poaceae,Poales,0.051264525,0.019480519,0.48,0,0.074314214,1,1,1,0,1.666666667,.,1.8975,29.00157923,About 48% of species are perennial,About 0% of species are woody,About 7% of species are agricultural,radial,selfing,self-pollination,wind-pollinated,moderate risk,temperate climates,small genome,high variation,https://upload.wikimedia.org/wikipedia/commons/7/7a/Panicum_virgatum.jpg
Papaver,Papaveraceae,Ranunculales,0.067340067,0.018181818,0.290909091,0,0,.,1,1,1,.,0.23,3.845,46.03355041,About 29% of species are perennial,About 0% of species are woody,About 0% of species are agricultural,Unknown floral symmetry,Primarily selfing,Unknown reproductive syndrome,Wind-pollinated,Low extinction risk,Cold climates,Medium genome,High variation,https://upload.wikimedia.org/wikipedia/commons/e/ed/Papaver_April_2010-3.jpg
Paradisea,Asparagaceae,Asparagales,0,0,1,0,0,.,.,.,1,.,.,3.725,2.088100562,About 100% of species are perennial,About 0% of species are woody,About 0% of species are agricultural,radial symmetry,selfing,seed-propagated,insect-pollinated,low extinction risk,temperate climates,medium genome,low variation,https://upload.wikimedia.org/wikipedia/commons/5/54/Paradisea.liliastrum.2.JPG
Parapholis,Poaceae,Poales,0,0,0,0,0.074314214,.,1,1,0,.,.,9.08,.,About 0% of species are perennial,About 0% of species are woody,About 7% of species are agricultural,radial,selfing,obligate selfing,wind-pollinated,low extinction risk,cold climates,large genome,low variation,https://upload.wikimedia.org/wikipedia/commons/9/93/Parapholisstrigosa.jpg
Parentucellia,Orobanchaceae,Lamiales,0,0,0,0,0,.,1,1,1,.,.,.,.,About 0% of species are perennial,About 0% of species are woody,About 0% of species are agriculturally important,radial,selfing,sexual reproduction,wind-pollinated,low extinction risk,cold climates,small genome,low variation,https://upload.wikimedia.org/wikipedia/commons/6/64/Parentucellia_viscosa_%28flowers%29.jpg
Parietaria,Urticaceae,Rosales,0,0,0.325,0,0,.,1,0.833333333,0.5,.,.,0.57,.,About 33% of species are perennial,About 0% of species are woody,About 0% of species are agricultural,radial,selfing,dioecious,insect-pollinated,low extinction risk,cold climates,small genome,low variation,https://upload.wikimedia.org/wikipedia/commons/6/67/Parietaria_judaica_000.jpg
Parnassia,Celastraceae,Celastrales,1.818181818,0.090909091,1,0,0,.,1,0.5,1,.,.,1.18,.,About 100% of species are perennial,About 0% of species are woody,About 0% of species are agamic,radial symmetry,selfing,vegetative reproduction,insect-pollinated,low extinction risk,cold climates,small genome,moderate variation,https://upload.wikimedia.org/wikipedia/commons/3/36/DwNorthernGrassofParnassus.jpg
Paronychia,Caryophyllaceae,Caryophyllales,0,0,0.653846154,0,0.001818182,.,1,1,0.666666667,.,.,1.34,.,About 65% of species are perennial,About 0% of species are woody,About 0% of species are agricultural,radial symmetry,mixed mating system,self-pollinating,insect-pollinated,low extinction risk,temperate climates,small genome,low variation,https://upload.wikimedia.org/wikipedia/commons/f/f5/Acute_paronychia_with_pus-filled_abscess_on_finger%2C_photographed_by_Glen_Humble_-_3_September_2011.jpg
Parsonsia,Apocynaceae,Gentianales,0,0,1,1,0.000658617,.,.,.,1,.,.,.,.,About 100% of species are perennial,About 100% of species are woody,About 0% of species are agricultural,radial symmetry,self-compatible,vegetative reproduction,insect-pollinated,low extinction risk,cold climates,small genome,low variation,https://upload.wikimedia.org/wikipedia/commons/6/66/Parsonsia_heterophylla_11.JPG
Parthenium,Asteraceae,Asterales,0,0,0.8,0.285714286,0.00210989,.,.,.,.,.,.,.,.,About 80% of species are perennial,About 29% of species are woody,About 0% of species are agricultural,radial symmetry,mixed mating system,obligate xenogamy,insect-pollinated,low extinction risk,temperate climates,medium genome,low variation,https://upload.wikimedia.org/wikipedia/commons/4/43/Starr_050423-6650_Parthenium_hysterophorus.jpg
Parvisedum,Crassulaceae,Saxifragales,0,0,0,0,0,.,.,.,.,.,.,.,.,About 0% of species are perennial,About 0% of species are woody,About 0% of species are agriculturally important,radial,mixed,Obligate cross-pollination,insect-pollinated,low extinction risk,temperate climates,medium genome,high variation,https://upload.wikimedia.org/wikipedia/commons/1/1c/Sedum_acre_single_-_Niitv%C3%A4lja.jpg
Paspalidium,Poaceae,Poales,0,0,1,0,0.074314214,.,.,.,0,.,.,.,.,About 1% of species are perennial,About 0% of species are woody,About 7% of species are agricultural,radial,selfing,dioecious,wind-pollinated,low extinction risk,cold climates,small genome,low variation,https://upload.wikimedia.org/wikipedia/commons/b/b1/Paspailidium_distans.jpg
Paspalum,Poaceae,Poales,0,0,0.92,0,0.074314214,.,.,.,0.496478873,2.666666667,.,1.232083333,21.52214294,About 92% of species are perennial,About 0% of species are woody,About 7% of species are agricultural,radial symmetry,mixed mating system,self-pollination,insect-pollinated,moderate risk,temperate climates,small genome,high variation,https://upload.wikimedia.org/wikipedia/commons/6/66/Paspalum_distichum_01.jpg
Passiflora,Passifloraceae,Malpighiales,0,0,1,0.6,0.001652893,0,.,.,1,2,0.967,1.7304,21.2334278,About 100% of species are perennial,About 60% of species are woody,About 0% of species are agricultural,radial,Selfing,Autogamy,wind-pollinated,moderate risk,warm climates,small genome,high variation,https://upload.wikimedia.org/wikipedia/commons/e/e5/OQ_Passion_flower.jpg
Pastinaca,Apiaceae,Apiales,0,0,0.25,0,0.003968254,.,1,1,1,.,.,1.73,.,About 25% of species are perennial,About 0% of species are woody,About 0% of species are agricultural,radial,selfing,asexual,wind-pollinated,low extinction risk,cold climates,small genome,low variation,https://upload.wikimedia.org/wikipedia/commons/8/8c/Parsnips-1.jpg
Patersonia,Iridaceae,Asparagales,0,0,1,0,0,.,.,.,.,.,.,.,.,About 100% of species are perennial,About 0% of species are woody,About 0% of species are agricultural,radial symmetry,selfing,wind pollination,wind-pollinated,low extinction risk,cold climates,small genome,low variation,https://upload.wikimedia.org/wikipedia/commons/1/1a/Patersonia_sericea.jpg
Pectis,Asteraceae,Asterales,0,0,0,0,0.00210989,.,.,.,.,.,.,.,.,About 0% of species are perennial,About 0% of species are woody,About 0% of species are agricultural,radial symmetry,selfing,herbaceous perennial,insect-pollinated,low extinction risk,cold climates,small genome,low variation,https://upload.wikimedia.org/wikipedia/commons/8/8d/Pectis_papposa_var_papposa_4.jpg
Pectocarya,Boraginaceae,Boraginales,1.515151515,0.083333333,0,0,0.001824818,.,.,.,.,.,.,.,.,About 0% of species are perennial,About 0% of species are woody,About 0% of species are agricultural,radial symmetry,mixed mating system,asexual reproduction,wind-pollinated,low extinction risk,cold climates,small genome,low variation,https://upload.wikimedia.org/wikipedia/commons/3/33/Pectocarya_recurvata_nutlets.jpg
Pedicularis,Orobanchaceae,Lamiales,0,0,0.957317073,0,0,.,1,1,1,.,0.962,2.84,.,About 96% of species are perennial,About 0% of species are woody,About 0% of species are agricultural,radial symmetry,selfing,abiotic pollination,wind-pollinated,low extinction risk,warm climates,medium genome,moderate variation,https://upload.wikimedia.org/wikipedia/commons/6/6f/Pedicularis_bracteosa_7613.JPG
Pediocactus,Cactaceae,Caryophyllales,0,0,1,1,0,.,.,.,.,.,.,.,.,About 1% of species are perennial,About 1% of species are woody,About 0% of species are annual,radial or bilateral symmetry,mixed mating system,vegetative and sexual reproduction,insect-pollinated,low extinction risk,cold climates,small genome,low variation,https://upload.wikimedia.org/wikipedia/commons/a/a1/Pediocactus_simpsonii.jpg
Pediomelum,Fabaceae,Fabales,0,0,1,0,0.096494845,.,.,.,.,.,.,.,.,About 1% of species are perennial,About 0% of species are woody,About 10% of species are agro,radial,mixed mating system,typical sexual reproduction,insect-pollinated,low extinction risk,temperate climates,small genome,moderate variation,https://upload.wikimedia.org/wikipedia/commons/2/2f/Pediomelum_subacaule_Kaldari_01.jpg
Pelargonium,Geraniaceae,Geraniales,2.197802198,0.142857143,0.96875,0.5,0,0.666666667,.,.,1,4,.,8.1,.,About 97% of species are perennial,About 50% of species are woody,About 0% of species are agricultural,radial,mixed mating system,unassisted selfing,insect-pollinated,high risk,temperate climates,large genome,moderate variation,https://upload.wikimedia.org/wikipedia/commons/0/0d/Pelargonium_cucullatum_Contour_Path_Rhodes_Mem.JPG
Pelea,Rutaceae,Sapindales,0,0,1,1,0.001652893,.,.,.,.,5,.,.,.,About 100% of species are perennial,About 100% of species are woody,About 0% of species are agricultural,radial symmetry,selfing,dioecious,wind-pollinated,high risk,temperate climates,medium genome,moderate variation,No image found
Pellaea,Pteridaceae,Monilophyta,2.857142857,0.2,1,0,0,.,.,.,.,.,.,6.81,.,About 1% of species are perennial,About 0% of species are woody,About 0% of species are agricultural,radial symmetry,selfing,sexual reproduction,insect-pollinated,low extinction risk,temperate climates,medium genome,moderate variation,No image found
Peltaria,Brassicaceae,Brassicales,0,0,1,0,0.00485306,.,.,.,.,.,.,0.763333333,51.43207638,About 100% of species are perennial,About 0% of species are woody,About 0% of species are agriculture,radial symmetry,selfing,self-pollinated,insect-pollinated,low extinction risk,temperate climates,small genome,high variation,https://upload.wikimedia.org/wikipedia/commons/2/2f/Peltaria_alliacea3.JPG
Pennisetum,Poaceae,Poales,0,0,0.875,0,0.074314214,.,.,.,0,.,.,2.121666667,35.48932833,About 88% of species are perennial,About 0% of species are woody,About 7% of species are agroforestry,radial symmetry,mixed mating system,obligate cross-pollination,wind-pollinated,low extinction risk,temperate climates,medium genome,high variation,https://upload.wikimedia.org/wikipedia/commons/7/7f/Cenchrus_longispinus.jpg
Penstemon,Plantaginaceae,Lamiales,0.081371694,0.075268817,1,0.144385027,0.005925926,.,.,.,.,.,.,0.819913043,48.7061693,About 100% of species are perennial,About 14% of species are woody,About 1% of species are cultivated,radial symmetry,mixed mating system,obligate xenogamy,wind-pollinated,low extinction risk,cold climates,small genome,high variation,https://upload.wikimedia.org/wikipedia/commons/2/2d/Penstemon_nitidus_-_Patrick_Alexander_square.jpg
Pentachaeta,Asteraceae,Asterales,0,0,0,0,0.00210989,.,.,.,.,.,.,.,.,About 0% of species are perennial,About 0% of species are woody,About 0% of species are agricultural,unknown,unknown,unknown,unknown,low extinction risk,cold climates,small genome,low variation,https://upload.wikimedia.org/wikipedia/commons/c/c6/Pentachaetalyonii.jpg
Pentagramma,Pteridaceae,Monilophyta,0,0,1,0,0,.,.,.,.,.,.,.,.,About 100% of species are perennial,About 0% of species are woody,About 0% of species are aggregated,radial symmetry,selfing,vegetative reproduction,wind-pollinated,low extinction risk,cold climates,small genome,low variation,https://upload.wikimedia.org/wikipedia/commons/9/97/Pentagramma_triangularis_1.jpg
Peperomia,Piperaceae,Piperales,0,0,0.538461538,0,0.000992556,0,.,.,0.5,2.968085106,.,1.887,52.78756168,About 54% of species are perennial,About 0% of species are woody,About 0% of species are agricultural,radial,mixed mating system,biotic pollination,insect-pollinated,moderate risk,temperate climates,small genome,high variation,https://upload.wikimedia.org/wikipedia/commons/8/83/Peperomia_trifolia_2011-01-17.jpg
Perideridia,Apiaceae,Apiales,0,0,1,0,0.003968254,.,.,.,.,.,.,.,.,About 100% of species are perennial,About 0% of species are woody,About 0% of species are agricultural,radial symmetry,mixed mating system,seed reproduction,insect-pollinated,low extinction risk,temperate climates,small genome,low variation,https://upload.wikimedia.org/wikipedia/commons/f/fe/Perideridiamontana.jpg
Periploca,Apocynaceae,Gentianales,0,0,1,1,0.000658617,0,.,.,1,.,.,0.5,.,About 100% of species are perennial,About 100% of species are woody,About 0% of species are agricultural,radial,unknown,unknown,insect-pollinated,low extinction risk,cold climates,small genome,low variation,No image found
Perityle,Asteraceae,Asterales,0,0,0.833333333,0.25,0.00210989,.,.,.,.,.,.,.,.,About 83% of species are perennial,About 25% of species are woody,About 0% of species are agricultural,radial symmetry,mixed mating system,angiosperm reproduction,insect-pollinated,low extinction risk,temperate climates,medium genome,moderate variation,https://upload.wikimedia.org/wikipedia/commons/c/cd/Perityle_emoryi_flower.jpg
Persicaria,Polygonaceae,Caryophyllales,1.814516129,0.28125,0.375,0,0.002727273,0,1,0.727272727,1,.,.,0.565,33.79094353,About 38% of species are perennial,About 0% of species are woody,About 0% of species are agriculturally important,radial,selfing,seed-dispersal,insect-pollinated,low extinction risk,cold climates,small genome,high variation,https://upload.wikimedia.org/wikipedia/commons/d/dd/Persicaria_capitata_AF_crop.jpg
Persoonia,Proteaceae,Proteales,7.272727273,0.363636364,1,0.916666667,0.000625,.,.,.,.,.,1.135,.,.,About 100% of species are perennial,About 92% of species are woody,About 0% of species are agricultural,radial symmetry,selfing,animal-dispersed,insect-pollinated,low extinction risk,warm climates,medium genome,moderate variation,https://upload.wikimedia.org/wikipedia/commons/0/0d/Persoonia_levis_oatley_2_email.jpg
Petalonyx,Loasaceae,Cornales,0,0,1,1,0,.,.,.,.,.,.,.,.,About 1% of species are perennial,About 1% of species are woody,About 0% of species are cultivated,radial,mixed,self-pollination,insect-pollinated,low extinction risk,cold climates,medium genome,high variation,https://upload.wikimedia.org/wikipedia/commons/2/23/Petalonyx_thurberi.jpg
Petasites,Asteraceae,Asterales,1.169590643,0.105263158,1,0,0.00210989,.,1,0.4,0.916666667,.,.,0.88,.,About 100% of species are perennial,About 0% of species are woody,About 0% of species are agricultural,radial,selfing,self-pollinated,insect-pollinated,low extinction risk,temperate climates,small genome,low variation,https://upload.wikimedia.org/wikipedia/commons/c/c5/Petasites_hybridus_inflorescence_-_Keila.jpg
Petrocoptis,Caryophyllaceae,Caryophyllales,0,0,1,0,0.001818182,.,.,.,.,.,.,.,.,About 100% of species are perennial,About 0% of species are woody,About 0% of species are agricultural,radial symmetry,mixed mating system,self-pollination,wind-pollinated,low extinction risk,cold climates,small genome,low variation,https://upload.wikimedia.org/wikipedia/commons/1/1e/Petrocoptis_glaucifolia_3.jpg
Petrorhagia,Caryophyllaceae,Caryophyllales,0.307692308,0.038461538,0.24,0,0.001818182,.,1,1,1,.,.,0.885,0,About 24% of species are perennial,About 0% of species are woody,About 0% of species are agricultural,radial,selfing,self-pollination,wind-pollinated,low extinction risk,cold climates,small genome,low variation,https://upload.wikimedia.org/wikipedia/commons/6/65/Petrorhagiadubia.jpg
Petroselinum,Apiaceae,Apiales,0,0,0,0,0.003968254,.,1,1,1,.,.,2.568333333,0,About 0% of species are perennial,About 0% of species are woody,About 0% of species are agricultural,radial,selfing,obligate asexual,wind-pollinated,low extinction risk,temperate climates,medium genome,low variation,https://upload.wikimedia.org/wikipedia/commons/2/27/Petroselinum_segetum_1.jpg
Petrosimonia,Amaranthaceae,Caryophyllales,0,0,0,0,0.041463415,.,.,.,.,.,.,.,.,About 0% of species are perennial,About 0% of species are woody,About 4% of species are agricultural,radial symmetry,selfing,wind-pollinated,wind-pollinated,low extinction risk,cold climates,small genome,low variation,https://upload.wikimedia.org/wikipedia/commons/b/b3/Petrosimonia_monandra_as_Polycnemum_monandrum.jpg
Peucedanum,Apiaceae,Apiales,0,0,0.903225806,0,0.003968254,.,1,0.785714286,1,1.833333333,.,3.09,34.72146552,About 90% of species are perennial,About 0% of species are woody,About 0% of species are agricultural,radial,selfing,obligate outcrossing,insect-pollinated,moderate risk,temperate climates,medium genome,high variation,https://upload.wikimedia.org/wikipedia/commons/3/35/Peucedanum_officinale_Ypey46.jpg
Phacelia,Boraginaceae,Boraginales,0.03740835,0.030487805,0.137195122,0,0.001824818,.,1,1,1,.,.,.,.,About 14% of species are perennial,About 0% of species are woody,About 0% of species are cultivated,radial symmetry,selfing,asexual reproduction,wind-pollinated,low extinction risk,temperate climates,small genome,low variation,https://upload.wikimedia.org/wikipedia/commons/f/fb/Phacelia_tanacetifolia_7735.JPG
Phagnalon,Asteraceae,Asterales,20,0.5,1,1,0.00210989,.,.,.,1,.,.,1.1,.,About 100% of species are perennial,About 100% of species are woody,About 0% of species are of agricultural value,radial symmetry,selfing,self-pollination,wind-pollinated,low extinction risk,cold climates,small genome,low variation,https://upload.wikimedia.org/wikipedia/commons/a/a8/Phagnalon_saxatile.JPG
Phalacrocarpum,Asteraceae,Asterales,0,0,1,0,0.00210989,.,.,.,.,.,.,.,.,About 100% of species are perennial,About 0% of species are woody,About 0% of species are agricultural,Radial symmetry,Mixed mating system,Sexual reproduction,Insect-pollinated,Low extinction risk,Temperate climates,Small genome,Low variation,No image found
Phalaris,Poaceae,Poales,0,0,0.394736842,0,0.074314214,.,1,0.833333333,0,.,.,3.637333333,41.76580589,About 39% of species are perennial,About 0% of species are woody,About 7% of species are agricultural,radial symmetry,selfing,primarily vegetative reproduction,wind-pollinated,low extinction risk,temperate climates,medium genome,high variation,No image found
Phaseolus,Fabaceae,Fabales,0,0,0.5,0,0.096494845,.,1,1,1,3.5,0.473,0.824788732,26.86409937,About 50% of species are perennial,About 0% of species are woody,About 10% of species are agriculturally important,radial symmetry,selfing,obligate xenogamy,wind-pollinated,high risk,temperate climates,small genome,high variation,https://upload.wikimedia.org/wikipedia/commons/7/79/Snijboonplanten_Phaseolus_vulgaris.jpg
Phebalium,Rutaceae,Sapindales,0,0,1,1,0.001652893,.,.,.,.,.,.,.,.,About 100% of species are perennial,About 100% of species are woody,About 0% of species are agroforestry,unknown,unknown,unknown,unknown,low extinction risk,unknown,unknown,unknown,https://upload.wikimedia.org/wikipedia/commons/8/89/Phebalium_canaliculatum_%288691863137%29.jpg
Phegopteris,Thelypteridaceae,Monilophyta,0,0,1,0,0,.,0,0.5,.,.,.,7.2,.,About 100% of species are perennial,About 0% of species are woody,About 0% of species are agriculturally important,radial symmetry,selfing,herbaceous perennial,insect-pollinated,low extinction risk,temperate climates,medium genome,moderate variation,https://upload.wikimedia.org/wikipedia/commons/b/b6/Phegopteris_hexagonoptera1.JPG
Phellodendron,Rutaceae,Sapindales,0,0,1,1,0.001652893,.,.,.,.,.,.,.,.,About 100% of species are perennial,About 100% of species are woody,About 0% of species are agricultural,radial symmetry,selfing,seed reproduction,wind-pollinated,low extinction risk,cold climates,small genome,low variation,https://upload.wikimedia.org/wikipedia/commons/0/07/Phellodendron_amurense0.jpg
Phelypaea,Orobanchaceae,Lamiales,0,0,1,0,0,.,.,.,.,.,.,2.675,0,About 100% of species are perennial,About 0% of species are woody,About 0% of species are agricultural,bilateral symmetry,mixed mating system,Generalist reproduction,insect-pollinated,low extinction risk,temperate climates,medium genome,low variation,https://upload.wikimedia.org/wikipedia/commons/6/66/Phelypaea_tournefortii_kz02.jpg
Phemeranthus,Montiaceae,Caryophyllales,0,0,1,0,0,.,.,.,.,.,.,.,.,About 1% of species are perennial,About 0% of species are woody,About 0% of species are agricultural,radial symmetry,selfing,self-pollination,wind-pollinated,low extinction risk,cold climates,small genome,low variation,https://upload.wikimedia.org/wikipedia/commons/c/c1/Phemeranthus_teretifolius_leaves.jpg
Philadelphus,Hydrangeaceae,Cornales,0,0,1,1,0,.,1,1,1,.,.,.,.,About 100% of species are perennial,About 100% of species are woody,About 0% of species are agriculturally important,radial symmetry,selfing,self-pollination,wind-pollinated,low extinction risk,cold climates,small genome,low variation,https://upload.wikimedia.org/wikipedia/commons/b/b1/Philadelphus_Belle_%C3%89toile1a.UME.jpg
Phillyrea,Oleaceae,Lamiales,0,0,1,1,0.003252033,.,.,.,1,.,.,.,.,About 100% of species are perennial,About 100% of species are woody,About 0% of species are agricultural,radial symmetry,selfing,self-pollination,wind-pollinated,low extinction risk,cold climates,small genome,low variation,https://upload.wikimedia.org/wikipedia/commons/2/25/Phillyrea_latifolia2.jpg
Phippsia,Poaceae,Poales,150,0.75,1,0,0.074314214,.,.,.,.,.,.,.,.,About 100% of species are perennial,About 0% of species are woody,About 7% of species are agricultural,radial symmetry,mixed mating system,self-pollinating,insect-pollinated,low extinction risk,temperate climates,medium genome,moderate variation,https://upload.wikimedia.org/wikipedia/commons/e/ef/Phippsia_algida.jpg
Phleum,Poaceae,Poales,0,0,0.625,0,0.074314214,.,1,0.785714286,0,.,.,2.314285714,35.48112136,About 63% of species are perennial,About 0% of species are woody,About 7% of species are used as agricultural crops,radial,mixed mating system,dioecious,wind-pollinated,low extinction risk,temperate climates,medium genome,high variation,https://upload.wikimedia.org/wikipedia/commons/5/56/Timothee_%28Phleum_pratense_subsp._pratense%29.jpg
Phlomis,Lamiaceae,Lamiales,1.098901099,0.071428571,1,0.714285714,0.004320557,.,.,.,1,.,.,.,.,About 100% of species are perennial,About 71% of species are woody,About 0% of species are aggregated,radial symmetry,selfing,self-compatible,wind-pollinated,low extinction risk,temperate climates,small genome,low variation,https://upload.wikimedia.org/wikipedia/commons/f/fd/Phlomis0_KS.jpg
Phlox,Polemoniaceae,Ericales,0.408163265,0.1,0.96,0,0,.,1,0.5,1,.,0.54,.,.,About 96% of species are perennial,About 0% of species are woody,About 0% of species are annual,radial,mixed mating,dioecious,insect-pollinated,low extinction risk,temperate climates,medium genome,moderate variation,https://upload.wikimedia.org/wikipedia/commons/5/5a/Phlox_Paniculata.jpg
Phoenix,Arecaceae,Arecales,0,0,1,1,5.00E-04,0,.,.,.,0.5,.,1.112857143,29.21622912,About 100% of species are perennial,About 100% of species are woody,About 0% of species are agricultural,radial,Unknown mating system,Unknown reproductive syndrome,Unknown pollination syndrome,low extinction risk,cold climates,small genome,high variation,No image found
Pholisma,Boraginaceae,Boraginales,0,0,1,0,0.001824818,.,.,.,.,.,.,.,.,About 1% of species are perennial,About 0% of species are woody,About 0% of species are agricultural,radial symmetry,selfing,obligate self-pollination,wind-pollinated,low extinction risk,cold climates,small genome,low variation,https://upload.wikimedia.org/wikipedia/commons/4/44/Pholismaarenarium.jpg
Pholistoma,Boraginaceae,Boraginales,0,0,0,0,0.001824818,.,.,.,.,.,.,.,.,About 0% of species are perennial,About 0% of species are woody,About 0% of species are agricultural,radial symmetry,mixed mating system,generalist reproduction,wind-pollinated,low extinction risk,cold climates,small genome,low variation,https://upload.wikimedia.org/wikipedia/commons/5/59/Pholistoma_auritum.jpg
Phoradendron,Santalaceae,Santalales,0,0,1,0.666666667,0.002139037,.,.,.,1,2.8,.,.,.,About 100% of species are perennial,About 67% of species are woody,About 0% of species are agricultural,radial symmetry,mixed mating system,wind-pollinated,wind-pollinated,moderate risk,temperate climates,medium genome,moderate variation,https://upload.wikimedia.org/wikipedia/commons/2/2f/Phoradendroncalifornicum2.jpg
Phormium,Xanthorrhoeaceae,Asparagales,0,0,1,1,0,.,.,1,.,.,0.946,0.76,.,About 100% of species are perennial,About 100% of species are woody,About 0% of species are agamic,bilateral,mixed mating system,reproduces sexually,wind-pollinated,low extinction risk,warm climates,small genome,moderate variation,https://upload.wikimedia.org/wikipedia/commons/7/7b/Phormium_tenax_Piha02.jpg
Phyllangium,Loganiaceae,Gentianales,0,0,0,0,0,.,.,.,.,.,.,.,.,About 0% of species are perennial,About 0% of species are woody,About 0% of species are agricultural,radial,selfing,obligate selfing,wind-pollinated,low extinction risk,cold climates,small genome,low variation,No image found
Phyllanthus,Phyllanthaceae,Malpighiales,0,0,0.6,0.333333333,0.002292264,0,.,.,1,2.3125,.,1.146666667,25.23550513,About 60% of species are perennial,About 33% of species are woody,About 0% of species are agricultural,radial,selfing,requires animal pollination,insect-pollinated,moderate risk,temperate climates,small genome,high variation,https://upload.wikimedia.org/wikipedia/commons/c/c9/Phyllanthus_mirabilis5_ies.jpg
Phyllitis,Aspleniaceae,Monilophyta,300,1.5,1,0,0,.,.,.,.,.,.,.,.,About 100% of species are perennial,About 0% of species are woody,About 0% of species are agricultural,radial symmetry,selfing,autogamy,wind-pollinated,low extinction risk,cold climates,small genome,low variation,https://upload.wikimedia.org/wikipedia/commons/4/43/Asplenium_trichomanes_subsp_quadrivalens.jpg
Phyllodoce,Ericaceae,Ericales,0,0,1,1,0,.,.,0.5,1,.,.,.,.,About 100% of species are perennial,About 100% of species are woody,About 0% of species are in agriculture,radial,mixed mating system,asexual reproduction,wind-pollinated,low extinction risk,cold climates,small genome,low variation,No image found
Phyllostachys,Poaceae,Poales,0,0,1,1,0.074314214,.,.,.,.,.,.,2.5,11.3137085,About 1% of species are perennial,About 1% of species are woody,About 7% of species are agricultural,radial symmetry,self-incompatible,dioecious,insect-pollinated,low extinction risk,temperate climates,medium genome,moderate variation,https://upload.wikimedia.org/wikipedia/commons/7/7d/Phyllostachys.jpg
Phyllostegia,Lamiaceae,Lamiales,0.854700855,0.111111111,1,0.111111111,0.004320557,.,.,.,.,4,.,.,.,About 100% of species are perennial,About 11% of species are woody,About 0% of species are agamospermous,radial symmetry,mixed mating system,reproduces sexually,wind-pollinated,high risk,temperate climates,medium genome,moderate variation,https://upload.wikimedia.org/wikipedia/commons/9/91/Phyllostegia_haliakalae.jpg
Phyllota,Fabaceae,Fabales,0,0,1,1,0.096494845,.,.,.,.,.,.,0.94,.,About 100% of species are perennial,About 100% of species are woody,About 10% of species are agricultural,radial symmetry,mixed mating system,obligate xenogamy,wind-pollinated,low extinction risk,cold climates,small genome,low variation,https://upload.wikimedia.org/wikipedia/commons/7/71/Phyllota_phylicoides.jpg
Physalis,Solanaceae,Solanales,0,0,0.627906977,0.0625,0.089837398,0,1,0.5,1,.,.,.,.,About 63% of species are perennial,About 6% of species are woody,About 9% of species are agricultural,radial,selfing,vegetative reproduction,insect-pollinated,low extinction risk,temperate climates,medium genome,moderate variation,https://upload.wikimedia.org/wikipedia/commons/4/47/Starr_061225-2955_Physalis_peruviana.jpg
Physaria,Brassicaceae,Brassicales,0.378787879,0.060606061,0.96969697,0,0.00485306,.,.,.,.,.,.,1.315,85.40728614,About 97% of species are perennial,About 0% of species are woody,About 0% of species are aggressive,radial symmetry,selfing,agamospermy,wind-pollinated,low extinction risk,cold climates,small genome,high variation,https://upload.wikimedia.org/wikipedia/commons/9/94/Physaria_chambersii_5.jpg
Physocarpus,Rosaceae,Rosales,0,0,1,1,0.001060071,.,1,1,1,.,.,0.263333333,10.96234688,About 100% of species are perennial,About 100% of species are woody,About 0% of species are cultivated,radial symmetry,selfing,dioecious,wind-pollinated,low extinction risk,cold climates,small genome,moderate variation,https://upload.wikimedia.org/wikipedia/commons/f/f7/Physocarpus_opulifolius_Arkansas.jpg
Physospermum,Apiaceae,Apiales,0,0,1,0,0.003968254,.,.,.,1,.,.,.,.,About 100% of species are perennial,About 0% of species are woody,About 0% of species are agricultural,radial symmetry,selfing,self-pollinating,wind-pollinated,low extinction risk,cold climates,small genome,low variation,https://upload.wikimedia.org/wikipedia/commons/9/90/Physospermum_sp_SmSo.png
Physostegia,Lamiaceae,Lamiales,33.33333333,0.333333333,1,0,0.004320557,.,.,.,.,.,.,.,.,About 100% of species are perennial,About 0% of species are woody,About 0% of species are agricultural,radial symmetry,selfing,dioecious,wind-pollinated,low extinction risk,temperate climates,small genome,moderate variation,https://upload.wikimedia.org/wikipedia/commons/1/12/Physostegia-virginiana-1-US.jpg
Phyteuma,Campanulaceae,Asterales,0,0,1,0,0,.,1,0.916666667,1,.,.,1.145,0,About 100% of species are perennial,About 0% of species are woody,About 0% of species are agricultural,radial symmetry,selfing,obligate selfing,wind-pollinated,low extinction risk,cold climates,small genome,low variation,https://upload.wikimedia.org/wikipedia/commons/3/35/Phyteuma_globulariifolium.jpg
Phytolacca,Phytolaccaceae,Caryophyllales,0,0,1,0.166666667,0,0,1,1,1,.,.,1.85,40.37371079,About 100% of species are perennial,About 17% of species are woody,About 0% of species are of agricultural significance,radial,mixed mating,obligate sexual reproduction,wind-pollinated,low extinction risk,cold climates,small genome,high variation,https://upload.wikimedia.org/wikipedia/commons/a/aa/Phytolacca_acinosa.JPG
Picea,Pinaceae,Pinophyta,0,0,1,1,0.004761905,.,1,0.833333333,0,0.867647059,0.809863636,16.9924,15.75913537,About 100% of species are perennial,About 100% of species are woody,About 0% of species are agricultural,radial symmetry,self-incompatible,dioecious,wind-pollinated,moderate risk,warm climates,large genome,high variation,https://upload.wikimedia.org/wikipedia/commons/8/81/Picea_abies.jpg
Picradeniopsis,Asteraceae,Asterales,0,0,1,0.5,0.00210989,.,.,.,.,.,.,.,.,About 100% of species are perennial,About 50% of species are woody,About 0% of species are agricultural,radial symmetry,mixed mating system,sexual reproduction,insect-pollinated,low extinction risk,cold climates,small genome,low variation,https://upload.wikimedia.org/wikipedia/commons/4/42/Picradeniopsis_oppositifolia_%284015289311%29.jpg
Picris,Asteraceae,Asterales,0,0,0.323529412,0,0.00210989,0,1,1,1,.,.,1.58,.,About 32% of species are perennial,About 0% of species are woody,About 0% of species are agricultural,radial,selfing,non-apomictic asexual reproduction,wind-pollinated,low extinction risk,temperate climates,small genome,low variation,https://upload.wikimedia.org/wikipedia/commons/0/01/Illustration_Picris_hieracioides0.jpg
Pilea,Urticaceae,Rosales,0,0,0.25,0,0,.,.,.,.,2.458333333,.,.,.,About 25% of species are perennial,About 0% of species are woody,About 0% of species are agricultural,radial symmetry,mixed mating system,vegetative reproduction,insect-pollinated,moderate risk,temperate climates,medium genome,moderate variation,https://upload.wikimedia.org/wikipedia/commons/1/18/Pilea_and_Achudemia.jpg
Pilosella,Asteraceae,Asterales,20,0.5,1,0,0.00210989,.,0.5,0.533898305,1,.,.,4.241276596,23.98793765,About 100% of species are perennial,About 0% of species are woody,About 0% of species are agricultural,radial symmetry,mixed mating system,outcrossing,wind-pollinated,low extinction risk,temperate climates,medium genome,high variation,https://upload.wikimedia.org/wikipedia/commons/6/61/Hieracium_aurantiacum_LC0106.jpg
Pilularia,Marsileaceae,Monilophyta,0,0,1,0,0,.,.,.,.,.,.,.,.,About 1% of species are perennial,About 0% of species are woody,About 0% of species are agamic,radial symmetry,mixed mating system,sexual reproduction,wind-pollinated,low extinction risk,cold climates,small genome,low variation,https://upload.wikimedia.org/wikipedia/commons/c/cd/Pilularia_globulifera_-_Thom%C3%A9.jpg
Pimelea,Thymelaeaceae,Malvales,0,0,0.916666667,0.6875,0.001324503,.,.,.,1,.,.,3.73,.,About 91.67% of species are perennial,About 68.75% of species are woody,About 0.13% of species are agricultural,radial,mixed mating system,obligate xenogamy,wind-pollinated,low extinction risk,temperate climates,medium genome,moderate variation,https://upload.wikimedia.org/wikipedia/commons/0/0a/Pimelea_brevistyla_-_Flickr_-_Kevin_Thiele.jpg
Pimpinella,Apiaceae,Apiales,0,0,0.785714286,0,0.003968254,0,1,1,1,.,.,3.475,31.10989685,About 79% of species are perennial,About 0% of species are woody,About 0% of species are agricultural,radial,mixed mating system,sexual reproduction,wind-pollinated,low extinction risk,temperate climates,medium genome,high variation,https://upload.wikimedia.org/wikipedia/commons/3/3c/Pimpinella_saxifraga_-_K%C3%B6hler%E2%80%93s_Medizinal-Pflanzen-241.jpg
Pinellia,Araceae,Alismatales,0,0,1,0,0.000248447,.,1,0.5,1,.,.,2.37,68.62217708,About 100% of species are perennial,About 0% of species are woody,About 0% of species are agricultural,radial symmetry,selfing,vegetative reproduction,wind-pollinated,low extinction risk,temperate climates,medium genome,high variation,https://upload.wikimedia.org/wikipedia/commons/1/11/Puanh_ghrah.jpg
Pinguicula,Lentibulariaceae,Lamiales,2.5,0.1875,1,0,0,.,1,0.75,0.875,.,.,0.654,19.27656947,About 100% of species are perennial,About 0% of species are woody,About 0% of species are agriculturally important,radial,selfing,likely self-pollinating,insect-pollinated,low extinction risk,cold climates,small genome,high variation,https://upload.wikimedia.org/wikipedia/commons/b/bd/Pinguicula_moranensis.jpg
Pinus,Pinaceae,Pinophyta,0.216216216,0.08,1,1,0.004761905,.,1,1,0,0.417431193,0.888,24.77841155,20.5887203,About 100% of species are perennial,About 100% of species are woody,About 0% of species are agriculturally significant,radial symmetry,selfing,obligate selfing,wind-pollinated,low extinction risk,warm climates,large genome,high variation,https://upload.wikimedia.org/wikipedia/commons/9/99/Pinus_jeffreyi_LassenCA.jpg
Piperia,Orchidaceae,Asparagales,0,0,1,0,0,.,.,.,.,.,.,.,.,About 100% of species are perennial,About 0% of species are woody,About 0% of species are agriculturally important,radial symmetry,selfing,self-pollination,wind-pollinated,low extinction risk,cold climates,small genome,low variation,https://upload.wikimedia.org/wikipedia/commons/0/0f/Jcgamepiperiayadonii.jpeg
Piptatherum,Poaceae,Poales,0,0,1,0,0.074314214,.,.,.,0,.,.,.,.,About 1% of species are perennial,About 0% of species are woody,About 7% of species are cultivated,radial or bilateral symmetry,mixed mating system,typically sexual reproduction,wind-pollinated,low extinction risk,temperate climates,small genome,low variation,https://upload.wikimedia.org/wikipedia/commons/3/3e/Piptatherum_paradoxum.jpg
Pipturus,Urticaceae,Rosales,0,0,1,1,0,.,.,.,.,2,.,.,.,About 1% of species are perennial,About 1% of species are woody,About 0% of species are agricultural,radial,selfing,obligate outcrossing,wind-pollinated,moderate risk,temperate climates,medium genome,moderate variation,https://upload.wikimedia.org/wikipedia/commons/d/d8/Starr_061108-9756_Pipturus_albidus.jpg
Pisonia,Nyctaginaceae,Caryophyllales,0,0,1,1,0.005063291,.,.,.,.,3,.,.,.,About 100% of species are perennial,About 100% of species are woody,About 0% of species are agricultural,radial or bilateral symmetry,mixed mating system,sexual reproduction,insect-pollinated,moderate risk,temperate climates,medium genome,moderate variation,https://upload.wikimedia.org/wikipedia/commons/6/60/PisoniaBrunoniana2.jpg
Pistacia,Anacardiaceae,Sapindales,16.66666667,0.25,1,1,0.002030457,.,.,.,0.5,1,.,0.616666667,9.22093087,About 100% of species are perennial,About 100% of species are woody,About 0% of species are agricultural,radial symmetry,mixed mating system,seed reproduction,insect-pollinated,moderate risk,cold climates,small genome,moderate variation,https://upload.wikimedia.org/wikipedia/commons/5/56/Pistacia_lentiscus_%28male_flowers%29.jpg
Pistia,Araceae,Alismatales,0,0,1,0,0.000248447,0,.,.,.,.,.,0.295,0,About 100% of species are perennial,About 0% of species are woody,About 0% of species are agricultural,radial,Unknown mating system,Unknown reproductive syndrome,Unknown pollination syndrome,low extinction risk,cold climates,small genome,low variation,https://upload.wikimedia.org/wikipedia/commons/9/97/Pistia_stratiotes0.jpg
Pistorinia,Crassulaceae,Saxifragales,0,0,0,0,0,.,.,.,.,.,.,.,.,About 0% of species are perennial,About 0% of species are woody,About 0% of species are agricultural,radial,mixed,generalist reproduction,wind-pollinated,low extinction risk,temperate climates,small genome,low variation,https://upload.wikimedia.org/wikipedia/commons/e/e3/Pistorinia_1_sp.JPG
Pittosporum,Pittosporaceae,Apiales,2.333333333,0.28,1,1,0.005,0,.,1,1,2.21875,.,0.535,19.82542377,About 100% of species are perennial,About 100% of species are woody,About 1% of species are agricultural,radial,selfing,self-pollination,wind-pollinated,moderate risk,temperate climates,small genome,high variation,https://upload.wikimedia.org/wikipedia/commons/e/e3/Pittosporum_heterophyllum.jpg
Pityrogramma,Pteridaceae,Monilophyta,100,0.5,1,0,0,.,.,.,.,.,.,.,.,About 1% of species are perennial,About 0% of species are woody,About 0% of species are agricultural,radial,mixed mating system,reproductive syndrome,wind-pollinated,low extinction risk,cold climates,small genome,low variation,https://upload.wikimedia.org/wikipedia/commons/3/38/Pityrogramma_sulphurea_-_Botanischer_Garten%2C_Dresden%2C_Germany_-_DSC08795.JPG
Plagiobothrys,Boraginaceae,Boraginales,0,0,0.057692308,0,0.001824818,.,.,.,.,.,.,.,.,About 6% of species are perennial,About 0% of species are woody,About 0% of species are agamospermous,radial symmetry,mixed mating system,typical sexual reproduction,insect-pollinated,low extinction risk,temperate climates,medium genome,moderate variation,https://upload.wikimedia.org/wikipedia/commons/e/ef/Plagiobothrys_jonesii_2.jpg
Plantago,Plantaginaceae,Lamiales,0.131967086,0.074561404,0.595284872,0.021929825,0.005925926,.,1,0.944444444,0.35,2,0.576,1.101212121,41.18528627,About 60% of species are perennial,About 2% of species are woody,About 1% of species are agricultural,radial,selfing,obligate asexual reproduction,insect-pollinated,moderate risk,temperate climates,small genome,high variation,https://upload.wikimedia.org/wikipedia/commons/6/6e/Plantago_major.jpg
Platanthera,Orchidaceae,Asparagales,1.333333333,0.16,1,0,0,.,1,1,1,2.125,.,8.895,16.65690819,About 1% of species are perennial,About 0% of species are woody,About 0% of species are agroforestry,radial,selfing,autotrophic,wind-pollinated,moderate risk,temperate climates,large genome,high variation,https://upload.wikimedia.org/wikipedia/commons/f/f4/Platanthera_bifolia_%28flower%29.jpg
Platycapnos,Papaveraceae,Ranunculales,0,0,0,0,0,.,.,.,.,.,.,.,.,About 0% of species are perennial,About 0% of species are woody,About 0% of species are agricultural,radial symmetry,selfing,obligate self-pollination,wind-pollinated,low extinction risk,cold climates,small genome,low variation,https://upload.wikimedia.org/wikipedia/commons/e/e0/Platycapnos_tenuiloba_%28habitus%29.jpg
Platycerium,Polypodiaceae,Monilophyta,0,0,1,0,0,.,.,.,.,.,.,.,.,About 100% of species are perennial,About 0% of species are woody,About 0% of species are agricultural,radial symmetry,selfing,self-pollination facilitated,wind-pollinated,low extinction risk,cold climates,small genome,low variation,https://upload.wikimedia.org/wikipedia/commons/1/12/Platycerium_bifurcatum.jpg
Platydesma,Rutaceae,Sapindales,0,0,1,1,0.001652893,.,.,.,.,3,.,.,.,About 100% of species are perennial,About 100% of species are woody,About 0% of species are agamic,radial symmetry,selfing,sexual reproduction,wind-pollinated,moderate risk,temperate climates,medium genome,moderate variation,No image found
Platylobium,Fabaceae,Fabales,0,0,1,0.75,0.096494845,.,.,.,.,.,.,.,.,About 1% of species are perennial,About 75% of species are woody,About 10% of species are agricultural,radial,mixed mating system,dioecious,wind-pollinated,low extinction risk,temperate climates,medium genome,moderate variation,https://upload.wikimedia.org/wikipedia/commons/4/46/Platylobium_%281803-1808%3F%29_by_Lewin.jpg
Platysace,Apiaceae,Apiales,0,0,1,0.333333333,0.003968254,.,.,.,.,.,.,.,.,About 100% of species are perennial,About 33% of species are woody,About 0% of species are agricultural,radial symmetry,mixed mating system,biotic pollination,insect-pollinated,low extinction risk,temperate climates,medium genome,moderate variation,https://upload.wikimedia.org/wikipedia/commons/6/6c/Platysace_lanceolata.jpg
Plectranthus,Lamiaceae,Lamiales,0,0,1,0.2,0.004320557,1,.,.,.,2,.,1.73,.,About 100% of species are perennial,About 20% of species are woody,About 0% of species are agricultural,radial,Unknown mating system,Unknown reproductive syndrome,Unknown pollination syndrome,moderate risk,Unknown average temperature,small genome,Low variation,https://upload.wikimedia.org/wikipedia/commons/1/17/Plectranthus_fruticans0.jpg
Pleioblastus,Poaceae,Poales,0,0,1,1,0.074314214,.,.,.,.,.,.,.,.,About 100% of species are perennial,About 100% of species are woody,About 7% of species are agricultural,radial symmetry,mixed mating system,likely insect-pollinated,insect-pollinated,low extinction risk,cold climates,small genome,moderate variation,https://upload.wikimedia.org/wikipedia/commons/7/7e/Pleioblastus_gramineus1.jpg
Pleomele,Asparagaceae,Asparagales,0,0,1,1,0,.,.,.,.,2.6,.,.,.,About 100% of species are perennial,About 100% of species are woody,About 0% of species are agriculturally important,radial symmetry,selfing,dioecious,wind-pollinated,moderate risk,temperate climates,medium genome,moderate variation,No image found
Pleuraphis,Poaceae,Poales,0,0,1,0,0.074314214,.,.,.,.,.,.,.,.,About 1% of species are perennial,About 0% of species are woody,About 7% of species are agro,radial symmetry,mixed mating system,obligate outcrossing,insect-pollinated,low extinction risk,cold climates,small genome,low variation,https://upload.wikimedia.org/wikipedia/commons/b/bd/Hilaria_rigida.jpg
Pleuropogon,Poaceae,Poales,0,0,0.166666667,0,0.074314214,.,.,.,.,.,.,.,.,About 17% of species are perennial,About 0% of species are woody,About 7% of species are cultivated,radial symmetry,mixed mating system,generalist reproduction,insect-pollinated,low extinction risk,temperate climates,medium genome,moderate variation,https://upload.wikimedia.org/wikipedia/commons/8/88/Pleuropogoncalifornicus.jpg
Pleurospermum,Apiaceae,Apiales,0,0,0.5,0,0.003968254,.,1,1,1,.,.,.,.,About 50% of species are perennial,About 0% of species are woody,About 0% of species are agricultural,radial,selfing,obligate asexual,wind-pollinated,low extinction risk,temperate climates,small genome,low variation,https://upload.wikimedia.org/wikipedia/commons/8/8e/Pleurospermum_uralense_1.JPG
Pluchea,Asteraceae,Asterales,2.222222222,0.1,0.6,0.4,0.00210989,0,.,.,.,3.5,.,.,.,About 60% of species are perennial,About 40% of species are woody,About 0% of species are agricultural,radial,Unknown mating system,Unknown reproductive syndrome,Unknown pollination syndrome,high risk,temperate climates,medium genome,moderate variation,https://upload.wikimedia.org/wikipedia/commons/1/10/Starr_080208-2543_Pluchea_carolinensis.jpg
Pneumatopteris,Thelypteridaceae,Monilophyta,0,0,1,0,0,.,.,.,.,.,.,.,.,About 1% of species are perennial,About 0% of species are woody,About 0% of species are agricultural,radial,selfing,dioecious,wind-pollinated,low extinction risk,cold climates,small genome,low variation,No image found
Poa,Poaceae,Poales,0.116245278,0.107526882,0.9,0,0.074314214,.,0.805555556,0.526315789,0,0,.,3.399130435,77.20493915,About 90% of species are perennial,About 0% of species are woody,About 7% of species are aggregated,radial,self-incompatible,seed dispersal by abiotic agents,wind-pollinated,low extinction risk,temperate climates,medium genome,high variation,https://upload.wikimedia.org/wikipedia/commons/7/77/Poa_annua.jpg
Podolepis,Asteraceae,Asterales,0,0,0.666666667,0,0.00210989,.,.,.,1,.,.,.,.,About 67% of species are perennial,About 0% of species are woody,About 0% of species are agriculturally important,radial,mixed mating system,sexual reproduction,wind-pollinated,moderate risk,temperate climates,medium genome,moderate variation,https://upload.wikimedia.org/wikipedia/commons/e/e8/Showy_copper_wire_daisy_Podolepis_jaceoides_%288249067498%29.jpg
Podolobium,Fabaceae,Fabales,0,0,1,1,0.096494845,.,.,.,.,.,.,.,.,About 1% of species are perennial,About 1% of species are woody,About 10% of species are agriculturally important,radial,selfing,animal-dispersed,insect-pollinated,low extinction risk,temperate climates,small genome,moderate variation,https://upload.wikimedia.org/wikipedia/commons/3/39/Podolobium_alpestre.jpg
Pogogyne,Lamiaceae,Lamiales,0,0,0,0,0.004320557,.,.,.,.,.,.,.,.,About 0% of species are perennial,About 0% of species are woody,About 0% of species are agroforestry,radial,selfing,autotrophic,wind-pollinated,low extinction risk,cold climates,small genome,low variation,https://upload.wikimedia.org/wikipedia/commons/e/e9/Sandiegomesamint.jpg
Polanisia,Cleomaceae,Brassicales,0,0,0,0,0.006666667,.,.,.,.,.,.,.,.,About 0% of species are perennial,About 0% of species are woody,About 1% of species are agricultural,radial,selfing,self-pollination,wind-pollinated,low extinction risk,cold climates,small genome,low variation,https://upload.wikimedia.org/wikipedia/commons/f/f5/Polanisia_dodecandra1.jpg
Polemonium,Polemoniaceae,Ericales,0,0,0.916666667,0,0,.,1,1,1,.,.,.,.,About 92% of species are perennial,About 0% of species are woody,About 0% of species are agricultural,radial symmetry,selfing,obligate xenogamy,insect-pollinated,low extinction risk,cold climates,small genome,low variation,https://upload.wikimedia.org/wikipedia/commons/3/32/Polemonium_reptans_2009.jpg
Polycarpon,Caryophyllaceae,Caryophyllales,0,0,0.25,0,0.001818182,.,1,1,0.5,.,.,.,.,About 25% of species are perennial,About 0% of species are woody,About 0% of species are agricultural,radial symmetry,selfing,self-pollination,insect-pollinated,low extinction risk,temperate climates,medium genome,low variation,https://upload.wikimedia.org/wikipedia/commons/7/79/Starr_080415-4001_Polycarpon_tetraphyllum.jpg
Polycnemum,Amaranthaceae,Caryophyllales,0,0,0,0,0.041463415,.,1,1,1,.,.,.,.,About 0% of species are perennial,About 0% of species are woody,About 4% of species are agricultural,radial,selfing,normal,wind-pollinated,low extinction risk,temperate climates,small genome,low variation,https://upload.wikimedia.org/wikipedia/commons/b/b2/Polycnemum_arvense_Sturm.png
Polyctenium,Brassicaceae,Brassicales,0,0,1,0,0.00485306,.,.,.,.,.,.,.,.,About 100% of species are perennial,About 0% of species are woody,About 0% of species are agricultural,radial symmetry,mixed mating system,sexual reproduction,wind-pollinated,low extinction risk,cold climates,small genome,low variation,https://upload.wikimedia.org/wikipedia/commons/f/f5/MDF_Polyctenium_fremontii_01.jpg
Polygala,Polygalaceae,Fabales,0.090456807,0.029850746,0.892857143,0.171641791,0.001913876,1,1,0.875,1,3.5,.,0.671111111,59.60355442,About 89% of species are perennial,About 17% of species are woody,About 0% of species are cultivated,radial,mixed mating system,parthenocarpic fruit development,wind-pollinated,high risk,temperate climates,small genome,high variation,https://upload.wikimedia.org/wikipedia/commons/3/32/Polygala_vulgaris_290504.jpg
Polygonatum,Asparagaceae,Asparagales,3.636363636,0.181818182,1,0,0,.,1,0.5,1,.,.,12.98875,57.05023578,About 100% of species are perennial,About 0% of species are woody,About 0% of species are agriculturally important,radial,selfing,Obligate self-pollination,insect-pollinated,low extinction risk,warm climates,large genome,high variation,https://upload.wikimedia.org/wikipedia/commons/f/f1/Polygonatum_multiflorum2_ies.jpg
Polygonum,Polygonaceae,Caryophyllales,0.02920774,0.024096386,0.33984375,0.03125,0.002727273,.,1,1,1,4,.,0.72,26.46188734,About 34% of species are perennial,About 3% of species are woody,About 0% of species are agricultural,radial symmetry,selfing,herbaceous perennial,wind-pollinated,high risk,temperate climates,small genome,high variation,https://upload.wikimedia.org/wikipedia/commons/7/78/Polygonum_aviculare_4.JPG
Polymnia,Asteraceae,Asterales,0,0,1,0,0.00210989,.,.,.,.,.,.,.,.,About 1% of species are perennial,About 0% of species are woody,About 0% of species are agricultural,radial symmetry,mixed mating system,unspecialized reproduction,insect-pollinated,low extinction risk,cold climates,small genome,low variation,https://upload.wikimedia.org/wikipedia/commons/0/0f/Polymnia_canadensis_BB-1913.png
Polypodium,Polypodiaceae,Monilophyta,6.666666667,0.5,1,0,0,.,1,0.5,1,1.6,.,14.15444444,27.11387166,About 100% of species are perennial,About 0% of species are woody,About 0% of species are agricultural,radial symmetry,selfing,seed dispersal by animals,insect-pollinated,moderate risk,temperate climates,large genome,high variation,https://upload.wikimedia.org/wikipedia/commons/8/8d/Polypodium_vulgare_%28aka%29.jpg
Polypogon,Poaceae,Poales,1.960784314,0.166666667,0.526315789,0,0.074314214,.,1,1,0,.,.,.,.,About 53% of species are perennial,About 0% of species are woody,About 7% of species are agricultural,radial symmetry,selfing,obligate sexual reproduction,wind-pollinated,low extinction risk,temperate climates,small genome,moderate variation,https://upload.wikimedia.org/wikipedia/commons/0/00/Starr_990514-0703_Polypogon_interruptus.jpg
Polyscias,Araliaceae,Apiales,0,0,1,1,0,.,.,.,.,3.045454545,.,.,.,About 100% of species are perennial,About 100% of species are woody,About 0% of species are of agricultural importance,"The floral symmetry is unknown, but likely radial or bilateral","The mating system is not specified, likely selfing or mixed","Reproductive syndrome is not specified, likely common reproductive strategies","Pollination syndrome is not specified, likely insect or wind-pollinated",high risk,"The average temperature is not specified, likely temperate climates","The C-value is not specified, likely medium genome size","The CV of C-value is not specified, likely moderate variation",https://upload.wikimedia.org/wikipedia/commons/0/0c/Polyscias.jpg
Polystichum,Dryopteridaceae,Monilophyta,4.666666667,0.56,1,0,0,.,1,1,.,2.5,.,7.75,.,About 100% of species are perennial,About 0% of species are woody,About 0% of species are agricultural,radial,selfing,autotrophic,insect-pollinated,moderate risk,temperate climates,medium genome,moderate variation,https://upload.wikimedia.org/wikipedia/commons/5/57/Polystichum_setiferum0.jpg
Pomaderris,Rhamnaceae,Rosales,0.168067227,0.028571429,1,1,0.004444444,.,.,.,.,0.5,.,.,.,About 100% of species are perennial,About 100% of species are woody,About 0% of species are agriculturally important,radial symmetry,selfing,dioecious,wind-pollinated,low extinction risk,temperate climates,small genome,low variation,https://upload.wikimedia.org/wikipedia/commons/3/31/Pomaderris_vellea.jpg
Populus,Salicaceae,Malpighiales,2.43902439,0.5,1,0.8,0,.,1,0.916666667,0,1.9,.,0.488333333,6.131957592,About 100% of species are perennial,About 80% of species are woody,About 0% of species are agricultural,radial,selfing,obligate self-pollination,wind-pollinated,moderate risk,cold climates,small genome,moderate variation,https://upload.wikimedia.org/wikipedia/commons/3/34/Lapo_gyslos.jpeg
Poranthera,Phyllanthaceae,Malpighiales,0,0,0.5,0.5,0.002292264,.,.,.,.,.,.,.,.,About 50% of species are perennial,About 50% of species are woody,About 0% of species are agricultural,radial symmetry,mixed mating system,sexual reproduction,insect-pollinated,low extinction risk,temperate climates,medium genome,moderate variation,https://upload.wikimedia.org/wikipedia/commons/3/36/Poranthera_microphylla_BalukWillam100106-0679hi.jpg
Porophyllum,Asteraceae,Asterales,0,0,1,0.5,0.00210989,.,.,.,1,.,.,.,.,About 100% of species are perennial,About 50% of species are woody,About 0% of species are agricultural,radial symmetry,mixed mating system,unclear reproductive syndrome,wind-pollinated,low extinction risk,cold climates,small genome,low variation,https://upload.wikimedia.org/wikipedia/commons/3/3f/Porophyllum_gracile_5.jpg
Portulaca,Portulacaceae,Caryophyllales,0,0,0.333333333,0,0.007594937,0,1,1,1,2.666666667,.,1.68,.,About 33% of species are perennial,About 0% of species are woody,About 1% of species are agriculturally important,radial,selfing,generalist,wind-pollinated,moderate risk,temperate climates,small genome,moderate variation,https://upload.wikimedia.org/wikipedia/commons/0/0f/Pink_Portulaca_Flower.jpg
Potamogeton,Potamogetonaceae,Alismatales,0.610483042,0.424285714,1,0,0,0,1,0.4375,0,.,.,0.53,.,About 100% of species are perennial,About 0% of species are woody,About 0% of species are agricultural,radial,selfing,autotrophic,wind-pollinated,low extinction risk,cold climates,small genome,low variation,https://upload.wikimedia.org/wikipedia/commons/b/bb/PotamogetonPerfoliatus2.jpg
Potentilla,Rosaceae,Rosales,0.163203816,0.145251397,0.924447865,0.021506533,0.001060071,.,0.625,0.766666667,1,.,.,0.982857143,57.2891878,About 92% of species are perennial,About 2% of species are woody,About 0% of species are agricultural,radial symmetry,mixed mating system,autotrophic reproduction,wind-pollinated,low extinction risk,cold climates,small genome,high variation,https://upload.wikimedia.org/wikipedia/commons/f/fa/Potentilla_reptans_beauvais-carriere-bracheux_60_20062008_1.jpg
Prasophyllum,Orchidaceae,Asparagales,0.229885057,0.033333333,1,0,0,.,.,.,.,.,.,.,.,About 100% of species are perennial,About 0% of species are woody,About 0% of species are agricultural,radial or bilateral symmetry,mixed mating system,sexual reproduction,insect-pollinated,low extinction risk,temperate climates,small genome,low variation,https://upload.wikimedia.org/wikipedia/commons/a/ae/Prasophyllum_petilum_-_cropped.jpg
Pratia,Campanulaceae,Asterales,0,0,1,0,0,.,.,.,.,.,.,.,.,About 1% of species are perennial,About 0% of species are woody,About 0% of species are agricultural,radial symmetry,selfing,generalist,wind-pollinated,low extinction risk,cold climates,small genome,low variation,https://upload.wikimedia.org/wikipedia/commons/b/bc/Pratia_nummularia.jpg
Prenanthes,Asteraceae,Asterales,2.222222222,0.1,1,0,0.00210989,.,1,0.5,1,3,.,.,.,About 100% of species are perennial,About 0% of species are woody,About 0% of species are agriculturally important,radial,selfing,obligate selfing,wind-pollinated,moderate risk,temperate climates,medium genome,moderate variation,https://upload.wikimedia.org/wikipedia/commons/0/0a/Prenanthes_purpurea_%28Hasenlattich%29_IMG_1123.jpg
Primula,Primulaceae,Ericales,0.784313725,0.196078431,1,0,0,.,1,0.583333333,1,.,0.852,0.508,1.980768878,About 100% of species are perennial,About 0% of species are woody,About 0% of species are agricultural,radial symmetry,selfing,intermediate reproductive syndrome,insect-pollinated,low extinction risk,warm climates,small genome,low variation,https://upload.wikimedia.org/wikipedia/commons/a/ad/Prole%C4%87no_cve%C4%87e_3.JPG
Pritchardia,Arecaceae,Arecales,0,0,1,1,5.00E-04,.,.,.,.,3.25,.,.,.,About 100% of species are perennial,About 100% of species are woody,About 0% of species are agamospermous,radial symmetry,selfing,obligate selfing,wind-pollinated,high risk,temperate climates,medium genome,moderate variation,https://upload.wikimedia.org/wikipedia/commons/1/11/Pritchardia_flowers.jpg
Proboscidea,Martyniaceae,Lamiales,0,0,0.25,0,0,.,.,.,.,.,.,0.49,.,About 25% of species are perennial,About 0% of species are woody,About 0% of species are agricultural,radial,mixed mating system,typical reproductive syndrome,insect-pollinated,low extinction risk,cold climates,small genome,low variation,https://upload.wikimedia.org/wikipedia/commons/1/1a/Elephant_Diversity.jpg
Procopiania,Boraginaceae,Boraginales,0,0,1,0,0.001824818,.,.,.,.,.,.,.,.,About 100% of species are perennial,About 0% of species are woody,About 0% of species are agricultural,radial symmetry,self-compatible,dioecious,wind-pollinated,low extinction risk,cold climates,small genome,low variation,No image found
Proserpinaca,Haloragaceae,Saxifragales,100,0.5,1,0,0,.,.,.,.,.,.,.,.,About 100% of species are perennial,About 0% of species are woody,About 0% of species are agricultural,radial symmetry,mixed mating system,generalist reproduction,wind-pollinated,low extinction risk,temperate climates,medium genome,moderate variation,https://upload.wikimedia.org/wikipedia/commons/0/0e/Proserpinaca_pectinata_Tennessee.jpg
Prosopis,Fabaceae,Fabales,3.571428571,0.125,1,1,0.096494845,0,.,.,.,0.7,0.845857143,0.663076923,45.26093701,About 100% of species are perennial,About 100% of species are woody,About 10% of species are agamospermous,radial,Unknown mating system,Unknown reproductive syndrome,Unknown pollination syndrome,low extinction risk,warm climates,small genome,high variation,https://upload.wikimedia.org/wikipedia/commons/6/6d/Khejri.jpg
Prostanthera,Lamiaceae,Lamiales,2.339181287,0.210526316,1,0.973684211,0.004320557,.,.,.,.,.,.,.,.,About 1% of species are perennial,About 97% of species are woody,About 0% of species are agricultural,Radial symmetry,Mixed mating system,Generalist reproductive syndrome,Wind-pollinated,Low extinction risk,Temperate climates,Medium genome,Moderate variation,https://upload.wikimedia.org/wikipedia/commons/9/94/Prostanthera_althoferi-Kevin_Thiele-Flickr.jpg
Prunella,Lamiaceae,Lamiales,2.222222222,0.1,1,0,0.004320557,.,1,0.666666667,1,.,.,0.65,0,About 100% of species are perennial,About 0% of species are woody,About 0% of species are agricultural,radial symmetry,selfing,moderate seed dispersal,wind-pollinated,low extinction risk,cold climates,small genome,low variation,No image found
Prunus,Rosaceae,Rosales,0.240891298,0.097560976,1,1,0.001060071,0,1,0.892857143,1,1.730769231,0.803,0.733225806,134.3402965,About 100% of species are perennial,About 100% of species are woody,About 0% of species are agriculturally important,radial,mixed mating,typically pollinated by animals,insect-pollinated,moderate risk,warm climates,small genome,high variation,https://upload.wikimedia.org/wikipedia/commons/5/57/Fr%C3%BChling_bl%C3%BChender_Kirschenbaum.jpg
Psathyrotes,Asteraceae,Asterales,0,0,0.2,0.2,0.00210989,.,.,.,.,.,.,.,.,About 20% of species are perennial,About 20% of species are woody,About 0.21% of species are agricultural,Unknown floral symmetry,Unknown mating system,Unknown reproductive syndrome,Unknown pollination syndrome,Low extinction risk,Cold climates,Small genome,Low variation,https://upload.wikimedia.org/wikipedia/commons/4/44/Psathyrotes_ramosissima_%281%29.jpg
Pseudanthus,Picrodendraceae,Malpighiales,0,0,1,1,0,.,.,.,.,.,.,.,.,About 100% of species are perennial,About 100% of species are woody,About 0% of species are agricultural,radial symmetry,selfing,self-compatible,wind-pollinated,low extinction risk,cold climates,small genome,low variation,https://upload.wikimedia.org/wikipedia/commons/3/30/Pseudanthus_pimeleoides.jpg
Pseudarrhenatherum,Poaceae,Poales,0,0,1,0,0.074314214,.,.,.,.,.,.,.,.,About 1% of species are perennial,About 0% of species are woody,About 7% of species are agriculturally important,radial symmetry,obligately selfing,self-pollinated,wind-pollinated,low extinction risk,temperate climates,small genome,low variation,https://upload.wikimedia.org/wikipedia/commons/7/70/Arrhenatherum_elatius_inflorescence.jpg
Pseudobahia,Asteraceae,Asterales,0,0,0,0,0.00210989,.,.,.,.,.,.,.,.,About 0% of species are perennial,About 0% of species are woody,About 0% of species are agricultural,radial,mixed mating system,vegetative reproduction,wind-pollinated,low extinction risk,temperate climates,small genome,low variation,https://upload.wikimedia.org/wikipedia/commons/9/97/Pseudobahia_peirsonii_-8768_%2825026172026%29.jpg
Pseudofumaria,Papaveraceae,Ranunculales,0,0,1,0,0,.,1,0.75,1,.,.,0.63,.,About 100% of species are perennial,About 0% of species are woody,About 0% of species are agricultural,radial symmetry,mixed mating system,likely self-pollinating or with a tendency towards self-pollination,insect-pollinated,low extinction risk,cold climates,small genome,low variation,https://upload.wikimedia.org/wikipedia/commons/5/59/Pseudofumaria_alba.jpg
Pseudoraphis,Poaceae,Poales,0,0,0.75,0,0.074314214,.,.,.,.,.,.,.,.,About 75% of species are perennial,About 0% of species are woody,About 7% of species are agricultural,radial symmetry,mixed mating system,typical sexual reproduction,insect-pollinated,low extinction risk,temperate climates,medium genome,moderate variation,https://upload.wikimedia.org/wikipedia/commons/5/52/Pseudoraphis_spinescens.jpg
Pseudorchis,Orchidaceae,Asparagales,0,0,1,0,0,.,1,1,1,.,.,.,.,About 100% of species are perennial,About 0% of species are woody,About 0% of species are agricultural,radial symmetry,selfing,self-pollination,insect-pollinated,low extinction risk,cold climates,small genome,low variation,https://upload.wikimedia.org/wikipedia/commons/2/25/Pseudorchis_albida_250708.jpg
Pseudorlaya,Apiaceae,Apiales,0,0,0,0,0.003968254,.,.,.,.,.,.,.,.,About 0% of species are perennial,About 0% of species are woody,About 0% of species are aggregate,radial,selfing,obligate selfing,wind-pollinated,low extinction risk,cold climates,small genome,low variation,https://upload.wikimedia.org/wikipedia/commons/9/98/Daucus_carota0.jpg
Pseudotsuga,Pinaceae,Pinophyta,0,0,1,1,0.004761905,.,1,1,0,1.125,0.925,18.325,0,About 100% of species are perennial,About 100% of species are woody,About 0% of species are agricultural,radial symmetry,selfing,asexual reproduction,wind-pollinated,moderate risk,warm climates,large genome,low variation,https://upload.wikimedia.org/wikipedia/commons/8/8f/Pseudotsuga_menziesii_28236.JPG
Psidium,Myrtaceae,Myrtales,0,0,1,1,0.003243243,0,.,.,1,2.571428571,.,0.47,16.93239204,About 100% of species are perennial,About 100% of species are woody,About 0% of species are annual or herbaceous perennial,radial,mixed mating system,mixed mating system,insect-pollinated,moderate risk,temperate climates,small genome,high variation,https://upload.wikimedia.org/wikipedia/commons/5/5d/Starr_020803-0117_Psidium_guajava.jpg
Psilocarphus,Asteraceae,Asterales,0,0,0,0,0.00210989,.,.,.,.,.,.,.,.,About 0% of species are perennial,About 0% of species are woody,About 0% of species are agricultural,radial symmetry,selfing,reproduces sexually,wind-pollinated,low extinction risk,cold climates,small genome,low variation,https://upload.wikimedia.org/wikipedia/commons/2/22/Psilocarphusbrevissimus.jpg
Psilostrophe,Asteraceae,Asterales,0,0,0.666666667,0.166666667,0.00210989,.,.,.,.,.,.,.,.,About 67% of species are perennial,About 17% of species are woody,About 0% of species are agricultural,radial,mixed,biotic pollination,insect-pollinated,moderate risk,temperate climates,medium genome,moderate variation,https://upload.wikimedia.org/wikipedia/commons/6/6a/Psilostrophe_cooperi_2.jpg
Psilotum,Psilotaceae,Monilophyta,100,0.5,1,0,0,.,.,.,.,.,.,72.68,.,About 1% of species are perennial,About 0% of species are woody,About 0% of species are agricultural,radial symmetry,selfing,self-pollination,wind-pollinated,low extinction risk,warm climates,large genome,low variation,https://upload.wikimedia.org/wikipedia/commons/0/0d/Psilotum.jpg
Psoralea,Fabaceae,Fabales,0,0,1,0,0.096494845,.,.,.,1,.,.,.,.,About 1% of species are perennial,About 0% of species are woody,About 10% of species are agricultural,radial,mixed mating system,animal-dispersed seeds,insect-pollinated,low extinction risk,temperate climates,small genome,moderate variation,https://upload.wikimedia.org/wikipedia/commons/0/07/Psoralea_pinnata_Cape_Town_5.JPG
Psoralidium,Fabaceae,Fabales,0,0,1,0,0.096494845,.,.,.,.,.,.,.,.,About 1% of species are perennial,About 0% of species are woody,About 10% of species are agricultural,radial symmetry,mixed mating system,reproduction by seed,insect-pollinated,low extinction risk,cold climates,small genome,low variation,https://upload.wikimedia.org/wikipedia/commons/2/2f/Pediomelum_subacaule_Kaldari_01.jpg
Psorothamnus,Fabaceae,Fabales,0,0,1,1,0.096494845,.,.,.,.,.,.,.,.,About 1% of species are perennial,About 1% of species are woody,About 10% of species are agricultural,radial symmetry,mixed mating system,seed dispersal by animals,wind-pollinated,low extinction risk,cold climates,small genome,low variation,https://upload.wikimedia.org/wikipedia/commons/f/f6/Psorothamnus_fremontii_2.jpg
Psychotria,Rubiaceae,Gentianales,7.272727273,0.363636364,1,1,6.00E-04,0,.,.,1,2.507936508,0.7185,.,.,About 100% of species are perennial,About 100% of species are woody,About 0% of species are agricultural,radial,selfing,wind-pollinated,wind-pollinated,moderate risk,warm climates,medium genome,low variation,https://upload.wikimedia.org/wikipedia/commons/d/dd/Psychotria_punctata.jpg
Pteralyxia,Apocynaceae,Gentianales,0,0,1,1,0.000658617,.,.,.,.,2.5,.,.,.,About 100% of species are perennial,About 100% of species are woody,About 0% of species are agricultural,radial symmetry,self-incompatible,seed reproduction,insect-pollinated,moderate risk,temperate climates,medium genome,moderate variation,No image found
Pteris,Pteridaceae,Monilophyta,0,0,1,0,0,.,.,.,.,4,.,.,.,About 1% of species are perennial,About 0% of species are woody,About 0% of species are agricultural,bilateral,selfing,insect pollination,insect-pollinated,high risk,temperate climates,medium genome,moderate variation,https://upload.wikimedia.org/wikipedia/commons/b/b9/Pteris_vittata.jpg
Pterocephalus,Caprifoliaceae,Dipsacales,0,0,0.5,0,0,.,.,.,.,.,.,1.71,2.481076425,About 50% of species are perennial,About 0% of species are woody,About 0% of species are agriculturally important,radial or bilateral symmetry,mixed mating system,sexual reproduction,wind-pollinated,low extinction risk,cold climates,small genome,low variation,https://upload.wikimedia.org/wikipedia/commons/e/e6/Pterocephalus_porphyranthus.jpg
Pterostylis,Orchidaceae,Asparagales,0.226244344,0.057692308,1,0,0,.,.,.,.,.,.,.,.,About 1% of species are perennial,About 0% of species are woody,About 0% of species are agroforestry,Unknown floral symmetry,Unknown mating system,Unknown reproductive syndrome,Unknown pollination syndrome,Low extinction risk,Unknown average temperature,Small genome,Low variation,https://upload.wikimedia.org/wikipedia/commons/3/38/Pterostylis_coccinea_270903.jpg
Ptilostemon,Asteraceae,Asterales,0,0,0.777777778,0.222222222,0.00210989,.,.,.,.,.,.,.,.,About 78% of species are perennial,About 22% of species are woody,About 0% of species are agricultural,radial,mixed mating,outcrossing,insect-pollinated,moderate risk,temperate climates,medium genome,moderate variation,https://upload.wikimedia.org/wikipedia/commons/4/49/Cirsium_diacanthum1.jpg
Ptilotrichum,Brassicaceae,Brassicales,0,0,1,0.666666667,0.00485306,.,.,.,.,.,.,1.445,79.76360231,About 100% of species are perennial,About 67% of species are woody,About 0% of species are agricultural,radial symmetry,obligate selfing,wind pollination,wind-pollinated,low extinction risk,cold climates,small genome,high variation,https://upload.wikimedia.org/wikipedia/commons/a/ae/Ptilotrichum_canescens_41537005.jpg
Ptilotus,Amaranthaceae,Caryophyllales,0,0,1,0,0.041463415,.,.,.,1,.,.,3.35,.,About 100% of species are perennial,About 0% of species are woody,About 4% of species are cultivated,radial symmetry,selfing,self-pollination,wind-pollinated,low extinction risk,temperate climates,medium genome,moderate variation,https://upload.wikimedia.org/wikipedia/commons/f/f3/Ptilotus_rotundifolius.jpg
Puccinellia,Poaceae,Poales,0.522648084,0.107142857,0.798882682,0,0.074314214,.,1,0.666666667,0,.,.,3.556666667,44.4612679,About 80% of species are perennial,About 0% of species are woody,About 7% of species are agricultural,radial symmetry,mixed mating system,seed reproduction,wind-pollinated,low extinction risk,temperate climates,medium genome,high variation,https://upload.wikimedia.org/wikipedia/commons/6/64/Puccinellia_distans.jpeg
Pulicaria,Asteraceae,Asterales,0,0,0.428571429,0,0.00210989,0,1,0.75,1,1.142857143,.,.,.,About 43% of species are perennial,About 0% of species are woody,About 0% of species are agricultural,radial,selfing,autopolyploid,wind-pollinated,moderate risk,temperate climates,medium genome,moderate variation,https://upload.wikimedia.org/wikipedia/commons/c/c0/Pulicaria_dysenterica0.jpg
Pulmonaria,Boraginaceae,Boraginales,0.584795322,0.052631579,1,0,0.001824818,.,1,0.5,1,.,.,1.745,12.56178236,About 100% of species are perennial,About 0% of species are woody,About 0% of species are agricultural,radial symmetry,selfing,likely insect-pollinated,insect-pollinated,low extinction risk,temperate climates,small genome,moderate variation,https://upload.wikimedia.org/wikipedia/commons/7/71/Pulmonaria_officinalis_800.jpg
Pulsatilla,Ranunculaceae,Ranunculales,0,0,1,0,0,.,.,.,.,.,.,8.825,71.7122458,About 1% of species are perennial,About 0% of species are woody,About 0% of species are agricultural,radial or bilateral symmetry,mixed mating system,sexual reproduction,insect-pollinated,low extinction risk,warm climates,large genome,high variation,https://upload.wikimedia.org/wikipedia/commons/b/bd/Pasque_Flower_%28Pulsatilla_vulgaris%29_%2817022184800%29.jpg
Pultenaea,Fabaceae,Fabales,0.340136054,0.081632653,1,0.918367347,0.096494845,.,.,.,.,.,.,1.65,79.71021897,About 1% of species are perennial,About 92% of species are woody,About 10% of species are aggregated,radial symmetry,mixed mating system,herbaceous perennial reproductive syndrome,insect-pollinated,low extinction risk,temperate climates,small genome,high variation,https://upload.wikimedia.org/wikipedia/commons/8/80/Pultenaea_daphnoides.jpg
Purshia,Rosaceae,Rosales,33.33333333,0.5,1,1,0.001060071,.,.,.,.,.,.,.,.,About 100% of species are perennial,About 100% of species are woody,About 0% of species are agroeconomic,radial symmetry,selfing,self-pollinating,wind-pollinated,low extinction risk,cold climates,small genome,low variation,https://upload.wikimedia.org/wikipedia/commons/4/4a/Purshia_stansburiana_2.jpg
Pycnanthemum,Lamiaceae,Lamiales,0,0,1,0,0.004320557,.,.,.,.,.,.,.,.,About 100% of species are perennial,About 0% of species are woody,About 0% of species are agriculturally important,Unknown floral symmetry,Unknown mating system,Unknown reproductive syndrome,Unknown pollination syndrome,Low extinction risk,Unknown average temperature climate,Unknown genome size,Unknown genome size variation,https://upload.wikimedia.org/wikipedia/commons/b/b9/Pycnanthemum_muticum_heds_and_bracts_001.JPG
Pycnosorus,Asteraceae,Asterales,0,0,0.333333333,0,0.00210989,.,.,.,1,.,.,.,.,About 33% of species are perennial,About 0% of species are woody,About 0% of species are agricultural,radial,mixed mating system,generalist reproductive syndrome,wind-pollinated,low extinction risk,cold climates,small genome,low variation,https://upload.wikimedia.org/wikipedia/commons/5/5c/Pycnosorus_globosus_flowerhead1_%2817796565360%29.jpg
Pycreus,Cyperaceae,Poales,0,0,0.25,0,0.00045977,1,1,1,0,.,.,.,.,About 25% of species are perennial,About 0% of species are woody,About 0% of species are agricultural,radial,selfing,generalist reproduction,wind-pollinated,low extinction risk,cold climates,small genome,low variation,https://upload.wikimedia.org/wikipedia/commons/9/9b/Cyperus_diffusus1.jpg
Pyracantha,Rosaceae,Rosales,0,0,1,1,0.001060071,0,.,.,1,3,.,0.725,0,About 100% of species are perennial,About 100% of species are woody,About 0% of species are agricultural,radial,selfing,autogamous,wind-pollinated,moderate risk,cold climates,small genome,low variation,https://upload.wikimedia.org/wikipedia/commons/5/56/Red_pommes_of_Firethorn_%28Pyracantha%29.jpg
Pyrola,Ericaceae,Ericales,0,0,1,0,0,.,1,0.5,1,.,.,.,.,About 1% of species are perennial,About 0% of species are woody,About 0% of species are agricultural,radial symmetry,selfing,moderate reproductive syndrome,insect-pollinated,low extinction risk,cold climates,small genome,low variation,https://upload.wikimedia.org/wikipedia/commons/0/0d/DwPinkwintergreen.jpg
Pyrrhopappus,Asteraceae,Asterales,0,0,0.5,0,0.00210989,.,.,.,.,.,.,6.465,4.046860155,About 50% of species are perennial,About 0% of species are woody,About 0% of species are agricultural,radial symmetry,self-incompatible,outcrossing with insect pollination,insect-pollinated,low extinction risk,temperate climates,medium genome,low variation,https://upload.wikimedia.org/wikipedia/commons/a/ad/Pyrrhopappus_Multicaulis.jpg
Pyrrocoma,Asteraceae,Asterales,0,0,1,0,0.00210989,.,.,.,.,.,.,.,.,About 100% of species are perennial,About 0% of species are woody,About 0% of species are agricultural,unknown,unknown,unknown,unknown,low extinction risk,unknown,unknown,unknown,https://upload.wikimedia.org/wikipedia/commons/2/25/Haplopappus_croceus1.jpg
Pyrularia,Santalaceae,Santalales,0,0,1,1,0.002139037,.,.,.,.,.,.,.,.,About 100% of species are perennial,About 100% of species are woody,About 0% of species are agricultural,Unknown floral symmetry,Unknown mating system,Unknown reproductive syndrome,Unknown pollination syndrome,Low extinction risk,Cold climates,Small genome,Low variation,https://upload.wikimedia.org/wikipedia/commons/2/29/Pyrularia_pubera_BB-1913.png
Pyrus,Rosaceae,Rosales,0.952380952,0.066666667,1,1,0.001060071,.,1,1,1,2.071428571,.,0.626,11.53870036,About 100% of species are perennial,About 100% of species are woody,About 0% of species are agricultural,radial symmetry,selfing,self-pollination,insect-pollinated,moderate risk,temperate climates,small genome,moderate variation,https://upload.wikimedia.org/wikipedia/commons/c/cf/Pears.jpg
Quercus,Fagaceae,Fagales,1.865203762,0.811363636,1,1,0.001492537,.,1,1,0.181818182,1.650943396,0.985,0.906086957,6.938221254,About 100% of species are perennial,About 100% of species are woody,About 0% of species are of agricultural importance,radial symmetry,selfing,seed reproduction,insect-pollinated,moderate risk,warm climates,small genome,moderate variation,https://upload.wikimedia.org/wikipedia/commons/a/af/Quercus_robur.jpg
Rafinesquia,Asteraceae,Asterales,0,0,0,0,0.00210989,.,.,.,.,.,.,.,.,About 0% of species are perennial,About 0% of species are woody,About 0% of species are agamic,radial,mixed mating system,agamospermy,wind-pollinated,low extinction risk,cold climates,small genome,low variation,https://upload.wikimedia.org/wikipedia/commons/0/00/Rafinesquia_neomexicana_2.jpg
Raillardella,Asteraceae,Asterales,33.33333333,0.333333333,1,0,0.00210989,.,.,.,.,.,.,.,.,About 100% of species are perennial,About 0% of species are woody,About 0% of species are agricultural,radial,mixed mating system,Obligate xenogamy,insect-pollinated,low extinction risk,cold climates,small genome,low variation,https://upload.wikimedia.org/wikipedia/commons/8/85/Raillardella_pringlei_JEPS109963_%284498890108%29.jpg
Raillardiopsis,Asteraceae,Asterales,0,0,1,0,0.00210989,.,.,.,.,.,.,.,.,About 100% of species are perennial,About 0% of species are woody,About 0% of species are agricultural,radial or bilateral symmetry,mixed mating system,sexual reproduction,wind-pollinated,low extinction risk,cold climates,small genome,low variation,https://upload.wikimedia.org/wikipedia/commons/thumb/3/38/Anisocarpus_madioides.jpg/2592px-Anisocarpus_madioides.jpg
Ramonda,Gesneriaceae,Lamiales,0,0,1,0,0,.,.,.,.,.,.,2.842857143,52.44090889,About 1% of species are perennial,About 0% of species are woody,About 0% of species are agricultural,radial or bilateral symmetry,mixed mating system,reproduces sexually,insect-pollinated,low extinction risk,temperate climates,medium genome,high variation,No image found
Ranunculus,Ranunculaceae,Ranunculales,0.044003432,0.066225166,0.774545455,0,0,0,0.707317073,0.552941176,1,.,.,6.890787402,59.76966564,About 77% of species are perennial,About 0% of species are woody,About 0% of species are of agricultural importance,radial,mixed mating system,reproductive syndrome with moderate autogamy,wind-pollinated,low extinction risk,temperate climates,medium genome,high variation,https://upload.wikimedia.org/wikipedia/commons/d/d9/Ranunculus_eschscholtzii.jpg
Raphanus,Brassicaceae,Brassicales,3.636363636,0.181818182,0.090909091,0,0.00485306,.,1,1,1,.,.,0.664444444,0,About 9% of species are perennial,About 0% of species are woody,About 0% of species are aggregated,radial symmetry,selfing,dioecious,wind-pollinated,low extinction risk,cold climates,small genome,low variation,https://upload.wikimedia.org/wikipedia/commons/4/41/Radieschen.jpg
Rapistrum,Brassicaceae,Brassicales,0,0,0.25,0,0.00485306,.,1,1,1,.,.,.,.,About 25% of species are perennial,About 0% of species are woody,About 0% of species are agricultural,radial symmetry,selfing,obligate xenogamy,wind-pollinated,low extinction risk,temperate climates,small genome,low variation,https://upload.wikimedia.org/wikipedia/commons/e/e8/Bolletjesraket_19-05-2006_12.28.38.JPG
Ratibida,Asteraceae,Asterales,0,0,1,0,0.00210989,.,.,.,.,.,.,.,.,About 100% of species are perennial,About 0% of species are woody,About 0% of species are agricultural,Unknown floral symmetry,Unknown mating system,Unknown reproductive syndrome,Unknown pollination syndrome,Unknown extinction risk,Unknown climate type,Unknown genome size,Unknown genome variation,https://upload.wikimedia.org/wikipedia/commons/c/c2/Mexican_Hats_%28Ratibida_columnifera%29.jpg
Reichardia,Asteraceae,Asterales,0,0,0.583333333,0,0.00210989,.,.,.,1,.,.,1.7725,32.08754675,About 58% of species are perennial,About 0% of species are woody,About 0% of species are agriculturally important,radial symmetry,mixed mating system,seed reproduction,insect-pollinated,low extinction risk,temperate climates,small genome,high variation,https://upload.wikimedia.org/wikipedia/commons/7/7c/Reichardia_gaditana_1.JPG
Remya,Asteraceae,Asterales,0,0,1,1,0.00210989,.,.,.,.,.,.,.,.,About 100% of species are perennial,About 100% of species are woody,About 0% of species are agricultural,radial symmetry,mixed mating system,typical angiosperm reproduction,insect-pollinated,low extinction risk,cold climates,small genome,low variation,No image found
Reseda,Resedaceae,Brassicales,0,0,0.378787879,0,0.026666667,.,1,1,1,0,.,0.43,26.31095,About 38% of species are perennial,About 0% of species are woody,About 3% of species are agricultural,radial symmetry,obligate selfing,obligate selfing,wind-pollinated,low extinction risk,cold climates,small genome,high variation,No image found
Restio,Restionaceae,Poales,0,0,1,0,0,.,.,.,.,.,.,.,.,About 1% of species are perennial,About 0% of species are woody,About 0% of species are agricultural,radial symmetry,selfing,dioecious,wind-pollinated,low extinction risk,cold climates,small genome,low variation,https://upload.wikimedia.org/wikipedia/commons/0/07/Restio_quadratus.jpg
Reynoutria,Polygonaceae,Caryophyllales,16.66666667,0.25,1,0,0.002727273,.,1,0,1,.,.,2.573,31.87624101,About 100% of species are perennial,About 0% of species are woody,About 0% of species are agricultural,radial,mixed mating,vegetative reproduction,insect-pollinated,low extinction risk,temperate climates,medium genome,high variation,https://upload.wikimedia.org/wikipedia/commons/7/74/Reynoutria_japonica_MdE_2.jpg
Rhagodia,Amaranthaceae,Caryophyllales,0,0,1,0,0.041463415,.,.,.,0,.,.,.,.,About 100% of species are perennial,About 0% of species are woody,About 4% of species are agricultural,radial,selfing,dioecious,wind-pollinated,low extinction risk,temperate climates,small genome,moderate variation,https://upload.wikimedia.org/wikipedia/commons/7/77/Chenopodium_berlandieri_NPS-1.jpg
Rhamnus,Rhamnaceae,Rosales,0.189393939,0.03030303,1,1,0.004444444,.,1,1,0.833333333,0.875,.,0.581428571,58.19081508,About 100% of species are perennial,About 100% of species are woody,About 0% of species are agriculturally important,radial symmetry,selfing,apomixis,insect-pollinated,low extinction risk,cold climates,small genome,high variation,No image found
Rheum,Polygonaceae,Caryophyllales,0,0,1,0,0.002727273,.,1,0.5,1,.,.,.,.,About 100% of species are perennial,About 0% of species are woody,About 0% of species are agricultural,radial,selfing,parthenogenesis,insect-pollinated,low extinction risk,temperate climates,small genome,low variation,https://upload.wikimedia.org/wikipedia/commons/b/bc/Cat_eyes_rheum_001.jpg
Rhexia,Melastomataceae,Myrtales,0,0,1,0,0,.,.,.,.,.,.,.,.,About 100% of species are perennial,About 0% of species are woody,About 0% of species are cultivated,radial symmetry,selfing,animal-pollinated,insect-pollinated,low extinction risk,temperate climates,small genome,moderate variation,https://upload.wikimedia.org/wikipedia/commons/b/b2/Pale_Meadow_Beauty_%28Rhexia_mariana%29_%287339568326%29.jpg
Rhinanthus,Orobanchaceae,Lamiales,0,0,0,0,0,.,1,1,1,.,.,3.5,18.1827458,About 0% of species are perennial,About 0% of species are woody,About 0% of species are agricultural,radial,selfing,outcrossing,wind-pollinated,low extinction risk,temperate climates,medium genome,high variation,https://upload.wikimedia.org/wikipedia/commons/4/43/Yellow-rattle_close_700.jpg
Rhodanthe,Asteraceae,Asterales,0,0,0.1,0,0.00210989,.,.,.,1,.,.,.,.,About 10% of species are perennial,About 0% of species are woody,About 0% of species are agriculturally important,radial symmetry,mixed mating system,sexual reproduction,wind-pollinated,low extinction risk,cold climates,small genome,low variation,https://upload.wikimedia.org/wikipedia/commons/9/97/Mangle%27s_Sunray_%28Rhodanthe_manglesii%29%2C_North_Stirlings%2C_Western_Australia_2.jpg
Rhodiola,Crassulaceae,Saxifragales,0,0,1,0,0,.,.,.,.,.,0.728,.,.,About 100% of species are perennial,About 0% of species are woody,About 0% of species are agricultural,radial symmetry,selfing,autotrophic,wind-pollinated,low extinction risk,warm climates,medium genome,moderate variation,https://upload.wikimedia.org/wikipedia/commons/3/3f/Rhodiola_heterodonta.jpg
Rhododendron,Ericaceae,Ericales,0,0,1,1,0,.,1,0.9,0.875,2.045454545,0.8,.,.,About 100% of species are perennial,About 100% of species are woody,About 0% of species are agricultural,bilateral,selfing,obligate xenogamy,insect-pollinated,moderate risk,warm climates,medium genome,moderate variation,https://upload.wikimedia.org/wikipedia/commons/e/e0/Alpenroos.jpg
Rhus,Anacardiaceae,Sapindales,1.470588235,0.117647059,1,1,0.002030457,0,1,0.5,0.75,1.416666667,.,.,.,About 100% of species are perennial,About 100% of species are woody,About 0% of species are agricultural,radial,selfing,dioecious,insect-pollinated,moderate risk,temperate climates,medium genome,moderate variation,https://upload.wikimedia.org/wikipedia/commons/a/aa/SumacFruit.JPG
Rhynchosinapis,Brassicaceae,Brassicales,0,0,0.5,0,0.00485306,.,.,.,.,.,.,.,.,About 50% of species are perennial,About 0% of species are woody,About 0% of species are agricultural,radial symmetry,mixed mating system,sexual reproduction,insect-pollinated,low extinction risk,temperate climates,medium genome,moderate variation,No image found
Rhynchospora,Cyperaceae,Poales,0,0,1,0,0.00045977,.,1,0.5,0.489130435,.,.,.,.,About 100% of species are perennial,About 0% of species are woody,About 0% of species are agricultural,radial,mixed mating,generalist reproduction,insect-pollinated,low extinction risk,temperate climates,small genome,moderate variation,https://upload.wikimedia.org/wikipedia/commons/e/ee/Rhynchospora_fascicularis.jpg
Rhytidosporum,Pittosporaceae,Apiales,0,0,1,0,0.005,.,.,.,.,.,.,.,.,About 100% of species are perennial,About 0% of species are woody,About 0.5% of species are agricultural,Unknown floral symmetry,Unknown mating system,Unknown reproductive syndrome,Unknown pollination syndrome,Low extinction risk,Unknown temperature average,Unknown C value,Unknown CV C value,https://upload.wikimedia.org/wikipedia/commons/e/e9/Rhytidosporum_procumbens.jpg
Ribes,Grossulariaceae,Saxifragales,0.088157508,0.036144578,1,1,0,.,1,0.875,1,2.4,.,0.886,21.39414262,About 100% of species are perennial,About 100% of species are woody,About 0% of species are agricultural,radial,selfing,reproduces sexually,insect-pollinated,moderate risk,temperate climates,small genome,high variation,https://upload.wikimedia.org/wikipedia/commons/4/4c/Ribes_divaricatum_5391.JPG
Richea,Ericaceae,Ericales,0,0,1,1,0,.,.,.,.,.,.,.,.,About 100% of species are perennial,About 100% of species are woody,About 0% of species are herbaceous,radial symmetry,mixed mating system,standard reproductive syndrome,insect-pollinated,low extinction risk,cold climates,small genome,low variation,https://upload.wikimedia.org/wikipedia/commons/6/60/Richea_pandanifolia.jpg
Ricotia,Brassicaceae,Brassicales,0,0,0.5,0,0.00485306,.,.,.,.,.,.,.,.,About 50% of species are perennial,About 0% of species are woody,About 0% of species are agamic,radial symmetry,mixed mating system,Obligate sexual reproduction,insect-pollinated,low extinction risk,temperate climates,small genome,moderate variation,https://upload.wikimedia.org/wikipedia/commons/6/63/Ricotia_Lunaria.jpg
Rindera,Boraginaceae,Boraginales,0,0,1,0,0.001824818,.,.,.,.,.,.,.,.,About 100% of species are perennial,About 0% of species are woody,About 0% of species are agricultural,radial symmetry,selfing,self-pollination,wind-pollinated,low extinction risk,cold climates,small genome,low variation,https://upload.wikimedia.org/wikipedia/commons/f/fa/Rindera_umbellata_%28Waldst._%26_Kit.%29_Bunge_DSC_3814.jpg
Robinia,Fabaceae,Fabales,0,0,1,1,0.096494845,.,1,0.5,1,.,0.8,0.695,0,About 1% of species are perennial,About 1% of species are woody,About 10% of species are agricultural,radial,selfing,vegetative reproduction,insect-pollinated,low extinction risk,warm climates,small genome,low variation,https://upload.wikimedia.org/wikipedia/commons/8/86/Robina9146.JPG
Rollandia,Campanulaceae,Asterales,3.571428571,0.125,1,0.75,0,.,.,.,.,.,.,.,.,About 100% of species are perennial,About 75% of species are woody,About 0% of species are agricultural,radial symmetry,mixed mating system,typical insect pollination,insect-pollinated,low extinction risk,temperate climates,small genome,low variation,No image found
Romanzoffia,Boraginaceae,Boraginales,0,0,1,0,0.001824818,.,.,.,.,.,.,.,.,About 100% of species are perennial,About 0% of species are woody,About 0% of species are agricultural,radial symmetry,selfing,self-pollinating,wind-pollinated,low extinction risk,cold climates,small genome,low variation,https://upload.wikimedia.org/wikipedia/commons/a/a8/Romanzoffiasitchensis.jpg
Romneya,Papaveraceae,Ranunculales,0,0,1,1,0,.,.,.,.,.,.,.,.,About 100% of species are perennial,About 100% of species are woody,About 0% of species are agricultural,radial symmetry,mixed mating system,dioecious,wind-pollinated,low extinction risk,cold climates,small genome,low variation,https://upload.wikimedia.org/wikipedia/commons/9/99/Matilija_poppy_closeup.jpg
Romulea,Iridaceae,Asparagales,2.197802198,0.142857143,1,0,0,0,.,.,1,.,.,.,.,About 100% of species are perennial,About 0% of species are woody,About 0% of species are cultivated,radial,selfing,vegetative reproduction,wind-pollinated,low extinction risk,cold climates,small genome,low variation,https://upload.wikimedia.org/wikipedia/commons/3/32/Romulea_bulbocodium_1.jpg
Rorippa,Brassicaceae,Brassicales,0.951877314,0.290322581,0.656341928,0,0.00485306,.,1,0.571428571,1,.,.,0.62,0,About 66% of species are perennial,About 0% of species are woody,About 0% of species are agricultural,radial,selfing, Dioecious,wind-pollinated,low extinction risk,cold climates,small genome,low variation,https://upload.wikimedia.org/wikipedia/commons/c/cd/Rorippa_amphibia.jpg
Rosa,Rosaceae,Rosales,1.171624714,0.667826087,1,1,0.001060071,0,1,0.759259259,1,.,.,0.785,42.40715109,About 1% of species are perennial,About 1% of species are woody,About 0% of species are agricultural,radial,mixed,obligate xenogamy,wind-pollinated,low extinction risk,cold climates,small genome,high variation,No image found
Rosmarinus,Lamiaceae,Lamiales,0,0,1,1,0.004320557,1,.,.,1,.,.,.,.,About 100% of species are perennial,About 100% of species are woody,About 0% of species are agamospermous,radial,Mixed mating system,Sexual reproduction,insect-pollinated,low extinction risk,cold climates,small genome,low variation,https://upload.wikimedia.org/wikipedia/commons/3/35/Rosemary_%28390002797%29.jpg
Rostraria,Poaceae,Poales,0,0,0,0,0.074314214,.,.,.,0,.,.,.,.,About 0% of species are perennial,About 0% of species are woody,About 7% of species are agricultural,radial symmetry,mixed mating system,self-pollination,wind-pollinated,low extinction risk,cold climates,small genome,low variation,https://upload.wikimedia.org/wikipedia/commons/1/1f/Rostraria_smyrnacea_1.JPG
Rotala,Lythraceae,Myrtales,0,0,0,0,0,0,.,.,.,.,.,.,.,About 0% of species are perennial,About 0% of species are woody,About 0% of species are agricultural,radial,selfing,reproduces through seeds,wind-pollinated,low extinction risk,cold climates,small genome,low variation,No image found
Rubia,Rubiaceae,Gentianales,0,0,1,0,6.00E-04,.,.,.,1,.,.,2.76,.,About 100% of species are perennial,About 0% of species are woody,About 0% of species are agricultural,radial symmetry,selfing,self-pollinating,insect-pollinated,low extinction risk,temperate climates,medium genome,moderate variation,https://upload.wikimedia.org/wikipedia/commons/b/b1/Rubia_tinctorum_002.JPG
Rubus,Rosaceae,Rosales,0.06483085,0.181850534,1,0.911931818,0.001060071,0,0.504885993,0.498381877,1,2,.,0.371851852,57.24598553,About 100% of species are perennial,About 91% of species are woody,About 0% of species are agricultural,radial,mixed mating system,obligate outcrossing,wind-pollinated,moderate risk,cold climates,small genome,high variation,https://upload.wikimedia.org/wikipedia/commons/2/23/-2020-09-23_Blackberrys%2C_Coast_Path%2C_Trimingham.JPG
Rudbeckia,Asteraceae,Asterales,0,0,0.903252711,0,0.00210989,.,1,0.75,1,.,.,9.05,45.87296954,About 90% of species are perennial,About 0% of species are woody,About 0% of species are agricultural,radial symmetry,selfing,likely insect-pollinated,insect-pollinated,low extinction risk,warm climates,large genome,high variation,https://upload.wikimedia.org/wikipedia/commons/e/e5/Rudbeckia_hirta_flower_closeup.jpg
Ruellia,Acanthaceae,Lamiales,0,0,1,0,0.000857143,0,.,.,1,0.8,.,.,.,About 100% of species are perennial,About 0% of species are woody,About 0% of species are agricultural,radial,mixed mating system,obligate xenogamy,wind-pollinated,low extinction risk,temperate climates,small genome,low variation,https://upload.wikimedia.org/wikipedia/commons/6/69/Ruella_tuberosa_in_Hyderabad%2C_AP_W_IMG_6628.jpg
Rulingia,Malvaceae,Malvales,0,0,1,1,0.006153846,.,.,.,.,.,.,.,.,About 100% of species are perennial,About 100% of species are woody,About 1% of species are agricultural,radial symmetry,selfing,dioecious,wind-pollinated,low extinction risk,cold climates,small genome,low variation,No image found
Rumex,Polygonaceae,Caryophyllales,0.593395253,0.450980392,0.846491228,0.019607843,0.002727273,.,1,0.891304348,0.392857143,2,.,2.809285714,54.30804791,About 85% of species are perennial,About 2% of species are woody,About 0% of species are agricultural,bilateral symmetry,mixed mating system,vegetative reproduction is common,insect-pollinated,moderate risk,temperate climates,medium genome,high variation,https://upload.wikimedia.org/wikipedia/commons/c/cb/Rumex_X_patientia_Sturm55.jpg
Rupertia,Fabaceae,Fabales,0,0,1,0,0.096494845,.,.,.,.,.,.,.,.,About 100% of species are perennial,About 0% of species are woody,About 10% of species are agricultural,radial,selfing,seed-propagated,wind-pollinated,low extinction risk,temperate climates,medium genome,moderate variation,https://upload.wikimedia.org/wikipedia/commons/a/a0/Rupertiaphysodes.jpg
Ruppia,Ruppiaceae,Alismatales,0,0,0.8,0,0,.,1,0.5,0.25,.,.,2.33,.,About 80% of species are perennial,About 0% of species are woody,About 0% of species are grown agriculturally,radial symmetry,mixed mating system,vegetative reproduction,wind-pollinated,low extinction risk,temperate climates,medium genome,moderate variation,https://upload.wikimedia.org/wikipedia/commons/c/cc/Ruppia_rostellata-brachypus-spiralis_nf.jpg
Ruscus,Asparagaceae,Asparagales,10,0.2,1,0.4,0,.,.,.,1,.,.,8.944,8.947780981,About 1% of species are perennial,About 40% of species are woody,About 0% of species are agricultural,radial symmetry,selfing,wind-pollinated,wind-pollinated,low extinction risk,temperate climates,large genome,moderate variation,https://upload.wikimedia.org/wikipedia/commons/0/08/Ruscus_aculeatus0.jpg
Ruta,Rutaceae,Sapindales,0,0,1,0,0.001652893,.,1,1,1,.,.,0.546,47.72927976,About 100% of species are perennial,About 0% of species are woody,About 0% of species are agricultural,radial symmetry,selfing,apomixis,wind-pollinated,low extinction risk,cold climates,small genome,high variation,https://upload.wikimedia.org/wikipedia/commons/2/29/Ruta_chalepensis11.jpg
Rutidosis,Asteraceae,Asterales,0,0,1,0,0.00210989,.,.,.,1,.,.,.,.,About 100% of species are perennial,About 0% of species are woody,About 0% of species are agricultural,radial symmetry,selfing,dioecious,insect-pollinated,low extinction risk,cold climates,small genome,low variation,https://upload.wikimedia.org/wikipedia/commons/f/fe/Rutidosis_helichrysoides.jpg
Sabatia,Gentianaceae,Gentianales,0,0,0,0,0,.,.,.,.,.,0.723,.,.,About 0% of species are perennial,About 0% of species are woody,About 0% of species are agricultural,radial symmetry,selfing,vegetative reproduction,wind-pollinated,low extinction risk,warm climates,small genome,low variation,https://upload.wikimedia.org/wikipedia/commons/f/fc/Sabatia_angularis.jpg
Saccharum,Poaceae,Poales,0,0,1,0,0.074314214,.,.,.,0,.,.,4.259444444,21.72545252,About 100% of species are perennial,About 0% of species are woody,About 7% of species are agamic,radial,mixed mating,agamospermy,wind-pollinated,low extinction risk,temperate climates,medium genome,high variation,https://upload.wikimedia.org/wikipedia/commons/7/74/Saccharum_officinarum_-_K%C3%B6hler%E2%80%93s_Medizinal-Pflanzen-125.jpg
Sadleria,Blechnaceae,Monilophyta,33.33333333,0.833333333,1,0,0,.,.,.,.,.,.,.,.,About 1% of species are perennial,About 0% of species are woody,About 0% of species are agriculturally important,radial symmetry,selfing,self-pollination,wind-pollinated,low extinction risk,cold climates,small genome,low variation,https://upload.wikimedia.org/wikipedia/commons/6/6c/Starr_011114-0067_Sadleria_cyatheoides.jpg
Sagina,Caryophyllaceae,Caryophyllales,0.269905533,0.051282051,0.684210526,0,0.001818182,.,1,0.875,1,.,.,.,.,About 68% of species are perennial,About 0% of species are woody,About 0% of species are agriculturally important,radial,selfing,biotic pollination,insect-pollinated,low extinction risk,temperate climates,medium genome,moderate variation,https://upload.wikimedia.org/wikipedia/commons/d/d5/Sagina_procumbens_2005.05.08_12.49.10-p5080008.jpg
Sagittaria,Alismataceae,Alismatales,0,0,0.867647059,0,0,0,1,0.5,1,.,0.74,16.21,27.06285971,About 87% of species are perennial,About 0% of species are woody,About 0% of species are agricultural,radial,selfing,autotrophic,insect-pollinated,low extinction risk,warm climates,large genome,high variation,https://upload.wikimedia.org/wikipedia/commons/4/4e/Illustration_Sagittaria_sagittifolia0.jpg
Salicornia,Amaranthaceae,Caryophyllales,0.790513834,0.086956522,0.173913043,0.105263158,0.041463415,.,1,1,0.1875,.,.,1.38,.,About 17% of species are perennial,About 11% of species are woody,About 4% of species are agricultural,radial symmetry,selfing,obligate xenogamy,insect-pollinated,low extinction risk,cold climates,small genome,low variation,https://upload.wikimedia.org/wikipedia/commons/3/3b/Salicornia_europaea_MS_0802.JPG
Salix,Salicaceae,Malpighiales,0.594652598,0.627358491,1,0.833333333,0,.,1,0.75,0.93,2.2,.,0.625,30.31144998,About 100% of species are perennial,About 83% of species are woody,About 0% of species are agamic,radial symmetry,selfing,vertebrate pollination,insect-pollinated,moderate risk,temperate climates,small genome,high variation,https://upload.wikimedia.org/wikipedia/commons/0/00/Salix_alba_Morton.jpg
Salsola,Amaranthaceae,Caryophyllales,0.317460317,0.055555556,0.333333333,0.333333333,0.041463415,.,1,1,0.5,.,.,0.96,51.55986946,About 33% of species are perennial,About 33% of species are woody,About 4% of species are agricultural,radial symmetry,selfing,obligate self-pollination,insect-pollinated,low extinction risk,cold climates,small genome,high variation,https://upload.wikimedia.org/wikipedia/commons/e/e0/Salsola_oppositifolia.JPG
Salvia,Lamiaceae,Lamiales,0.101577118,0.043678161,0.818181818,0.229885057,0.004320557,1,1,1,1,2.208333333,0.645,0.708333333,37.1108878,About 82% of species are perennial,About 23% of species are woody,About 0% of species are agriculturally significant,radial,selfing,sexual reproduction,wind-pollinated,moderate risk,temperate climates,small genome,high variation,https://upload.wikimedia.org/wikipedia/commons/5/5a/Salvia_officinalis0.jpg
Salvinia,Salviniaceae,Monilophyta,0,0,0,0,0,.,1,0.5,.,.,.,.,.,About 0% of species are perennial,About 0% of species are woody,About 0% of species are annual,radial,selfing,asexual reproduction,wind-pollinated,low extinction risk,cold climates,small genome,low variation,https://upload.wikimedia.org/wikipedia/commons/b/b7/Salvinia_minima_1.jpg
Sambucus,Adoxaceae,Dipsacales,0,0,1,0.85,0,0,1,0.833333333,1,2,.,9.5425,14.00102989,About 100% of species are perennial,About 85% of species are woody,About 0% of species are agricultural,radial,selfing,mixed reproduction,wind-pollinated,moderate risk,temperate climates,large genome,moderate variation,https://upload.wikimedia.org/wikipedia/commons/a/a9/Sambucus-berries.jpg
Samolus,Primulaceae,Ericales,0,0,1,0,0,.,1,0.5,1,.,.,.,.,About 100% of species are perennial,About 0% of species are woody,About 0% of species are agricultural,radial symmetry,selfing,likely wind-pollinated,wind-pollinated,low extinction risk,cold climates,small genome,low variation,https://upload.wikimedia.org/wikipedia/commons/d/d9/Samolus_valerandi_ssp_parviflorus.jpg
Sanguisorba,Rosaceae,Rosales,0,0,0.894736842,0,0.001060071,.,1,0.75,0.333333333,.,0.914,0.55,.,About 89% of species are perennial,About 0% of species are woody,About 0% of species are agricultural,radial,selfing,outcrossing,insect-pollinated,low extinction risk,warm climates,small genome,moderate variation,https://upload.wikimedia.org/wikipedia/commons/c/cb/Sanguisorba_minor0.jpg
Sanicula,Apiaceae,Apiales,0,0,0.659090909,0,0.003968254,.,1,0.5,1,.,.,.,.,About 66% of species are perennial,About 0% of species are woody,About 0% of species are agricultural,radial symmetry,selfing,vegetative reproduction,insect-pollinated,low extinction risk,temperate climates,medium genome,moderate variation,https://upload.wikimedia.org/wikipedia/commons/1/19/Illustration_Sanicula_europaea0.jpg
Santalum,Santalaceae,Santalales,0,0,1,1,0.002139037,.,.,.,1,3,.,0.29,.,About 100% of species are perennial,About 100% of species are woody,About 0% of species are agricultural,radial symmetry,selfing,no specialized reproductive syndrome,insect-pollinated,moderate risk,cold climates,small genome,low variation,https://upload.wikimedia.org/wikipedia/commons/f/f7/Sandalwood.jpg
Santolina,Asteraceae,Asterales,0,0,1,1,0.00210989,.,.,.,1,.,.,.,.,About 100% of species are perennial,About 100% of species are woody,About 0% of species are agamospermous,radial symmetry,mixed mating system,sexual reproduction,wind-pollinated,low extinction risk,cold climates,small genome,low variation,https://upload.wikimedia.org/wikipedia/commons/a/ac/Santolina_chamaecyparissus.jpg
Sapindus,Sapindaceae,Sapindales,0,0,1,1,0.001265823,.,.,.,1,2,.,0.54,2.618914004,About 100% of species are perennial,About 100% of species are woody,About 0% of species are agricultural,radial symmetry,selfing,autogamous,wind-pollinated,moderate risk,cold climates,small genome,low variation,https://upload.wikimedia.org/wikipedia/commons/8/8d/Sapindus_marginatus.jpg
Saponaria,Caryophyllaceae,Caryophyllales,0,0,0.727272727,0,0.001818182,0,1,0.5,1,4,.,2.06,14.4167402,About 73% of species are perennial,About 0% of species are woody,About 0% of species are agricultural,radial,mixed mating system,partly selfing,insect-pollinated,high risk,temperate climates,medium genome,moderate variation,https://upload.wikimedia.org/wikipedia/commons/d/d1/Saponaria_ocymoides0.jpg
Sarcobatus,Sarcobataceae,Caryophyllales,0,0,1,1,0,.,.,.,.,.,.,.,.,About 1% of species are perennial,About 1% of species are woody,About 0% of species are agricultural,radial symmetry,mixed mating system,reproduction by seeds,wind-pollinated,low extinction risk,cold climates,small genome,low variation,https://upload.wikimedia.org/wikipedia/commons/c/c5/Geasewood_Sarcobatus_baileyi_p024.jpg
Sarcocapnos,Papaveraceae,Ranunculales,0,0,1,0,0,.,.,.,.,.,.,.,.,About 1% of species are perennial,About 0% of species are woody,About 0% of species are agricultural,Unknown floral symmetry,Unknown mating system,Unknown reproductive syndrome,Unknown pollination syndrome,Low extinction risk,Unknown climate type,Unknown genome size,Unknown genome variation,https://upload.wikimedia.org/wikipedia/commons/9/93/Sarcocapnos_enneaphylla_saetabensis.jpg
Sarcochilus,Orchidaceae,Asparagales,0,0,1,0,0,.,.,.,.,.,.,.,.,About 100% of species are perennial,About 0% of species are woody,About 0% of species are agricultural,radial symmetry,selfing,obligate outcrossing,wind-pollinated,low extinction risk,cold climates,small genome,low variation,https://upload.wikimedia.org/wikipedia/commons/c/c5/Sarcochilus_fitzgeraldii_-_FitzGerald%2C_Australian_Orchids_-_vol._1_pl._19_%281882%29.jpg
Sarcocornia,Amaranthaceae,Caryophyllales,0,0,1,0,0.041463415,.,.,.,0,.,.,2.96,.,About 100% of species are perennial,About 0% of species are woody,About 4% of species are herbaceous,radial symmetry,selfing,obligate asexual reproduction,wind-pollinated,low extinction risk,temperate climates,medium genome,moderate variation,No image found
Sarcostemma,Apocynaceae,Gentianales,0,0,1,1,0.000658617,.,.,.,.,0,.,.,.,About 100% of species are perennial,About 100% of species are woody,About 0% of species are agricultural,radial symmetry,mixed mating system,dioecious reproduction,insect-pollinated,low extinction risk,cold climates,small genome,low variation,https://upload.wikimedia.org/wikipedia/commons/a/a0/Sarcostemma_viminale_shrub.jpg
Sarracenia,Sarraceniaceae,Ericales,0,0,1,0,0,.,1,1,1,1.083333333,.,4.35,.,About 1% of species are perennial,About 0% of species are woody,About 0% of species are agricultural,radial symmetry,selfing,self-pollination,insect-pollinated,moderate risk,temperate climates,medium genome,moderate variation,https://upload.wikimedia.org/wikipedia/commons/8/82/Sarracenia_ne1.JPG
Sasa,Poaceae,Poales,0,0,1,1,0.074314214,.,.,0,0,.,.,3.58,.,About 1% of species are perennial,About 1% of species are woody,About 7% of species are agricultural,radial,selfing,obligate self-pollination,wind-pollinated,low extinction risk,cold climates,medium genome,moderate variation,No image found
Satureja,Lamiaceae,Lamiales,0,0,0.933333333,0.3,0.004320557,.,1,1,1,.,.,1.68,28.35202215,About 93% of species are perennial,About 30% of species are woody,About 0% of species are agricultural,radial symmetry,selfing,autogamous,insect-pollinated,low extinction risk,temperate climates,small genome,high variation,https://upload.wikimedia.org/wikipedia/commons/d/d8/Satureja_montana0.jpg
Saussurea,Asteraceae,Asterales,8.333333333,0.333333333,1,0,0.00210989,.,1,0.5,1,.,.,.,.,About 100% of species are perennial,About 0% of species are woody,About 0% of species are agricultural,radial or bilateral symmetry,selfing,ambophily,insect-pollinated,low extinction risk,temperate climates,small genome,low variation,https://upload.wikimedia.org/wikipedia/commons/f/fc/Saussurea_alpina_esthonica_-_Eesti_soojumikas_-_Niitv%C3%A4lja_soo2.jpg
Saxifraga,Saxifragaceae,Saxifragales,0.086902545,0.077777778,0.959253152,0.005405405,0,.,1,0.666666667,1,.,.,1.406666667,0,About 96% of species are perennial,About 1% of species are woody,About 0% of species are agricultural,radial symmetry,mixed mating system,obligate xenogamy,insect-pollinated,low extinction risk,temperate climates,small genome,low variation,https://upload.wikimedia.org/wikipedia/commons/6/66/Saxifraga_cochlearis1.jpg
Scabiosa,Caprifoliaceae,Dipsacales,0.163265306,0.04,0.722222222,0,0,.,1,1,0.833333333,.,.,1.290833333,33.52507292,About 72% of species are perennial,About 0% of species are woody,About 0% of species are agricultural,radial symmetry,selfing,obligate selfing,insect-pollinated,low extinction risk,temperate climates,small genome,high variation,https://upload.wikimedia.org/wikipedia/commons/7/79/Scabiosa_columbaria_Pink_Mist.jpg
Scaevola,Goodeniaceae,Asterales,0.833333333,0.0625,1,0.75,0,.,.,.,1,1.8,.,.,.,About 100% of species are perennial,About 75% of species are woody,About 0% of species are agricultural,radial symmetry,mixed mating system,sexual reproduction,insect-pollinated,moderate risk,temperate climates,medium genome,moderate variation,No image found
Scandix,Apiaceae,Apiales,0,0,.,0,0.003968254,.,1,1,1,.,.,.,.,About 85% of species are perennial,About 0% of species are woody,About 0% of species are agroforestry,radial symmetry,selfing,obligate asexual reproduction,wind-pollinated,low extinction risk,cold climates,small genome,low variation,https://upload.wikimedia.org/wikipedia/commons/c/c0/Scandix_australis_subsp_microcarpa_-_28042010.jpg
Schiedea,Caryophyllaceae,Caryophyllales,0.432900433,0.045454545,1,0.340909091,0.001818182,.,.,.,.,4,0.5275,1.116956522,25.08909053,About 100% of species are perennial,About 34% of species are woody,About 0% of species are agricultural,radial symmetry,mixed mating system,sexual reproduction,insect-pollinated,high risk,temperate climates,small genome,high variation,https://upload.wikimedia.org/wikipedia/commons/6/69/Schiedea_globosa_-_globe_schiedea_-_stat-vulnerable_-_desc-flowers.jpg
Schinus,Anacardiaceae,Sapindales,0,0,1,1,0.002030457,.,.,.,1,2,.,.,.,About 100% of species are perennial,About 100% of species are woody,About 0% of species are agricultural,radial symmetry,mixed mating system,hermaphroditic reproduction,insect-pollinated,moderate risk,temperate climates,medium genome,moderate variation,https://upload.wikimedia.org/wikipedia/commons/e/e8/Starr_031108-0096_Schinus_terebinthifolius.jpg
Schismus,Poaceae,Poales,0,0,0,0,0.074314214,.,.,.,0,.,.,.,.,About 0% of species are perennial,About 0% of species are woody,About 7% of species are agricultural,radial symmetry,mixed mating system,obligate xenogamy,wind-pollinated,low extinction risk,cold climates,small genome,low variation,https://upload.wikimedia.org/wikipedia/commons/4/46/Schismus_arabicus.jpg
Schivereckia,Brassicaceae,Brassicales,0,0,1,0,0.00485306,.,.,.,.,.,.,0.52,.,About 1% of species are perennial,About 0% of species are woody,About 0% of species are agricultural,radial or bilateral symmetry,mixed mating system,generalist reproductive syndrome,wind-pollinated,low extinction risk,cold climates,small genome,low variation,https://upload.wikimedia.org/wikipedia/commons/c/c8/Whitlowgrass-3.jpg
Schizaea,Schizaeaceae,Monilophyta,0,0,1,0,0,.,.,.,.,.,.,.,.,About 100% of species are perennial,About 0% of species are woody,About 0% of species are agricultural,unknown,unknown,unknown,unknown,low extinction risk,unknown,small genome,low variation,https://upload.wikimedia.org/wikipedia/commons/f/fd/Schizaea_pectinata_IMG_2287.JPG
Schoenocrambe,Brassicaceae,Brassicales,0,0,1,0,0.00485306,.,.,.,.,.,.,.,.,About 1% of species are perennial,About 0% of species are woody,About 0% of species are agriculturally important,radial,mixed mating,animal-dispersed,insect-pollinated,low extinction risk,temperate climates,small genome,moderate variation,No image found
Schoenoplectus,Cyperaceae,Poales,3.03030303,0.166666667,0.791666667,0,0.00045977,.,1,0.5,0.071428571,.,.,0.45,15.71348403,About 79% of species are perennial,About 0% of species are woody,About 0% of species are agricultural,radial,selfing,inflorescence,insect-pollinated,low extinction risk,cold climates,small genome,high variation,https://upload.wikimedia.org/wikipedia/commons/b/b7/Schoenoplectus_lacustris_260605.jpg
Schoenus,Cyperaceae,Poales,0.333333333,0.04,0.86,0,0.00045977,.,1,0.5,0,.,.,.,.,About 86% of species are perennial,About 0% of species are woody,About 0% of species are agricultural,radial,mixed mating system,herbaceous,wind-pollinated,low extinction risk,temperate climates,small genome,low variation,No image found
Schrankia,Fabaceae,Fabales,0,0,1,0,0.096494845,.,.,.,.,.,.,.,.,About 1% of species are perennial,About 0% of species are woody,About 10% of species are agricultural,radial symmetry,mixed mating system,sexual reproduction,wind-pollinated,low extinction risk,cold climates,small genome,low variation,https://upload.wikimedia.org/wikipedia/commons/1/11/Schrankia_pelicano1.JPG
Scilla,Asparagaceae,Asparagales,0,0,1,0,0,.,1,0.571428571,1,4,.,15.55825397,79.47999087,About 100% of species are perennial,About 0% of species are woody,About 0% of species are agricultural,radial,selfing,likely dioecious with wind pollination,wind-pollinated,high risk,temperate climates,large genome,high variation,https://upload.wikimedia.org/wikipedia/commons/thumb/8/8e/Scille_%C3%A0_deux_feuilles_%28massif_des_Vosges%29.JPG/2880px-Scille_%C3%A0_deux_feuilles_%28massif_des_Vosges%29.JPG
Scirpus,Cyperaceae,Poales,0.158702169,0.08411215,0.842105263,0,0.00045977,.,1,0.5,0,0,.,0.45,.,About 84% of species are perennial,About 0% of species are woody,About 0% of species are agricultural,radial symmetry,selfing,asexual reproduction,wind-pollinated,low extinction risk,cold climates,small genome,low variation,https://upload.wikimedia.org/wikipedia/commons/6/61/Scirpus_atrovirens_NRCS-3.jpg
Scleranthus,Caryophyllaceae,Caryophyllales,0,0,0.535714286,0,0.001818182,.,1,1,1,.,.,.,.,About 54% of species are perennial,About 0% of species are woody,About 0% of species are agricultural,radial symmetry,obligately selfing,hermaphroditic reproduction,wind-pollinated,low extinction risk,temperate climates,medium genome,moderate variation,https://upload.wikimedia.org/wikipedia/commons/6/6d/Scleranthus_perennis.jpeg
Scleria,Cyperaceae,Poales,0,0,0.75,0,0.00045977,1,.,.,0,3,.,.,.,About 75% of species are perennial,About 0% of species are woody,About 0% of species are agamospermous,radial,Unknown mating system,Unknown reproductive syndrome,wind-pollinated,moderate risk,Temperate climates,Unknown genome size,Unknown genome variation,https://upload.wikimedia.org/wikipedia/commons/0/05/Starr_090213-2476_Unknown_cyperaceae.jpg
Sclerocactus,Cactaceae,Caryophyllales,0,0,1,1,0,.,.,.,.,.,.,.,.,About 1% of species are perennial,About 1% of species are woody,About 0% of species are agricultural,radial symmetry,selfing,self-pollinating,wind-pollinated,low extinction risk,cold climates,small genome,low variation,https://upload.wikimedia.org/wikipedia/commons/5/5c/Sclerocactus_wrightiae.jpg
Sclerolaena,Amaranthaceae,Caryophyllales,2.380952381,0.166666667,1,0.333333333,0.041463415,.,.,.,0,.,.,1.24,.,About 100% of species are perennial,About 33% of species are woody,About 4% of species are agricultural,radial symmetry,mixed mating system,sexual reproduction,wind-pollinated,low extinction risk,cold climates,small genome,low variation,https://upload.wikimedia.org/wikipedia/commons/e/ec/Sclerolaena_bicornis.jpg
Sclerostegia,Amaranthaceae,Caryophyllales,0,0,1,1,0.041463415,.,.,.,.,.,.,.,.,About 1% of species are perennial,About 1% of species are woody,About 4.15% of species are agamic,radial symmetry,mixed mating system,seed reproduction,wind-pollinated,low extinction risk,cold climates,small genome,low variation,https://upload.wikimedia.org/wikipedia/commons/6/68/Tecticornia_pergranulata_subsp._pergranulata.jpg
Scolymus,Asteraceae,Asterales,0,0,0.5,0,0.00210989,.,.,.,1,.,.,.,.,About 50% of species are perennial,About 0% of species are woody,About 0% of species are agricultural,radial symmetry,mixed mating system,seed dispersal,insect-pollinated,low extinction risk,temperate climates,small genome,low variation,https://upload.wikimedia.org/wikipedia/commons/f/ff/Scolymus_April_2013-2.jpg
Scorpiurus,Fabaceae,Fabales,0,0,0,0,0.096494845,.,.,.,1,.,.,0.4,.,About 0% of species are perennial,About 0% of species are woody,About 10% of species are annual,radial,selfing,seed-pollinated,insect-pollinated,low extinction risk,cold climates,small genome,low variation,No image found
Scorzonera,Asteraceae,Asterales,0.264550265,0.035714286,0.94265233,0,0.00210989,.,1,0.875,1,.,.,3.895,52.46568928,About 94% of species are perennial,About 0% of species are woody,About 0% of species are agricultural,radial,selfing,dioecy,wind-pollinated,low extinction risk,temperate climates,medium genome,high variation,https://upload.wikimedia.org/wikipedia/commons/e/e2/Scorzonera_purpurea_rosea0.jpg
Scrophularia,Scrophulariaceae,Lamiales,0,0,0.885416667,0.0625,0.001764706,.,1,0.666666667,1,.,.,0.871666667,21.66306646,About 89% of species are perennial,About 6% of species are woody,About 0% of species are agricultural,radial symmetry,mixed mating system,outcrossing reproductive syndrome,insect-pollinated,low extinction risk,cold climates,small genome,high variation,https://upload.wikimedia.org/wikipedia/commons/2/24/Scrophularia_nodosa8.jpg
Scutellaria,Lamiaceae,Lamiales,0.354609929,0.083333333,0.989583333,0.014285714,0.004320557,.,1,0.5,1,2,.,0.4,.,About 99% of species are perennial,About 1% of species are woody,About 0% of species are agricultural,radial,mixed mating,wind pollination,wind-pollinated,moderate risk,temperate climates,small genome,low variation,https://upload.wikimedia.org/wikipedia/commons/7/7f/Scutellaria_pekinensis_Yamatatsunamisou_in_Ibukiyama_2002-6-9.jpg
Sebaea,Gentianaceae,Gentianales,0,0,0,0,0,0,.,.,1,.,.,.,.,About 0% of species are perennial,About 0% of species are woody,About 0% of species are agricultural,radial,Unknown,Unknown,wind-pollinated,low extinction risk,cold climates,small genome,low variation,https://upload.wikimedia.org/wikipedia/commons/6/69/Sabaea_exacoides_flower.JPG
Secale,Poaceae,Poales,0,0,0.333333333,0,0.074314214,.,.,.,.,.,0.92,8.391538462,3.196229888,About 33% of species are perennial,About 0% of species are woody,About 7% of species are agricultural,radial symmetry,mixed mating system,typical sexual reproduction,insect-pollinated,low extinction risk,warm climates,large genome,low variation,https://upload.wikimedia.org/wikipedia/commons/3/30/Illustration_Secale_cereale0.jpg
Sedum,Crassulaceae,Saxifragales,0,0,0.825,0.033333333,0,.,1,0.69047619,1,.,.,1.413181818,135.5738612,About 82.5% of species are perennial,About 3.33% of species are woody,About 0% of species are agricultural,radial,selfing,Obligate xenogamy,insect-pollinated,low extinction risk,temperate climates,small genome,high variation,https://upload.wikimedia.org/wikipedia/commons/1/1c/Sedum_acre_single_-_Niitv%C3%A4lja.jpg
Selaginella,Selaginellaceae,Lycophyta,0,0,0.961538462,0,0,.,1,0.75,1,1.25,.,0.152941176,46.52281404,About 96% of species are perennial,About 0% of species are woody,About 0% of species are agricultural,radial symmetry,selfing,obligate xenogamy,insect-pollinated,moderate risk,temperate climates,small genome,high variation,https://upload.wikimedia.org/wikipedia/commons/7/73/Selaginella-sp.jpg
Selinum,Apiaceae,Apiales,0,0,1,0,0.003968254,.,1,1,1,.,.,4.24,5.336654952,About 100% of species are perennial,About 0% of species are woody,About 0% of species are agricultural,radial symmetry,selfing,vegetative reproduction,wind-pollinated,low extinction risk,temperate climates,medium genome,moderate variation,https://upload.wikimedia.org/wikipedia/commons/2/2c/Selinum_alatum_94017047.jpg
Sempervivum,Crassulaceae,Saxifragales,1,0.12,1,0,0,.,1,0,1,.,.,.,.,About 1% of species are perennial,About 0% of species are woody,About 0% of species are agriculturally important,radial symmetry,selfing,autogamous,insect-pollinated,low extinction risk,cold climates,small genome,low variation,https://upload.wikimedia.org/wikipedia/commons/c/ca/Sempervirum_tectorum1.jpg
Senecio,Asteraceae,Asterales,0.087336245,0.1,0.764864865,0.068669528,0.00210989,0,1,0.75,0.985714286,2.166666667,0.5185,4.918229167,71.45039678,About 76% of species are perennial,About 7% of species are woody,About 0% of species are agricultural,radial,mixed mating system,vegetative reproduction common,insect-pollinated,moderate risk,temperate climates,medium genome,high variation,https://upload.wikimedia.org/wikipedia/commons/b/bd/Gew%C3%B6hnliches_Greiskraut_%28Reuther_Stra%C3%9Fe%2C_Neuendettelsau%29_20250506_111028.jpg
Senna,Fabaceae,Fabales,0,0,0.933333333,0.722222222,0.096494845,1,.,.,1,1.5,0.689,0.894,41.20422374,About 93% of species are perennial,About 72% of species are woody,About 10% of species are agamospermous,radial,Unknown mating system,Unknown reproductive syndrome,insect-pollinated,moderate risk,temperate climates,small genome,high variation,No image found
Serapias,Orchidaceae,Asparagales,0,0,1,0,0,.,.,1,1,.,.,.,.,About 1% of species are perennial,About 0% of species are woody,About 0% of species are agricultural,radial symmetry,selfing,obligate xenogamy,wind-pollinated,low extinction risk,cold climates,small genome,low variation,https://upload.wikimedia.org/wikipedia/commons/9/92/Serapias_istriaca.jpg
Serratula,Asteraceae,Asterales,0,0,1,0,0.00210989,.,1,0.5,1,.,.,.,.,About 100% of species are perennial,About 0% of species are woody,About 0% of species are agricultural,radial symmetry,selfing,unassisted self-pollination,wind-pollinated,low extinction risk,temperate climates,small genome,low variation,https://upload.wikimedia.org/wikipedia/commons/6/63/Serratula_tinctoria.jpg
Sesamoides,Resedaceae,Brassicales,0,0,1,0,0.026666667,.,.,.,.,.,.,.,.,About 100% of species are perennial,About 0% of species are woody,About 3% of species are agroforestry,radial symmetry,mixed mating system,dioecious reproduction,wind-pollinated,low extinction risk,temperate climates,medium genome,moderate variation,https://upload.wikimedia.org/wikipedia/commons/2/2a/Sesamoides_purpurascens_Habitus_2010-5-08_CampodeCalatrava.jpg
Sesbania,Fabaceae,Fabales,0,0,1,1,0.096494845,1,.,.,1,.,0.681,1.315,0,About 100% of species are perennial,About 100% of species are woody,About 10% of species are agricultural,radial,selfing,annual,insect-pollinated,low extinction risk,temperate climates,small genome,low variation,https://upload.wikimedia.org/wikipedia/commons/1/1b/SesbaniadrummondiiPlant.jpg
Seseli,Apiaceae,Apiales,0,0,0.852941176,0,0.003968254,.,1,1,1,.,.,1.88,1.504482513,About 85% of species are perennial,About 0% of species are woody,About 0% of species are agricultural,radial symmetry,mixed mating system,dioecious,wind-pollinated,low extinction risk,cold climates,small genome,low variation,https://upload.wikimedia.org/wikipedia/commons/4/48/Seseli_gummiferum_flowers1.jpg
Sesleria,Poaceae,Poales,1.6,0.2,1,0,0.074314214,.,1,0.5,0,.,.,6.006923077,33.31003306,About 100% of species are perennial,About 0% of species are woody,About 7% of species are agriculturally important,radial,selfing,seed-reproducing,wind-pollinated,low extinction risk,temperate climates,medium genome,high variation,https://upload.wikimedia.org/wikipedia/commons/1/12/Sesleria_sadlerana.jpg
Setaria,Poaceae,Poales,0.128205128,0.025,0.225,0,0.074314214,.,1,1,0,0,.,1.388,43.61571032,About 23% of species are perennial,About 0% of species are woody,About 7% of species are agriculturally important,radial,selfing,annual,wind-pollinated,low extinction risk,temperate climates,small genome,high variation,https://upload.wikimedia.org/wikipedia/commons/0/09/Starr_040713-0118_Setaria_parviflora.jpg
Shepherdia,Elaeagnaceae,Rosales,0,0,1,1,0,.,.,.,.,.,.,.,.,About 100% of species are perennial,About 100% of species are woody,About 0% of species are agricultural,radial symmetry,mixed mating system,typical floral syndrome,wind-pollinated,low extinction risk,cold climates,small genome,low variation,https://upload.wikimedia.org/wikipedia/commons/0/0d/SilverBuffaloberrySK-3.jpg
Sibara,Brassicaceae,Brassicales,0,0,0,0,0.00485306,.,.,.,.,.,.,.,.,About 0% of species are perennial,About 0% of species are woody,About 0% of species are agricultural,radial or bilateral,mixed,generalist,insect-pollinated,low extinction risk,temperate climates,small genome,moderate variation,https://upload.wikimedia.org/wikipedia/commons/5/53/Sibara_filifolia_%28Santa_Cruz_Island_winged_rockcress%29_%285628843295%29.jpg
Sibbaldia,Rosaceae,Rosales,0,0,1,1,0.001060071,.,1,0.5,1,.,.,.,.,About 100% of species are perennial,About 100% of species are woody,About 0% of species are agricultural,radial,selfing,primarily vegetative reproduction,insect-pollinated,low extinction risk,cold climates,small genome,low variation,https://upload.wikimedia.org/wikipedia/commons/a/aa/Sibbaldiaprocumbens.jpg
Sibthorpia,Plantaginaceae,Lamiales,0,0,1,0,0.005925926,.,.,0.5,.,.,.,.,.,About 100% of species are perennial,About 0% of species are woody,About 1% of species are agricultural,radial symmetry,mixed mating system,typically asexual reproduction,insect-pollinated,low extinction risk,temperate climates,small genome,low variation,https://upload.wikimedia.org/wikipedia/commons/1/1e/Sibthorpia_peregrina_3.JPG
Sicyos,Cucurbitaceae,Cucurbitales,1.098901099,0.071428571,0.285714286,0.071428571,0.024852071,.,.,.,1,.,.,.,.,About 29% of species are perennial,About 7% of species are woody,About 2% of species are agricultural,radial,mixed mating system,self-pollination likely,wind-pollinated,low extinction risk,temperate climates,medium genome,moderate variation,https://upload.wikimedia.org/wikipedia/commons/1/12/Sicyos_australis02.jpg
Sida,Malvaceae,Malvales,0,0,0.861111111,0.25,0.006153846,0,.,.,1,.,.,0.98,.,About 86% of species are perennial,About 25% of species are woody,About 1% of species are cultivated,radial,mixed mating system,likely insect pollinated,insect-pollinated,low extinction risk,cold climates,small genome,low variation,No image found
Sidalcea,Malvaceae,Malvales,0,0,0.82,0.02,0.006153846,.,.,.,.,.,.,.,.,About 82% of species are perennial,About 2% of species are woody,About 1% of species are agriculturally important,radial symmetry,mixed mating system,sexual reproduction,insect-pollinated,low extinction risk,temperate climates,medium genome,moderate variation,https://upload.wikimedia.org/wikipedia/commons/6/69/Sidalcea_malachroides_4.jpg
Sidastrum,Malvaceae,Malvales,0,0,1,0.5,0.006153846,.,.,.,.,.,.,.,.,About 100% of species are perennial,About 50% of species are woody,About 0.6% of species are agricultural,unknown floral symmetry,unknown mating system,unknown reproductive syndrome,unknown pollination syndrome,low extinction risk,unknown climate,unknown genome size,unknown genome size variation,https://upload.wikimedia.org/wikipedia/commons/0/00/Starr-050517-1560-Sidastrum_micranthum-leaves-Puu_o_Hoku_Ranch-Molokai_%2824136328153%29.jpg
Sideritis,Lamiaceae,Lamiales,0,0,0.857142857,0.107142857,0.004320557,.,.,.,1,.,.,1.878571429,5.970752188,About 86% of species are perennial,About 11% of species are woody,About 0% of species are aggregated,radial,mixed mating system,dioecious,wind-pollinated,low extinction risk,temperate climates,small genome,moderate variation,https://upload.wikimedia.org/wikipedia/commons/8/8b/Sideritis_syriaca_%28Ironwort_scan%29.jpg
Sigesbeckia,Asteraceae,Asterales,0,0,0,0,0.00210989,.,1,1,1,.,.,.,.,0% of species are perennial,0% of species are woody,About 0% of species are agricultural,radial symmetry,selfing,seed production,wind-pollinated,low extinction risk,cold climates,small genome,low variation,https://upload.wikimedia.org/wikipedia/commons/f/f0/4270-Sigesbeckia_serrata.jpg
Silene,Caryophyllaceae,Caryophyllales,0.007905138,0.010869565,0.612403101,0.007246377,0.001818182,0,1,0.92,0.983333333,3.166666667,0.8765,2.411428571,28.51414179,About 61% of species are perennial,About 1% of species are woody,About 0% of species are agricultural,radial,mixed,seed-propagated,insect-pollinated,high risk,warm climates,medium genome,high variation,https://upload.wikimedia.org/wikipedia/commons/2/27/Silene_dioica_Crozon_060416w.jpg
Silphium,Asteraceae,Asterales,0,0,1,0,0.00210989,.,.,.,.,.,.,.,.,About 100% of species are perennial,About 0% of species are woody,About 0% of species are agamic,radial,mixed,insects,insect-pollinated,low extinction risk,temperate climates,small genome,low variation,https://upload.wikimedia.org/wikipedia/commons/1/1c/Silphium.jpg
Silybum,Asteraceae,Asterales,0,0,0,0,0.00210989,.,1,1,1,.,0.02,.,.,About 0% of species are perennial,About 0% of species are woody,About 0% of species are agricultural,radial,selfing,vegetative reproduction,wind-pollinated,low extinction risk,cold climates,small genome,low variation,https://upload.wikimedia.org/wikipedia/commons/6/65/Silybum_marianum_2004.jpg
Sinapis,Brassicaceae,Brassicales,0,0,0.083333333,0,0.00485306,.,1,1,1,.,.,0.526,0.694198425,About 8% of species are perennial,About 0% of species are woody,About 0% of species are agamospermous,radial symmetry,obligate selfing,self-pollinated,wind-pollinated,low extinction risk,cold climates,small genome,low variation,https://upload.wikimedia.org/wikipedia/commons/8/83/Sinapis_alba_-_K%C3%B6hler%E2%80%93s_Medizinal-Pflanzen-265.jpg
Sisymbrella,Brassicaceae,Brassicales,0,0,0.5,0,0.00485306,.,.,.,.,.,.,0.36,.,About 50% of species are perennial,About 0% of species are woody,About 0% of species are agriculturally important,radial symmetry,mixed mating system,cross-pollination,insect-pollinated,low extinction risk,cold climates,small genome,low variation,No image found
Sisymbrium,Brassicaceae,Brassicales,0,0,0.114583333,0,0.00485306,.,1,0.944444444,1,.,.,0.377142857,46.40061327,About 11% of species are perennial,About 0% of species are woody,About 0% of species are agricultural,radial symmetry,selfing,dioecious,wind-pollinated,low extinction risk,cold climates,small genome,high variation,https://upload.wikimedia.org/wikipedia/commons/7/71/Sisymbrium_altissimum_plant.jpg
Sisyrinchium,Iridaceae,Asparagales,0,0,0.955882353,0,0,.,1,0.5,1,.,.,1.931428571,50.01870713,About 96% of species are perennial,About 0% of species are woody,About 0% of species are agricultural,radial symmetry,selfing,amborella syndrome,insect-pollinated,low extinction risk,cold climates,small genome,high variation,https://upload.wikimedia.org/wikipedia/commons/e/eb/Sisyrinchium_bermudianum_B.jpg
Sitanion,Poaceae,Poales,200,1,1,0,0.074314214,.,.,.,.,.,.,.,.,About 1% of species are perennial,About 0% of species are woody,About 7% of species are agricultural,radial symmetry,mixed mating system,seed reproduction,wind-pollinated,low extinction risk,temperate climates,small genome,moderate variation,https://upload.wikimedia.org/wikipedia/commons/3/36/Elymus_canadensis.jpg
Sium,Apiaceae,Apiales,0,0,1,0,0.003968254,.,1,0.5,1,2.5,.,.,.,About 100% of species are perennial,About 0% of species are woody,About 0% of species are agricultural,radial,selfing,vegetative reproduction,insect-pollinated,moderate risk,temperate climates,medium genome,moderate variation,https://upload.wikimedia.org/wikipedia/commons/4/42/Sium_suave_var_nipponicum1.jpg
Smilacina,Asparagaceae,Asparagales,0,0,1,0,0,.,.,.,.,.,.,.,.,About 100% of species are perennial,About 0% of species are woody,About 0% of species are agricultural,radial symmetry,selfing,self-pollination,insect-pollinated,low extinction risk,cold climates,small genome,low variation,https://upload.wikimedia.org/wikipedia/commons/b/ba/Solomon%27s_plume_Maianthemum_racemosum.jpg
Smilax,Smilacaceae,Liliales,0,0,1,0.4,0,0,.,.,0.525,.,.,4.16,42.15204378,About 100% of species are perennial,About 40% of species are woody,About 0% of species are agriculturally important,radial,Unknown mating system,Unknown reproductive syndrome,insect-pollinated,Low extinction risk,Temperate climates,Medium genome,High variation,https://upload.wikimedia.org/wikipedia/commons/7/74/Smilax_aspera.jpg
Smyrnium,Apiaceae,Apiales,0,0,0,0,0.003968254,.,1,1,1,.,.,2.82,.,About 0% of species are perennial,About 0% of species are woody,About 0% of species are agricultural,radial symmetry,selfing,asexual reproduction,wind-pollinated,low extinction risk,temperate climates,medium genome,low variation,https://upload.wikimedia.org/wikipedia/commons/5/5e/Smyrnium_perfoliatum03.jpg
Solanum,Solanaceae,Solanales,0.055096419,0.033057851,0.681818182,0.3,0.089837398,0.021276596,1,0.875,1,1.833333333,0.47875,1.522166667,65.71144406,About 68% of species are perennial,About 30% of species are woody,About 9% of species are agamospermous,radial,self-incompatible,seed-dispersed,insect-pollinated,moderate risk,temperate climates,small genome,high variation,https://upload.wikimedia.org/wikipedia/commons/3/39/Starr_020323-0062_Solanum_seaforthianum.jpg
Soldanella,Primulaceae,Ericales,0,0,1,0,0,.,1,0.5,1,.,.,3.88,83.83224725,About 100% of species are perennial,About 0% of species are woody,About 0% of species are agricultural,radial symmetry,selfing,asexual reproduction,insect-pollinated,low extinction risk,temperate climates,medium genome,high variation,https://upload.wikimedia.org/wikipedia/commons/2/26/Soldanella_alpina.jpg
Solenanthus,Boraginaceae,Boraginales,0,0,0.5,0,0.001824818,.,.,.,.,4,.,.,.,About 50% of species are perennial,About 0% of species are woody,About 0% of species are agricultural,radial symmetry,mixed mating system,obligate outcrossing,insect-pollinated,high risk,temperate climates,medium genome,moderate variation,https://upload.wikimedia.org/wikipedia/commons/a/ac/Solenanthus_apenninus.jpg
Solenogyne,Asteraceae,Asterales,0,0,1,0,0.00210989,.,.,.,.,.,.,.,.,About 100% of species are perennial,About 0% of species are woody,About 0% of species are agricultural,Unknown floral symmetry,Unknown mating system,Unknown reproductive syndrome,Unknown pollination syndrome,Low extinction risk,Cold climates,Small genome,Low variation,https://upload.wikimedia.org/wikipedia/commons/3/3a/Solenogyne_dominii_%28Smooth_Solenogyne%29_._%2824368177774%29.jpg
Solidago,Asteraceae,Asterales,0.124223602,0.042857143,1,0,0.00210989,.,1,0.5,1,.,0.935,1.29,25.48578562,About 100% of species are perennial,About 0% of species are woody,About 0% of species are agricultural,radial,selfing,obligate selfing,insect-pollinated,low extinction risk,warm climates,small genome,high variation,https://upload.wikimedia.org/wikipedia/commons/6/62/Solidago_virgaurea_var._leiocarpa_02-2.jpg
Soliva,Asteraceae,Asterales,0,0,0,0,0.00210989,.,.,.,.,.,.,.,.,About 0% of species are perennial,About 0% of species are woody,About 0% of species are agricultural,Unknown floral symmetry,Unknown mating system,Unknown reproductive syndrome,Unknown pollination syndrome,Low extinction risk,Unknown climate type,Unknown genome size,Unknown genome variation,https://upload.wikimedia.org/wikipedia/commons/e/ec/Solivasessilis.jpg
Sonchus,Asteraceae,Asterales,0.738916256,0.103448276,0.403497409,0,0.00210989,0,1,0.75,1,.,.,1.444166667,16.25113995,About 40% of species are perennial,About 0% of species are woody,About 0% of species are annual,radial,selfing,obligate outcrossing,insect-pollinated,low extinction risk,cold climates,small genome,high variation,https://upload.wikimedia.org/wikipedia/commons/f/f9/Sonchus_February_2008-1.jpg
Sophora,Fabaceae,Fabales,0,0,1,0.6,0.096494845,.,.,.,.,3,.,2.04,.,About 100% of species are perennial,About 60% of species are woody,About 10% of species are agamospermous,floral symmetry is not specified,mating system is not specified,reproductive syndrome is not specified,pollination syndrome is not specified,moderate risk,tavg is not specified,medium genome,cv cvalue is not specified,https://upload.wikimedia.org/wikipedia/commons/c/c1/Starr_081014-0282_Sophora_chrysophylla.jpg
Sorbaria,Rosaceae,Rosales,0,0,1,1,0.001060071,.,1,1,1,.,.,.,.,About 100% of species are perennial,About 100% of species are woody,About 0% of species are agricultural,radial,selfing,obligate selfing,wind-pollinated,low extinction risk,temperate climates,small genome,low variation,https://upload.wikimedia.org/wikipedia/commons/b/b6/SorbariaSorbifolia3.jpg
Sorbus,Rosaceae,Rosales,0.721954832,0.263513514,1,1,0.001060071,.,0.608695652,0.961538462,1,2.270833333,.,0.912,30.78670196,About 100% of species are perennial,About 100% of species are woody,About 0% of species are agricultural,radial symmetry,mixed mating system,flower development,wind-pollinated,moderate risk,cold climates,small genome,high variation,https://upload.wikimedia.org/wikipedia/commons/9/9c/Sorbus_aucuparia_aka_rowan.jpg
Sorghum,Poaceae,Poales,0,0,0.533333333,0,0.074314214,.,1,0.5,0.5,.,0.369666667,2.196086957,45.42435781,About 53% of species are perennial,About 0% of species are woody,About 7% of species are cultivated,radial,selfing,agamospermy,insect-pollinated,low extinction risk,temperate climates,medium genome,high variation,https://upload.wikimedia.org/wikipedia/commons/8/84/Sorghum_bicolor03.jpg
Sparaxis,Iridaceae,Asparagales,0,0,1,0,0,0.25,.,.,.,.,.,.,.,About 1% of species are perennial,About 0% of species are woody,About 0% of species are agricultural,radial,Selfing,Unknown,Unknown,low extinction risk,cold climates,small genome,low variation,https://upload.wikimedia.org/wikipedia/commons/b/b6/Sparaxis_bulbifera_%28Flower%29_2.jpg
Sparganium,Typhaceae,Poales,2.53968254,0.444444444,1,0,0,.,1,0.5,0,.,.,0.565,0,About 100% of species are perennial,About 0% of species are woody,About 0% of species are agricultural,radial,selfing,autotrophic,wind-pollinated,low extinction risk,cold climates,small genome,low variation,https://upload.wikimedia.org/wikipedia/commons/1/11/Sparganium_erectum1.jpg
Spartina,Poaceae,Poales,1.086956522,0.125,1,0,0.074314214,.,1,0.125,0,.,0.782,5.45,.,About 100% of species are perennial,About 0% of species are woody,About 7% of species are agricultural,radial,selfing,apomictic,wind-pollinated,low extinction risk,warm climates,medium genome,moderate variation,https://upload.wikimedia.org/wikipedia/commons/d/d0/Spartinadensiflora.jpg
Spergula,Caryophyllaceae,Caryophyllales,0,0,0.125,0,0.001818182,.,1,1,1,.,.,1.05,.,About 13% of species are perennial,About 0% of species are woody,About 0% of species are agricultural,radial,mixed mating,asexual reproduction,wind-pollinated,low extinction risk,temperate climates,small genome,low variation,https://upload.wikimedia.org/wikipedia/commons/6/6f/Illustration_Spergula_pentandra0.jpg
Spergularia,Caryophyllaceae,Caryophyllales,0.088652482,0.020833333,0.364661654,0,0.001818182,.,1,1,1,.,0.0675,.,.,About 36% of species are perennial,About 0% of species are woody,About 0% of species are agamospermic,radial symmetry,selfing,obligate asexual reproduction,wind-pollinated,low extinction risk,cold climates,small genome,low variation,https://upload.wikimedia.org/wikipedia/commons/6/60/Spergulariamacrotheca.jpg
Spermacoce,Rubiaceae,Gentianales,0,0,0.25,0,6.00E-04,0,.,.,1,.,.,.,.,About 25% of species are perennial,About 0% of species are woody,About 0% of species are agricultural,radial,selfing,dioecious,wind-pollinated,low extinction risk,temperate climates,medium genome,moderate variation,https://upload.wikimedia.org/wikipedia/commons/a/a2/Spermacoce_ocymoides_W_IMG_2964.jpg
Spermolepis,Apiaceae,Apiales,0,0,0,0,0.003968254,.,.,.,.,.,.,.,.,About 0% of species are perennial,About 0% of species are woody,About 0% of species are agricultural,radial,mixed mating system,obligate xenogamy,wind-pollinated,low extinction risk,cold climates,small genome,low variation,https://upload.wikimedia.org/wikipedia/commons/1/1b/Spermolepis_hawaiiensis_%285941043944%29.jpg
Sphaeralcea,Malvaceae,Malvales,0.333333333,0.04,0.961538462,0,0.006153846,.,.,.,.,.,.,.,.,About 96% of species are perennial,About 0% of species are woody,About 1% of species are agricultural,Unknown floral symmetry,Unknown mating system,Unknown reproductive syndrome,Unknown pollination syndrome,Unknown extinction risk,Unknown climate type,Unknown genome size,Unknown genome variation,https://upload.wikimedia.org/wikipedia/commons/a/a4/Sphaeralcea_ambigua_4.jpg
Sphaerolobium,Fabaceae,Fabales,0,0,1,1,0.096494845,.,.,.,.,.,.,.,.,About 1% of species are perennial,About 1% of species are woody,About 10% of species are agricultural,radial symmetry,selfing,seed reproduction,insect-pollinated,low extinction risk,cold climates,small genome,low variation,https://upload.wikimedia.org/wikipedia/commons/a/ab/Sphaerolobium_macranthum_-_Flickr_-_Kevin_Thiele.jpg
Sphaeromeria,Asteraceae,Asterales,0,0,1,0.625,0.00210989,.,.,.,.,.,.,.,.,About 100% of species are perennial,About 63% of species are woody,About 0% of species are agriculturally important,radial symmetry,obligate outcrossing,biotic pollination,insect-pollinated,low extinction risk,cold climates,medium genome,high variation,https://upload.wikimedia.org/wikipedia/commons/0/09/Sphaeromeria_compacta_6.jpg
Sphenopholis,Poaceae,Poales,0,0,1,0,0.074314214,.,.,.,.,.,.,.,.,About 1% of species are perennial,About 0% of species are woody,About 7% of species are agricultural,radial symmetry,mixed mating system,sexual reproduction,wind-pollinated,low extinction risk,temperate climates,small genome,moderate variation,https://upload.wikimedia.org/wikipedia/commons/7/71/Sphenopholis_obtusata_NRCS-1.jpg
Spinacia,Amaranthaceae,Caryophyllales,0,0,0,0,0.041463415,.,.,.,.,.,.,1.06,0,About 0% of species are perennial,About 0% of species are woody,About 4% of species are aggregated,radial,selfing,obligate selfing,wind-pollinated,low extinction risk,cold climates,small genome,low variation,https://upload.wikimedia.org/wikipedia/commons/7/76/Illustration_Spinacia_oleracea1.jpg
Spiraea,Rosaceae,Rosales,1.008403361,0.171428571,1,1,0.001060071,.,1,0.6875,1,.,.,0.54875,52.11460507,About 100% of species are perennial,About 100% of species are woody,About 0% of species are agricultural,radial symmetry,selfing,herbaceous monocarpic,insect-pollinated,low extinction risk,cold climates,small genome,high variation,https://upload.wikimedia.org/wikipedia/commons/2/27/Illustration_Spiraea_salicifolia0.jpg
Spiranthes,Orchidaceae,Asparagales,0.56980057,0.074074074,1,0,0,.,1,0.333333333,1,.,.,.,.,About 100% of species are perennial,About 0% of species are woody,About 0% of species are agriculturally important,bilateral,selfing,auto-gamous,insect-pollinated,low extinction risk,temperate climates,medium genome,moderate variation,https://upload.wikimedia.org/wikipedia/commons/b/bd/Spiranthes_magnicamporum_Arkansas.jpg
Spirodela,Araceae,Alismatales,0,0,1,0,0.000248447,.,1,0,1,.,.,0.28,35.8627865,About 100% of species are perennial,About 0% of species are woody,About 0% of species are agricultural,radial symmetry,selfing,seed reproduction,insect-pollinated,low extinction risk,cold climates,small genome,high variation,https://upload.wikimedia.org/wikipedia/commons/c/ca/SpirodelaPolyrhiza.jpg
Sporobolus,Poaceae,Poales,0,0,0.837209302,0,0.074314214,.,1,1,0,3.5,.,.,.,About 84% of species are perennial,About 0% of species are woody,About 7% of species are agricultural,radial,selfing,hermaphroditic,wind-pollinated,high risk,temperate climates,medium genome,moderate variation,https://upload.wikimedia.org/wikipedia/commons/f/f9/Starr_090205-2349_Sporobolus_virginicus.jpg
Spyridium,Rhamnaceae,Rosales,7.142857143,0.214285714,1,1,0.004444444,.,.,.,.,.,.,.,.,About 100% of species are perennial,About 100% of species are woody,About 0% of species are agricultural,radial,selfing,vegetative reproduction,wind-pollinated,low extinction risk,cold climates,small genome,low variation,https://upload.wikimedia.org/wikipedia/commons/3/34/Spyridium_vexilliferum.jpg
Stachys,Lamiaceae,Lamiales,0.052246604,0.022727273,0.856321839,0.011363636,0.004320557,1,1,0.65,1,1.25,.,2.277777778,83.47368738,About 86% of species are perennial,About 1% of species are woody,About 0% of species are agricultural,radial,selfing,typically reproduces sexually,wind-pollinated,moderate risk,temperate climates,medium genome,high variation,https://upload.wikimedia.org/wikipedia/commons/3/34/20130703Stachys_sylvatica1.jpg
Stackhousia,Celastraceae,Celastrales,0,0,0.875,0,0,.,.,.,.,.,.,.,.,About 88% of species are perennial,About 0% of species are woody,About 0% of species are agricultural,radial or bilateral symmetry,mixed mating system,diverse reproductive strategies,pollination by various agents,low extinction risk,temperate climates,small genome,low variation,https://upload.wikimedia.org/wikipedia/commons/b/b6/Stackhousia_monogyna.jpg
Staehelina,Asteraceae,Asterales,0,0,1,1,0.00210989,.,.,.,1,.,.,0.77,3.67328198,About 100% of species are perennial,About 100% of species are woody,About 0% of species are agricultural,radial symmetry,selfing,insects,insect-pollinated,low extinction risk,cold climates,small genome,low variation,https://upload.wikimedia.org/wikipedia/commons/5/52/Staehelina_dubia_31.JPG
Stanleya,Brassicaceae,Brassicales,0,0,0.777777778,0.111111111,0.00485306,.,.,.,.,.,.,.,.,About 78% of species are perennial,About 11% of species are woody,About 0% of species are cultivated,floral symmetry not specified,mating system not specified,reproductive syndrome not specified,pollination syndrome not specified,extinction risk not specified,average temperature not specified,genome size not specified,genome size variation not specified,No image found
Stauracanthus,Fabaceae,Fabales,0,0,1,1,0.096494845,.,.,.,.,.,.,.,.,About 1% of species are perennial,About 1% of species are woody,About 10% of species are agriculture,radial,mixed mating system,mixed reproductive syndrome,insect-pollinated,low extinction risk,temperate climates,small genome,moderate variation,https://upload.wikimedia.org/wikipedia/commons/c/c7/Stauracanthus_boivinii_2.JPG
Stebbinsoseris,Asteraceae,Asterales,0,0,0,0,0.00210989,.,.,.,.,.,.,.,.,About 0% of species are perennial,About 0% of species are woody,About 0% of species are agricultural,radial,mixed mating,obligate outcrossing,insect-pollinated,low extinction risk,temperate climates,small genome,moderate variation,https://upload.wikimedia.org/wikipedia/commons/b/b4/Microserissylvatica.jpg
Stellaria,Caryophyllaceae,Caryophyllales,0.0683527,0.025974026,0.676923077,0,0.001818182,.,1,0.636363636,1,0,0.7345,1.1,25.97943667,About 68% of species are perennial,About 0% of species are woody,About 0% of species are agricultural,radial symmetry,selfing,seed reproduction,wind-pollinated,low extinction risk,warm climates,small genome,high variation,https://upload.wikimedia.org/wikipedia/commons/e/e9/Greater_Stitchwort_close_800.jpg
Stemodia,Plantaginaceae,Lamiales,0,0,1,0,0.005925926,.,.,.,1,.,.,.,.,About 100% of species are perennial,About 0% of species are woody,About 1% of species are agriculturally important,radial,selfing,seed-reproducing,wind-pollinated,low extinction risk,cold climates,small genome,low variation,https://upload.wikimedia.org/wikipedia/commons/e/eb/Stemodia_florulenta_habit.jpg
Stenanthemum,Rhamnaceae,Rosales,0,0,1,0,0.004444444,.,.,.,.,.,.,.,.,About 100% of species are perennial,About 0% of species are woody,About 0% of species are agricultural,radial symmetry,mixed mating system,typical syndrome,wind-pollinated,low extinction risk,cold climates,small genome,low variation,https://upload.wikimedia.org/wikipedia/commons/0/02/Stenanthemum_nanum_-_Flickr_-_Kevin_Thiele.jpg
Stenogonum,Polygonaceae,Caryophyllales,0,0,0,0,0.002727273,.,.,.,.,.,.,.,.,About 0% of species are perennial,About 0% of species are woody,About 0% of species are agricultural,radial symmetry,mixed mating system,angiosperm reproduction,wind-pollinated,low extinction risk,cold climates,small genome,low variation,https://upload.wikimedia.org/wikipedia/commons/9/9f/Stenogonum_salsuginosum.jpg
Stenogyne,Lamiaceae,Lamiales,0.526315789,0.05,1,0,0.004320557,.,.,.,.,.,.,.,.,About 100% of species are perennial,About 0% of species are woody,About 0% of species are agricultural,Unknown floral symmetry,Unknown mating system,Unknown reproductive syndrome,Unknown pollination syndrome,Low extinction risk,Unknown average temperature climate,Unknown genome size,Unknown genome variation,https://upload.wikimedia.org/wikipedia/commons/7/76/Starr_040723-0245_Stenogyne_rugosa.jpg
Stenopetalum,Brassicaceae,Brassicales,0,0,0.166666667,0,0.00485306,.,.,.,1,.,.,.,.,About 17% of species are perennial,About 0% of species are woody,About 0% of species are agricultural,radial,mixed mating system,typically reproduces sexually,insect-pollinated,low extinction risk,cold climates,small genome,low variation,https://upload.wikimedia.org/wikipedia/commons/7/77/Stenopetalum_-_Flickr_-_Kevin_Thiele_%281%29.jpg
Stenotus,Asteraceae,Asterales,0,0,1,0,0.00210989,.,.,.,.,.,.,.,.,About 100% of species are perennial,About 0% of species are woody,About 0% of species are agricultural,radial symmetry,selfing,obligate apomixis,wind-pollinated,low extinction risk,cold climates,small genome,low variation,No image found
Stephanomeria,Asteraceae,Asterales,0.432900433,0.045454545,0.636363636,0.136363636,0.00210989,.,.,.,.,.,.,3.09,1.830697168,About 64% of species are perennial,About 14% of species are woody,About 0.21% of species are agricultural,radial symmetry,mixed mating system,obligate xenogamy,wind-pollinated,low extinction risk,temperate climates,medium genome,low variation,https://upload.wikimedia.org/wikipedia/commons/9/9b/Stephanomeria_virgata.jpg
Sternbergia,Amaryllidaceae,Asparagales,0,0,1,0,0,.,.,.,.,.,.,21.29666667,10.83040065,About 1% of species are perennial,About 0% of species are woody,About 0% of species are agricultural,radial symmetry,selfing,autogamous,wind-pollinated,low extinction risk,temperate climates,large genome,moderate variation,https://upload.wikimedia.org/wikipedia/commons/4/49/Sternbergia_lutea_MILAN.jpg
Sticherus,Gleicheniaceae,Monilophyta,0,0,1,0,0,.,.,.,.,.,.,.,.,About 100% of species are perennial,About 0% of species are woody,About 0% of species are of agricultural importance,radial symmetry,selfing,obligate self-pollination,wind-pollinated,low extinction risk,cold climates,small genome,low variation,https://upload.wikimedia.org/wikipedia/commons/7/7c/Shield_Fern_Elvina_Bay.jpg
Stillingia,Euphorbiaceae,Malpighiales,0,0,0.833333333,0,0.01239531,.,.,.,.,.,.,.,.,About 83% of species are perennial,About 0% of species are woody,About 1% of species are agricultural,radial symmetry,mixed mating system,animal-dispersed seeds,insect-pollinated,low extinction risk,temperate climates,small genome,moderate variation,https://upload.wikimedia.org/wikipedia/commons/2/20/Stillingia_linearifolia_001.jpg
Stipa,Poaceae,Poales,0.101010101,0.05,0.965,0,0.074314214,.,1,0.928571429,0,2,.,1.235,39.50637077,About 96% of species are perennial,About 0% of species are woody,About 7% of species are of agricultural interest,radial symmetry,selfing,long-styled,wind-pollinated,moderate risk,temperate climates,small genome,high variation,https://upload.wikimedia.org/wikipedia/commons/e/ee/Stipa_capensis.JPG
Stipagrostis,Poaceae,Poales,0,0,1,0,0.074314214,.,.,.,.,.,.,.,.,About 1% of species are perennial,About 0% of species are woody,About 7% of species are agriculturally important,radial,mixed mating system,typical herbaceous perennial reproduction,wind-pollinated,low extinction risk,temperate climates,small genome,moderate variation,https://upload.wikimedia.org/wikipedia/commons/9/91/Stipagrostis_obtusa_IMG_8586.JPG
Streptanthus,Brassicaceae,Brassicales,0,0,0.314814815,0.037037037,0.00485306,.,.,.,.,.,0.9,0.69,.,About 31% of species are perennial,About 4% of species are woody,About 0% of species are agriculturally important,radial or bilateral symmetry,mixed mating system,seed reproduction,wind-pollinated,low extinction risk,warm climates,small genome,moderate variation,https://upload.wikimedia.org/wikipedia/commons/6/66/Streptanthus_cordatus_var_cordatus_2.jpg
Streptopus,Liliaceae,Liliales,100,0.5,1,0,0,.,1,0.5,1,.,.,6.105,0,About 100% of species are perennial,About 0% of species are woody,About 0% of species are agricultural,radial,selfing,dioecious,insect-pollinated,low extinction risk,temperate climates,medium genome,low variation,https://upload.wikimedia.org/wikipedia/commons/4/40/Streptopus_lanceolatus_blooms.jpg
Strophostyles,Fabaceae,Fabales,0,0,0,0,0.096494845,.,.,.,.,.,.,.,.,About 0% of species are perennial,About 0% of species are woody,About 10% of species are agricultural,radial,mixed,vertebrate pollination,insect-pollinated,low extinction risk,temperate climates,medium genome,high variation,https://upload.wikimedia.org/wikipedia/commons/4/42/Strophostyles_helvola.jpg
Stuartina,Asteraceae,Asterales,0,0,0,0,0.00210989,.,.,.,0,.,.,.,.,About 0% of species are perennial,About 0% of species are woody,About 0% of species are agricultural,radial,mixed mating system,sexual reproduction,wind-pollinated,low extinction risk,cold climates,small genome,low variation,https://upload.wikimedia.org/wikipedia/commons/c/cb/Stuartina_muelleri_%28Spoon_Cudweed%29_%2824703280590%29.jpg
Stutzia,Amaranthaceae,Caryophyllales,0,0,0,0,0.041463415,.,.,.,.,.,.,.,.,About 0% of species are perennial,About 0% of species are woody,About 4% of species are agricultural,radial,mixed mating system,seed reproduction,wind-pollinated,low extinction risk,cold climates,small genome,moderate variation,https://upload.wikimedia.org/wikipedia/commons/b/b6/Atriplex_suckleyi_%287490974898%29.jpg
Stylidium,Stylidiaceae,Asterales,0,0,0.5,0,0,.,.,.,.,.,.,1.53,.,About 50% of species are perennial,About 0% of species are woody,About 0% of species are of agricultural interest,radial or bilateral symmetry,mixed mating system,vegetative and sexual reproduction,wind-pollinated,low extinction risk,temperate climates,small genome,moderate variation,https://upload.wikimedia.org/wikipedia/commons/1/1c/Stylidium_graminifolium_flower_spike.jpg
Stylocline,Asteraceae,Asterales,16.66666667,0.416666667,0,0,0.00210989,.,.,.,.,.,.,.,.,About 0% of species are perennial,About 0% of species are woody,About 0% of species are agricultural,radial symmetry,mixed mating system,wind-pollinated,wind-pollinated,low extinction risk,cold climates,small genome,low variation,https://upload.wikimedia.org/wikipedia/commons/c/ca/Stylocline_micropoides_1.jpg
Suaeda,Amaranthaceae,Caryophyllales,0.158730159,0.027777778,0.375,0.291666667,0.041463415,.,1,0.75,0.333333333,0,.,1.06,.,About 38% of species are perennial,About 29% of species are woody,About 4% of species are agriculturally important,radial symmetry,selfing,dioecious,insect-pollinated,low extinction risk,temperate climates,small genome,moderate variation,https://upload.wikimedia.org/wikipedia/commons/f/f1/Suaeda_maritima.jpg
Succisa,Caprifoliaceae,Dipsacales,0,0,1,0,0,.,1,1,1,0.5,.,2.765,0,About 100% of species are perennial,About 0% of species are woody,About 0% of species are agricultural,radial,selfing,asexual reproduction,insect-pollinated,low extinction risk,temperate climates,medium genome,low variation,https://upload.wikimedia.org/wikipedia/commons/1/15/Succisa_pratensis_-_Niitv%C3%A4lja_bog_-_Keila.jpg
Succisella,Caprifoliaceae,Dipsacales,0,0,1,0,0,.,1,0.5,1,3,.,2.775,7.899210889,About 100% of species are perennial,About 0% of species are woody,About 0% of species are annuals,radial symmetry,obligate selfing,vertebrate pollination,insect-pollinated,moderate risk,temperate climates,medium genome,moderate variation,https://upload.wikimedia.org/wikipedia/commons/d/da/Succisella_inflexa_PID869-2.jpg
Succowia,Brassicaceae,Brassicales,0,0,0,0,0.00485306,.,.,.,.,.,.,.,.,About 0% of species are perennial,About 0% of species are woody,About 0% of species are agricultural,radial symmetry,mixed mating system,sexual reproduction,wind-pollinated,low extinction risk,temperate climates,small genome,low variation,https://upload.wikimedia.org/wikipedia/commons/6/69/Succowia_balearica135.jpg
Swainsona,Fabaceae,Fabales,0,0,0.944444444,0.166666667,0.096494845,.,.,.,1,.,.,.,.,About 94% of species are perennial,About 17% of species are woody,About 10% of species are agricultural,radial symmetry,mixed mating system,dioecious reproductive syndrome,insect-pollinated,low extinction risk,temperate climates,medium genome,low variation,https://upload.wikimedia.org/wikipedia/commons/7/7a/Swainsona_affinis.jpg
Swertia,Gentianaceae,Gentianales,0,0,1,0,0,0,1,0.5,1,.,.,.,.,About 100% of species are perennial,About 0% of species are woody,About 0% of species are agricultural,radial,selfing,vegetative reproduction,insect-pollinated,low extinction risk,temperate climates,small genome,moderate variation,https://upload.wikimedia.org/wikipedia/commons/8/8b/Swertia_perennis_230705.jpg
Symphoricarpos,Caprifoliaceae,Dipsacales,0.833333333,0.0625,1,1,0,.,1,0.5,1,.,.,.,.,About 100% of species are perennial,About 100% of species are woody,About 0% of species are agricultural,radial,mixed mating system,typically reproduces sexually,insect-pollinated,low extinction risk,temperate climates,small genome,low variation,https://upload.wikimedia.org/wikipedia/commons/7/75/Symphoricarpos_albus_7927.jpg
Symphyandra,Campanulaceae,Asterales,0,0,0.666666667,0,0,.,.,.,.,.,.,.,.,About 67% of species are perennial,About 0% of species are woody,About 0% of species are annual,radial symmetry,mixed mating system,vegetative reproduction,insect-pollinated,low extinction risk,temperate climates,medium genome,moderate variation,https://upload.wikimedia.org/wikipedia/commons/2/2e/Campanula_persicifolia_Tehumardi_Saaremaa.jpg
Symphytum,Boraginaceae,Boraginales,1.538461538,0.192307692,1,0,0.001824818,.,1,0.7,1,.,.,2.206666667,0,About 100% of species are perennial,About 0% of species are woody,About 0% of species are agriculturally important,radial symmetry,selfing,self-pollinated,insect-pollinated,low extinction risk,temperate climates,medium genome,low variation,https://upload.wikimedia.org/wikipedia/commons/6/6b/Symphytum_caucasicum_-_Curtis.jpg
Synthyris,Scrophulariaceae,Lamiales,0,0,1,0,0.001764706,.,.,.,.,.,.,1.32,.,About 100% of species are perennial,About 0% of species are woody,About 0% of species are agricultural,radial symmetry,mixed mating system,annual,wind-pollinated,low extinction risk,cold climates,small genome,low variation,https://upload.wikimedia.org/wikipedia/commons/b/bd/Veronica_chamaedrys_-_K%C3%BClmamailane.jpg
Syntrichopappus,Asteraceae,Asterales,0,0,0,0,0.00210989,.,.,.,.,.,.,.,.,About 0% of species are perennial,About 0% of species are woody,About 0% of species are agricultural,radial symmetry,selfing,obligate xenogamy,wind-pollinated,low extinction risk,cold climates,small genome,low variation,https://upload.wikimedia.org/wikipedia/commons/f/fb/Syntrichopappus_fremontii_72249592.jpg
Syrenia,Brassicaceae,Brassicales,0,0,0,0,0.00485306,.,.,.,.,.,.,.,.,About 0% of species are perennial,About 0% of species are woody,About 0% of species are agricultural,radial or bilateral symmetry,mixed mating system,unknown reproductive syndrome,unknown pollination syndrome,low extinction risk,cold climates,small genome,low variation,No image found
Syringa,Oleaceae,Lamiales,0,0,1,1,0.003252033,.,1,0.5,1,.,.,1.236666667,4.435170532,About 100% of species are perennial,About 100% of species are woody,About 0% of species are agricultural,radial,selfing,vegetative reproduction,insect-pollinated,low extinction risk,cold climates,small genome,low variation,https://upload.wikimedia.org/wikipedia/commons/c/c6/Stockholm-lilac.jpg
Syzygium,Myrtaceae,Myrtales,0,0,1,1,0.003243243,0,.,.,1,2.688888889,.,1.83,.,About 100% of species are perennial,About 100% of species are woody,About 0% of species are agriculturally important,radial,Mixed mating system,Obligate xenogamy,wind-pollinated,moderate risk,temperate climates,small genome,moderate variation,https://upload.wikimedia.org/wikipedia/commons/d/d3/Starr_070321-6132_Syzygium_malaccense.jpg
Taeniatherum,Poaceae,Poales,0,0,1,0,0.074314214,.,.,.,0,.,.,4.555,0,About 1% of species are perennial,About 0% of species are woody,About 7% of species are agricultural,radial symmetry,mixed mating system,unknown reproductive syndrome,wind-pollinated,low extinction risk,temperate climates,medium genome,low variation,https://upload.wikimedia.org/wikipedia/commons/d/de/ARS_Medusahead_weed.jpg
Tagetes,Asteraceae,Asterales,0,0,0,0,0.00210989,0,.,.,.,.,.,1.18,.,About 0% of species are perennial,About 0% of species are woody,About 0% of species are agricultural,radial,selfing,sexual reproduction,wind-pollinated,low extinction risk,cold climates,small genome,low variation,https://upload.wikimedia.org/wikipedia/commons/b/b0/Tagetes_erecta_chendumalli_chedi.jpg
Talinum,Talinaceae,Caryophyllales,0,0,1,0,0.090909091,0,.,.,1,.,.,.,.,About 100% of species are perennial,About 0% of species are woody,About 9% of species are agriculturally important,radial,Unknown mating system,Unknown reproductive syndrome,wind-pollinated,Low extinction risk,Cold climates,Small genome,Low variation,https://upload.wikimedia.org/wikipedia/commons/2/28/Talinum_fruticosum2.JPG
Tamarix,Tamaricaceae,Caryophyllales,0.738916256,0.103448276,1,1,0,.,.,.,0.5,0,.,1.5825,3.14372018,About 100% of species are perennial,About 100% of species are woody,About 0% of species are annual,radial,selfing,generalist reproduction,insect-pollinated,low extinction risk,cold climates,small genome,low variation,https://upload.wikimedia.org/wikipedia/commons/c/c2/Tamarix_aphylla.jpg
Tanacetum,Asteraceae,Asterales,0,0,0.931034483,0,0.00210989,.,1,0.75,1,.,.,6.43,35.11297638,About 93% of species are perennial,About 0% of species are woody,About 0% of species are agricultural,radial symmetry,selfing,obligate selfing,insect-pollinated,low extinction risk,temperate climates,medium genome,high variation,https://upload.wikimedia.org/wikipedia/commons/c/ce/Tansy.jpg
Taraxacum,Asteraceae,Asterales,0.007936036,0.012578616,1,0,0.00210989,.,0.666666667,0.96875,1,.,.,1.513333333,41.82513466,About 100% of species are perennial,About 0% of species are woody,About 0% of species are agricultural,radial symmetry,mixed mating system,reproduces sexually,wind-pollinated,low extinction risk,cold climates,small genome,high variation,https://upload.wikimedia.org/wikipedia/commons/4/4f/DandelionFlower.jpg
Tauschia,Apiaceae,Apiales,0,0,1,0,0.003968254,.,.,.,.,.,.,.,.,About 100% of species are perennial,About 0% of species are woody,About 0% of species are agricultural,radial symmetry,mixed mating system,sexual reproduction,insect-pollinated,low extinction risk,cold climates,small genome,low variation,https://upload.wikimedia.org/wikipedia/commons/6/68/Tauschiaarguta.jpg
Taxus,Taxaceae,Pinophyta,0,0,1,1,0,.,1,1,0,0.777777778,.,11.4,2.006854005,About 100% of species are perennial,About 100% of species are woody,About 0% of species are cultivated,radial symmetry,selfing,vegetative reproduction,wind-pollinated,moderate risk,temperate climates,large genome,low variation,https://upload.wikimedia.org/wikipedia/commons/3/31/Taxus_baccata_MHNT.jpg
Tectaria,Tectariaceae,Monilophyta,0,0,1,0,0,.,.,.,.,.,.,.,.,About 1% of species are perennial,About 0% of species are woody,About 0% of species are agricultural,radial,selfing,insects,insect-pollinated,low extinction risk,cold climates,small genome,low variation,https://upload.wikimedia.org/wikipedia/commons/4/42/Tectaria_paradoxa_1.jpg
Teesdalia,Brassicaceae,Brassicales,0,0,0,0,0.00485306,.,1,1,1,.,.,0.61,.,About 0% of species are perennial,About 0% of species are woody,About 0% of species are herbaceous annuals,radial,mixed mating system,self-pollination,wind-pollinated,low extinction risk,cold climates,small genome,low variation,https://upload.wikimedia.org/wikipedia/commons/d/d4/208_Teesdalea_nudicaulis.jpg
Telekia,Asteraceae,Asterales,0,0,1,0,0.00210989,.,1,0.5,1,.,.,1.29,.,About 100% of species are perennial,About 0% of species are woody,About 0% of species are agamic,radial symmetry,mixed mating system,sexual reproduction,insect-pollinated,low extinction risk,cold climates,small genome,low variation,https://upload.wikimedia.org/wikipedia/commons/a/ad/Telekia_speciosissima_QWERTZY2.JPG
Teline,Fabaceae,Fabales,0,0,1,1,0.096494845,.,.,.,.,.,.,1.03,.,About 100% of species are perennial,About 100% of species are woody,About 10% of species are agriculturally important,radial symmetry,self-incompatible,self-pollinating,wind-pollinated,low extinction risk,cold climates,small genome,low variation,https://upload.wikimedia.org/wikipedia/commons/2/2f/Biserica_Evanghelica_din_Bradeni_%28Henndorf%29%2C_jud.Sibiu.jpg
Templetonia,Fabaceae,Fabales,0,0,1,0.666666667,0.096494845,.,.,.,.,.,.,.,.,About 100% of species are perennial,About 67% of species are woody,About 10% of species are agricultural,radial,mixed mating system,seed reproduction,insect-pollinated,low extinction risk,temperate climates,medium genome,moderate variation,https://upload.wikimedia.org/wikipedia/commons/4/4f/Templetonia_retusa.jpg
Tephroseris,Asteraceae,Asterales,0,0,1,0,0.00210989,.,1,0.7,1,.,.,.,.,About 100% of species are perennial,About 0% of species are woody,About 0% of species are agroforestry species,radial,selfing,herbaceous,insect-pollinated,low extinction risk,temperate climates,small genome,low variation,https://upload.wikimedia.org/wikipedia/commons/e/e2/Tephroseris_crispa_%28Bach-Aschenkraut%29_IMG_8654.JPG
Terminalia,Combretaceae,Myrtales,0,0,1,1,0.01,0,.,.,1,2.425,.,3.955,40.35504373,About 100% of species are perennial,About 100% of species are woody,About 1% of species are of agricultural importance,radial,Unknown mating system,Unknown reproductive syndrome,insect-pollinated,moderate risk,Temperate climates,medium genome,high variation,No image found
Tetracoccus,Picrodendraceae,Malpighiales,0,0,1,1,0,.,.,.,.,.,.,.,.,About 1% of species are perennial,About 1% of species are woody,About 0% of species are agamospermous,radial symmetry,mixed mating system,typical reproductive syndrome,wind-pollinated,low extinction risk,temperate climates,medium genome,moderate variation,No image found
Tetradymia,Asteraceae,Asterales,0,0,1,1,0.00210989,.,.,.,.,.,.,.,.,About 100% of species are perennial,About 100% of species are woody,About 0% of species are agricultural,radial symmetry,mixed mating system,obligate xenogamy,wind-pollinated,low extinction risk,cold climates,small genome,low variation,https://upload.wikimedia.org/wikipedia/commons/7/75/Tetradymia_axillaris_1.jpg
Tetragonia,Aizoaceae,Caryophyllales,0,0,0.25,0,0.000990099,.,.,.,0,.,.,.,.,About 25% of species are perennial,About 0% of species are woody,About 0% of species are agricultural,radial,selfing,obligate apomixis,wind-pollinated,low extinction risk,cold climates,small genome,low variation,https://upload.wikimedia.org/wikipedia/commons/a/af/Tetragonia_tetragonioides_habit.jpg
Tetragonolobus,Fabaceae,Fabales,0,0,0.2,0,0.096494845,.,.,.,.,.,.,.,.,About 20% of species are perennial,About 0% of species are woody,About 10% of species are agricultural,radial or bilateral symmetry,mixed mating system,primarily sexual reproduction,wind-pollinated,low extinction risk,cold climates,small genome,low variation,https://upload.wikimedia.org/wikipedia/commons/8/8a/LOTUS_CORNICULATUS_-_FIGUEROLA_-_IB-377_%28Lot_corniculat%29.JPG
Tetramolopium,Asteraceae,Asterales,0,0,1,1,0.00210989,.,.,.,.,.,.,.,.,About 100% of species are perennial,About 100% of species are woody,About 0% of species are cultivated,radial or bilateral symmetry,mixed mating system,sexual reproduction,wind-pollinated,low extinction risk,cold climates,small genome,low variation,https://upload.wikimedia.org/wikipedia/commons/0/0b/Starr_050519-6879_Tetramolopium_rockii.jpg
Tetraplasandra,Araliaceae,Apiales,0,0,1,1,0,.,.,.,.,4,.,.,.,About 1% of species are perennial,About 1% of species are woody,About 0% of species are agamic,radial,mixed mating,seed reproduction,wind-pollinated,high risk,temperate climates,medium genome,high variation,No image found
Tetrarrhena,Poaceae,Poales,0,0,1,0,0.074314214,.,.,.,.,.,.,.,.,About 1% of species are perennial,About 0% of species are woody,About 7% of species are agricultural,radial,selfing,self-pollinating,wind-pollinated,low extinction risk,cold climates,small genome,low variation,No image found
Tetratheca,Elaeocarpaceae,Oxalidales,0,0,1,0.875,0,.,.,.,.,.,0.983333333,.,.,About 100% of species are perennial,About 87.5% of species are woody,About 0% of species are agricultural,radial,mixed mating system,self-pollination,insect-pollinated,low extinction risk,warm climates,medium genome,moderate variation,https://upload.wikimedia.org/wikipedia/commons/1/1e/Tetratheca_hirsuta_gnangarra.JPG
Teucrium,Lamiaceae,Lamiales,0.049603175,0.015625,0.836065574,0.640625,0.004320557,.,1,0.7,0.964285714,0.166666667,.,1.05,40.319585,About 84% of species are perennial,About 64% of species are woody,About 0% of species are agricultural,radial,mixed mating,predominantly self-pollinated,insect-pollinated,low extinction risk,temperate climates,small genome,high variation,https://upload.wikimedia.org/wikipedia/commons/0/01/Teucrium_eremaeum_-_Flickr_-_Kevin_Thiele.jpg
Thalictrum,Ranunculaceae,Ranunculales,0,0,1,0,0,0,1,0.5,0.714285714,.,.,1.2,11.78511302,About 100% of species are perennial,About 0% of species are woody,About 0% of species are agricultural,radial,selfing,asexual reproduction,insect-pollinated,low extinction risk,temperate climates,small genome,moderate variation,https://upload.wikimedia.org/wikipedia/commons/f/f7/Thalictrum_flavum0.jpg
Thapsia,Apiaceae,Apiales,0,0,1,0,0.003968254,.,.,.,1,.,.,.,.,About 100% of species are perennial,About 0% of species are woody,About 0% of species are agricultural,radial symmetry,mixed mating system,reproduces sexually,insect-pollinated,low extinction risk,temperate climates,small genome,low variation,No image found
Thaspium,Apiaceae,Apiales,0,0,1,0,0.003968254,.,.,.,.,.,.,.,.,About 100% of species are perennial,About 0% of species are woody,About 0% of species are agricultural,radial,mixed mating system,reproduction by seeds,insect-pollinated,low extinction risk,cold climates,small genome,low variation,https://upload.wikimedia.org/wikipedia/commons/f/f3/Thaspium_barbinode.jpg
Thelesperma,Asteraceae,Asterales,0,0,1,0,0.00210989,.,.,.,.,.,.,.,.,About 100% of species are perennial,About 0% of species are woody,About 0% of species are agamic,radial,mixed mating system,typical sexual reproduction,insect-pollinated,low extinction risk,cold climates,small genome,low variation,https://upload.wikimedia.org/wikipedia/commons/5/59/Thelesperma_filifolium.jpg
Thelionema,Xanthorrhoeaceae,Asparagales,0,0,1,0,0,.,.,.,.,.,.,.,.,About 1% of species are perennial,About 0% of species are woody,About 0% of species are agricultural,radial symmetry,mixed mating system,sexual reproduction,insect-pollinated,low extinction risk,cold climates,small genome,low variation,https://upload.wikimedia.org/wikipedia/commons/6/64/Stypandra_grandis.jpg
Thelymitra,Orchidaceae,Asparagales,9.558823529,0.764705882,1,0,0,.,.,.,.,.,.,.,.,About 100% of species are perennial,About 0% of species are woody,About 0% of species are agricultural,unknown symmetry,unknown mating system,unknown reproductive syndrome,unknown pollination syndrome,low extinction risk,cold climates,small genome,low variation,https://upload.wikimedia.org/wikipedia/commons/0/00/Thelymitra_benthamiana.jpg
Thelypodiopsis,Brassicaceae,Brassicales,0,0,0.083333333,0,0.00485306,.,.,.,.,.,.,.,.,About 8% of species are perennial,About 0% of species are woody,About 0% of species are agricultural,radial,mixed,obligate xenogamy,insect-pollinated,low extinction risk,temperate climates,small genome,moderate variation,https://upload.wikimedia.org/wikipedia/commons/7/79/2017.04.16_08.12.29_IMG_8419_-_Flickr_-_andrey_zharkikh.jpg
Thelypodium,Brassicaceae,Brassicales,0,0,0.157894737,0,0.00485306,.,.,.,.,.,.,.,.,About 16% of species are perennial,About 0% of species are woody,About 0% of species are agamic,radial,mixed mating system,sexual reproduction,insect-pollinated,low extinction risk,cold climates,small genome,low variation,https://upload.wikimedia.org/wikipedia/commons/0/08/Thelypodium_integrifolium_ssp_affine_2.jpg
Thelypteris,Thelypteridaceae,Monilophyta,0,0,1,0,0,.,1,0.5,.,1.966666667,.,6.045,36.14491239,About 100% of species are perennial,About 0% of species are woody,About 0% of species are agamospermous,radial symmetry,obligate selfing,self-pollination,insect-pollinated,moderate risk,temperate climates,medium genome,high variation,https://upload.wikimedia.org/wikipedia/commons/f/ff/Thelypteris_palustris_02.jpg
Themeda,Poaceae,Poales,0,0,1,0,0.074314214,.,.,.,0,.,.,.,.,About 1% of species are perennial,About 0% of species are woody,About 7% of species are agricultural,radial,selfing,wind-pollinated,wind-pollinated,low extinction risk,cold climates,small genome,low variation,https://upload.wikimedia.org/wikipedia/commons/5/53/Themeda_triandra_-_kangaroo_grass.jpg
Thermopsis,Fabaceae,Fabales,0,0,1,0,0.096494845,.,.,.,.,.,.,.,.,About 1% of species are perennial,About 0% of species are woody,About 10% of species are agricultural,radial symmetry,mixed mating system,reproduction by seeds,insect-pollinated,low extinction risk,temperate climates,small genome,moderate variation,https://upload.wikimedia.org/wikipedia/commons/9/94/Thermopsis_californica.jpg
Thesium,Santalaceae,Santalales,0,0,0.916666667,0,0.002139037,0,1,0.785714286,0.95,.,.,.,.,About 92% of species are perennial,About 0% of species are woody,About 0% of species are agricultural,radial,selfing,asexual reproduction,insect-pollinated,low extinction risk,temperate climates,medium genome,moderate variation,https://upload.wikimedia.org/wikipedia/commons/7/7b/Thesium_alpinum01.jpg
Thlaspi,Brassicaceae,Brassicales,0,0,0.541666667,0,0.00485306,.,1,0.916666667,1,.,.,0.405,39.02950467,About 54% of species are perennial,About 0% of species are woody,About 0% of species are agricultural,radial symmetry,selfing,asexual reproduction,wind-pollinated,low extinction risk,cold climates,small genome,high variation,https://upload.wikimedia.org/wikipedia/commons/6/61/Thlaspi_arvense.jpeg
Thryptomene,Myrtaceae,Myrtales,0,0,1,1,0.003243243,.,.,.,.,.,.,0.41,.,About 100% of species are perennial,About 100% of species are woody,About 0% of species are agricultural,radial symmetry,mixed mating system,typical reproductive syndrome,insect-pollinated,low extinction risk,cold climates,small genome,low variation,https://upload.wikimedia.org/wikipedia/commons/2/27/Thryptomene_saxicola_white_flower_form.jpg
Thunbergia,Acanthaceae,Lamiales,0,0,1,0,0.000857143,0.777777778,.,.,.,.,.,.,.,About 100% of species are perennial,About 0% of species are woody,About 0% of species are agamospermic,radial,Unknown mating system,Unknown reproductive syndrome,Unknown pollination syndrome,Low extinction risk,Temperate climates,Medium genome,Moderate variation,https://upload.wikimedia.org/wikipedia/commons/2/2a/Thunbergia_alata.JPG
Thymelaea,Thymelaeaceae,Malvales,0,0,0.823529412,0.823529412,0.001324503,.,1,1,0.666666667,.,.,0.75,.,About 82% of species are perennial,About 82% of species are woody,About 0% of species are agricultural,radial,selfing,asexual reproduction,insect-pollinated,low extinction risk,cold climates,small genome,low variation,https://upload.wikimedia.org/wikipedia/commons/5/5d/Thymelaea_hirsuta.jpg
Thymophylla,Asteraceae,Asterales,0,0,1,0,0.00210989,.,.,.,.,.,.,.,.,About 1% of species are perennial,About 0% of species are woody,About 0% of species are agricultural,radial symmetry,mixed mating system,self-pollination,wind-pollinated,low extinction risk,cold climates,small genome,low variation,https://upload.wikimedia.org/wikipedia/commons/6/66/Thymophylla_pentachaeta_var_belenidium_2.jpg
Thymus,Lamiaceae,Lamiales,0.523138833,0.183098592,1,0.575342466,0.004320557,.,1,0.75,1,.,0.68,1.013333333,33.0506175,About 100% of species are perennial,About 58% of species are woody,About 0% of species are in agricultural use,radial symmetry,mixed mating system,likely associated with generalist pollinators,insect-pollinated,low extinction risk,temperate climates,small genome,high variation,https://upload.wikimedia.org/wikipedia/commons/c/cf/Illu_thymus.jpg
Thysanocarpus,Brassicaceae,Brassicales,0,0,0,0,0.00485306,.,.,.,.,.,.,.,.,About 0% of species are perennial,About 0% of species are woody,About 0% of species are agricultural,radial,mixed mating,Obligate xenogamy,wind-pollinated,low extinction risk,cold climates,small genome,low variation,https://upload.wikimedia.org/wikipedia/commons/6/6e/Thysanocarpuslaciniatus.jpg
Thysanotus,Asparagaceae,Asparagales,0,0,1,0,0,.,.,.,1,.,.,.,.,About 100% of species are perennial,About 0% of species are woody,About 0% of species are agricultural,bilateral,selfing,autotrophic,insect-pollinated,low extinction risk,temperate climates,medium genome,moderate variation,https://upload.wikimedia.org/wikipedia/commons/1/13/Jarrahdale_Flower_6.jpg
Tibouchina,Melastomataceae,Myrtales,0,0,1,0.333333333,0,.,.,.,1,2.25,.,.,.,About 100% of species are perennial,About 33% of species are woody,About 0% of species are agricultural,radial symmetry,mixed mating system,reproduction via vegetative propagation,insect-pollinated,moderate risk,temperate climates,medium genome,moderate variation,https://upload.wikimedia.org/wikipedia/commons/8/88/Tibouchina_papyrus.jpg
Tidestromia,Amaranthaceae,Caryophyllales,0,0,0.5,0.25,0.041463415,.,.,.,.,.,.,.,.,About 50% of species are perennial,About 25% of species are woody,About 4% of species are agricultural,radial,mixed mating,nectar-rewarded,insect-pollinated,low extinction risk,temperate climates,medium genome,moderate variation,https://upload.wikimedia.org/wikipedia/commons/4/4b/Tidestromia_lanuginosa.jpg
Tilia,Malvaceae,Malvales,10.8974359,0.653846154,1,1,0.006153846,.,1,1,0.833333333,.,.,.,.,About 100% of species are perennial,About 100% of species are woody,About 1% of species are agricultural,radial symmetry,selfing,outcrossing,insect-pollinated,low extinction risk,temperate climates,small genome,moderate variation,https://upload.wikimedia.org/wikipedia/commons/6/6f/Kristinas_lind_2013.jpg
Tiquilia,Boraginaceae,Boraginales,0,0,0.75,0.375,0.001824818,.,.,.,.,0.5,.,.,.,About 75% of species are perennial,About 37.5% of species are woody,About 0.18% of species are agricultural,radial symmetry,mixed mating system,sexual reproduction,insect-pollinated,low extinction risk,temperate climates,small genome,moderate variation,https://upload.wikimedia.org/wikipedia/commons/b/bd/Tiquilia_canescens_var_canescens_9.jpg
Tmesipteris,Psilotaceae,Monilophyta,0,0,1,0,0,.,.,.,.,.,.,.,.,About 100% of species are perennial,About 0% of species are woody,About 0% of species are agricultural,radial or bilateral symmetry,mixed mating system,vegetative reproduction,insect-pollinated,low extinction risk,temperate climates,small genome,low variation,https://upload.wikimedia.org/wikipedia/commons/c/cc/Tmesipteris_elongata.jpg
Tofieldia,Tofieldiaceae,Alismatales,0,0,1,0,0,.,1,0.5,0.333333333,.,.,0.78,.,About 100% of species are perennial,About 0% of species are woody,About 0% of species are agricultural,radial,selfing,vegetative reproduction,insect-pollinated,low extinction risk,temperate climates,small genome,moderate variation,https://upload.wikimedia.org/wikipedia/commons/3/35/Auf_dem_Lavafeld_Dimmuborgir_6059.JPG
Tolpis,Asteraceae,Asterales,0,0,0.6,0,0.00210989,0,1,0.5,1,.,0.866,1.692,41.60563409,About 60% of species are perennial,About 0% of species are woody,About 0% of species are agricultural,radial,mixed mating system,likely outcrossing,insect-pollinated,low extinction risk,warm climates,small genome,high variation,https://upload.wikimedia.org/wikipedia/commons/a/a6/Tolpis_barbata_Sebk_006.jpg
Tomanthera,Scrophulariaceae,Lamiales,0,0,0,0,0.001764706,.,.,.,.,.,.,.,.,About 0% of species are perennial,About 0% of species are woody,About 0% of species are agricultural,radial symmetry,mixed mating system,obligate outcrossing,wind-pollinated,low extinction risk,cold climates,small genome,low variation,No image found
Tonestus,Asteraceae,Asterales,0,0,1,0,0.00210989,.,.,.,.,.,.,.,.,About 100% of species are perennial,About 0% of species are woody,About 0% of species are agricultural,Unknown floral symmetry,Unknown mating system,Unknown reproductive syndrome,Unknown pollination syndrome,Low extinction risk,Cold climates,Small genome,Low variation,https://upload.wikimedia.org/wikipedia/commons/9/93/Tonestus_lyallii_9688891.jpg
Tordylium,Apiaceae,Apiales,0,0,0,0,0.003968254,.,1,1,1,.,.,.,.,About 0% of species are perennial,About 0% of species are woody,About 0% of species are agricultural,radial,selfing,sexual reproduction,wind-pollinated,low extinction risk,cold climates,small genome,low variation,https://upload.wikimedia.org/wikipedia/commons/0/05/Tordylium_apulum_%2813605778393%29.jpg
Torilis,Apiaceae,Apiales,0,0,0,0,0.003968254,.,1,1,1,.,.,1.82,23.17700259,About 0% of species are perennial,About 0% of species are woody,About 0% of species are agricultural,radial,selfing,obligate outcrosser,wind-pollinated,low extinction risk,cold climates,small genome,high variation,https://upload.wikimedia.org/wikipedia/commons/f/f2/Torilis_japonica.jpeg
Torreyochloa,Poaceae,Poales,0,0,1,0,0.074314214,.,.,.,.,.,.,.,.,About 100% of species are perennial,About 0% of species are woody,About 7% of species are agricultural,radial symmetry,selfing,typically self-pollinating,wind-pollinated,low extinction risk,cold climates,small genome,low variation,https://upload.wikimedia.org/wikipedia/commons/6/68/Torreyochloa_pallida_var_pauciflora_BLM-1.jpg
Torularia,Brassicaceae,Brassicales,0,0,0,0,0.00485306,.,.,.,.,.,.,.,.,About 0% of species are perennial,About 0% of species are woody,About 0% of species are agricultural,radial or bilateral symmetry,mixed mating system,reproduction by seeds,wind-pollinated,low extinction risk,cold climates,small genome,low variation,No image found
Townsendia,Asteraceae,Asterales,0.790513834,0.086956522,0.739130435,0,0.00210989,.,.,.,.,.,.,.,.,About 74% of species are perennial,About 0% of species are woody,About 0% of species are agricultural,radial symmetry,mixed mating system,sexual reproduction,insect-pollinated,low extinction risk,temperate climates,medium genome,moderate variation,No image found
Toxicodendron,Anacardiaceae,Sapindales,0,0,1,1,0.002030457,.,.,.,.,3,.,.,.,About 100% of species are perennial,About 100% of species are woody,About 0% of species are agamospermous,radial symmetry,self-incompatible,obligate outcrossing,wind-pollinated,moderate risk,temperate climates,medium genome,low variation,https://upload.wikimedia.org/wikipedia/commons/7/71/Toxicodendron_radicans.jpg
Trachelium,Campanulaceae,Asterales,0,0,1,0,0,.,.,.,.,.,.,.,.,About 1% of species are perennial,About 0% of species are woody,About 0% of species are agricultural,radial symmetry,selfing,self-pollination,wind-pollinated,low extinction risk,cold climates,small genome,low variation,No image found
Trachomitum,Apocynaceae,Gentianales,0,0,1,.,0.000658617,.,.,.,.,.,.,.,.,About 100% of species are perennial,About 75% of species are woody,About 0% of species are agricultural,radial symmetry,mixed mating system,obligate cross-pollination,insect-pollinated,low extinction risk,temperate climates,medium genome,low variation,https://upload.wikimedia.org/wikipedia/commons/a/a3/SpreadingDogbane.JPG
Trachymene,Araliaceae,Apiales,0,0,0.3,0,0,.,.,.,1,.,.,.,.,About 30% of species are perennial,About 0% of species are woody,About 0% of species are annual,radial symmetry,mixed mating system,generalist reproduction,insect-pollinated,low extinction risk,cold climates,small genome,low variation,https://upload.wikimedia.org/wikipedia/commons/2/27/Trachymene_habit.jpg
Tradescantia,Commelinaceae,Commelinales,0,0,1,0,0,0,.,.,1,.,.,17.535,53.31045655,About 1% of species are perennial,About 0% of species are woody,About 0% of species are agricultural,radial,selfing,sexual reproduction,wind-pollinated,low extinction risk,cold climates,large genome,high variation,https://upload.wikimedia.org/wikipedia/commons/e/e9/Spiderwort_Blue_Flower_2.JPG
Tragia,Euphorbiaceae,Malpighiales,0,0,1,0,0.01239531,0,.,.,.,0,.,.,.,About 100% of species are perennial,About 0% of species are woody,About 1% of species are agricultural,radial,selfing,self-pollination,wind-pollinated,low extinction risk,temperate climates,small genome,moderate variation,https://upload.wikimedia.org/wikipedia/commons/1/1b/Tragia_ramosa_2.jpg
Tragopogon,Asteraceae,Asterales,0.672268908,0.114285714,0.185714286,0,0.00210989,.,1,1,1,.,.,4.17,34.43425754,About 19% of species are perennial,About 0% of species are woody,About 0% of species are agricultural,radial symmetry,selfing,sexual reproduction,wind-pollinated,low extinction risk,temperate climates,medium genome,high variation,https://upload.wikimedia.org/wikipedia/commons/e/ef/Tragopogon_porrifolius_flower.jpg
Tragus,Poaceae,Poales,0,0,0,0,0.074314214,.,1,1,0,.,.,.,.,About 0% of species are perennial,About 0% of species are woody,About 7% of species are agricultural,radial,selfing,obligate self-pollination,wind-pollinated,low extinction risk,cold climates,small genome,low variation,No image found
Trematolobelia,Campanulaceae,Asterales,0,0,1,1,0,.,.,.,.,.,.,.,.,About 1% of species are perennial,About 1% of species are woody,About 0% of species are agricultural,radial,mixed mating system,reproduction by seeds,wind-pollinated,low extinction risk,cold climates,small genome,low variation,https://upload.wikimedia.org/wikipedia/commons/7/7e/Lobelia_niihauensis_%285762180787%29.jpg
Triadenum,Hypericaceae,Malpighiales,0,0,1,0,0,.,.,.,.,.,.,.,.,About 1% of species are perennial,About 0% of species are woody,About 0% of species are agricultural,Unknown floral symmetry,Unknown mating system,Unknown reproductive syndrome,Unknown pollination syndrome,Low extinction risk,Unknown temperature average,Unknown C value,Unknown variation in C value,https://upload.wikimedia.org/wikipedia/commons/f/f8/Triadenum_virginicum.jpg
Tribolium,Poaceae,Poales,0,0,1,0,0.074314214,.,.,.,.,.,.,.,.,About 1% of species are perennial,About 0% of species are woody,About 7% of species are agricultural,radial symmetry,mixed mating system,seed-dispersed,insect-pollinated,low extinction risk,temperate climates,small genome,low variation,No image found
Trichanthodium,Asteraceae,Asterales,0,0,0,0,0.00210989,.,.,.,.,.,.,.,.,About 0% of species are perennial,About 0% of species are woody,About 0% of species are agricultural,radial symmetry,selfing,obligate apomixis,wind-pollinated,low extinction risk,cold climates,small genome,low variation,https://upload.wikimedia.org/wikipedia/commons/a/a2/Trichanthodium_skirrophorum_%288693018170%29.jpg
Trichophorum,Cyperaceae,Poales,0,0,1,0,0.00045977,.,1,0.5,0,.,.,.,.,About 100% of species are perennial,About 0% of species are woody,About 0% of species are agricultural,radial symmetry,selfing,parthenogenesis,wind-pollinated,low extinction risk,cold climates,small genome,low variation,https://upload.wikimedia.org/wikipedia/commons/5/57/Trichophorum_cespitosum_%28Rasen-Haarbinse%29_IMG_2929.jpg
Trichostema,Lamiaceae,Lamiales,0,0,0.153846154,0.153846154,0.004320557,.,.,.,.,.,.,.,.,About 15% of species are perennial,About 15% of species are woody,About 0% of species are agricultural,radial symmetry,mixed mating system,obligate xenogamy,wind-pollinated,low extinction risk,temperate climates,medium genome,moderate variation,https://upload.wikimedia.org/wikipedia/commons/7/73/Trichostema_lanatum_flowers_2005-03-24.jpg
Tricoryne,Xanthorrhoeaceae,Asparagales,0,0,1,0,0,.,.,.,.,.,.,.,.,About 100% of species are perennial,About 0% of species are woody,About 0% of species are agroforestry,radial symmetry,selfing,self-pollination,wind-pollinated,low extinction risk,cold climates,small genome,low variation,https://upload.wikimedia.org/wikipedia/commons/1/16/Tricoryne.jpg
Tricyrtis,Liliaceae,Liliales,0,0,1,0,0,.,.,.,.,.,.,4.21,7.863631999,About 1% of species are perennial,About 0% of species are woody,About 0% of species are agricultural,radial symmetry,mixed mating system,dioecious reproduction,insect-pollinated,low extinction risk,temperate climates,medium genome,moderate variation,https://upload.wikimedia.org/wikipedia/commons/9/99/Tricyrtis_hirta_-_blossom_top_%28aka%29.jpg
Tridens,Poaceae,Poales,0,0,1,0,0.074314214,.,.,.,.,.,.,.,.,About 1% of species are perennial,About 0% of species are woody,About 7% of species are agricultural,radial symmetry,mixed mating system,obligate xenogamy,wind-pollinated,low extinction risk,temperate climates,small genome,moderate variation,No image found
Trientalis,Primulaceae,Ericales,0,0,1,0,0,.,.,.,.,.,.,.,.,About 1% of species are perennial,About 0% of species are woody,About 0% of species are agricultural,radial symmetry,selfing,self-pollination,wind-pollinated,low extinction risk,cold climates,small genome,low variation,https://upload.wikimedia.org/wikipedia/commons/1/18/Yellow_pimpernel.jpg
Trifolium,Fabaceae,Fabales,0.00911965,0.011673152,0.343220339,0.011627907,0.096494845,1,1,0.941176471,1,.,0.032,1.02469697,88.09872352,About 34% of species are perennial,About 1% of species are woody,About 10% of species are agricultural,radial,selfing,dioecious,wind-pollinated,low extinction risk,cold climates,small genome,high variation,https://upload.wikimedia.org/wikipedia/commons/8/8d/79_Trifolium_repens_L.jpg
Triglochin,Juncaginaceae,Alismatales,0,0,0.806451613,0,0,.,1,0.5,0,.,.,1.76,.,About 81% of species are perennial,About 0% of species are woody,About 0% of species are agricultural,radial symmetry,selfing,unassisted selfing,wind-pollinated,low extinction risk,cold climates,small genome,low variation,https://upload.wikimedia.org/wikipedia/commons/7/72/Triglochium_palustris_BotGartBln310505.JPG
Trigonella,Fabaceae,Fabales,0,0,0,0,0.096494845,.,1,1,1,.,.,0.7,.,About 0% of species are perennial,About 0% of species are woody,About 10% of species are agricultural,radial,selfing,vegetative reproduction,wind-pollinated,low extinction risk,cold climates,small genome,low variation,https://upload.wikimedia.org/wikipedia/commons/7/79/Trigonella_foenum-graecum_-_K%C3%B6hler%E2%80%93s_Medizinal-Pflanzen-273.jpg
Trillium,Melanthiaceae,Liliales,0,0,1,0,0,.,.,.,.,.,0.65975,64.13090909,34.84439789,About 100% of species are perennial,About 0% of species are woody,About 0% of species are agricultural,radial symmetry,selfing,angiosperm,insect-pollinated,low extinction risk,temperate climates,large genome,high variation,https://upload.wikimedia.org/wikipedia/commons/d/df/TrilliumErectum.jpg
Trimorpha,Asteraceae,Asterales,0,0,0.25,0,0.00210989,.,.,.,.,.,.,.,.,About 25% of species are perennial,About 0% of species are woody,About 0% of species are of agricultural interest,The floral symmetry is not specified,The mating system is not specified,The reproductive syndrome is not specified,The pollination syndrome is not specified,"The red list status is not specified, indicating a low extinction risk","The average temperature is not specified, but it is likely to be in temperate climates","The C-value is not specified, suggesting a small genome size","The coefficient of variation for C-value is not specified, indicating low variation",https://upload.wikimedia.org/wikipedia/commons/4/40/Erigeron_Glaucus.jpg
Trinia,Apiaceae,Apiales,0,0,0.555555556,0,0.003968254,.,1,1,1,.,.,.,.,About 56% of species are perennial,About 0% of species are woody,About 0% of species are agricultural,radial symmetry,selfing,wind pollination,wind-pollinated,low extinction risk,temperate climates,small genome,moderate variation,https://upload.wikimedia.org/wikipedia/commons/5/52/Trinia_multicaulis_132113241.jpg
Triodanis,Campanulaceae,Asterales,0,0,0,0,0,.,.,.,.,.,.,.,.,About 0% of species are perennial,About 0% of species are woody,About 0% of species are agricultural,radial,selfing,apomixis,wind-pollinated,low extinction risk,cold climates,small genome,low variation,https://upload.wikimedia.org/wikipedia/commons/c/c3/Specularia_perfoliata_3.jpg
Triosteum,Caprifoliaceae,Dipsacales,0,0,1,0,0,.,.,.,.,.,.,.,.,About 1% of species are perennial,About 0% of species are woody,About 0% of species are agricultural,radial symmetry,mixed mating system,typical reproductive syndrome,insect-pollinated,low extinction risk,cold climates,small genome,low variation,https://upload.wikimedia.org/wikipedia/commons/a/a9/Triosteum_himalayanum4_ies.jpg
Triphysaria,Scrophulariaceae,Lamiales,20,0.4,0,0,0.001764706,.,.,.,.,.,.,.,.,About 0% of species are perennial,About 0% of species are woody,About 0% of species are agricultural,radial symmetry,selfing,agametophytic,wind-pollinated,low extinction risk,cold climates,small genome,low variation,https://upload.wikimedia.org/wikipedia/commons/0/05/Triphysaria_eriantha.jpg
Tripleurospermum,Asteraceae,Asterales,150,0.75,0.25,0,0.00210989,.,1,1,1,.,.,3.789285714,18.45656647,About 25% of species are perennial,About 0% of species are woody,About 0% of species are agricultural,radial symmetry,selfing,agamospermy,wind-pollinated,low extinction risk,temperate climates,medium genome,high variation,https://upload.wikimedia.org/wikipedia/commons/3/34/Tripleurospermum_perforatum.JPG
Tripterocalyx,Nyctaginaceae,Caryophyllales,10,0.2,0.4,0,0.005063291,.,.,.,.,.,.,.,.,About 40% of species are perennial,About 0% of species are woody,About 1% of species are agricultural,Radial symmetry,Mixed mating system,Sexual reproduction,Insect-pollinated,Low extinction risk,Cold climates,Small genome,Low variation,https://upload.wikimedia.org/wikipedia/commons/8/85/Tripterocalyx_carneus_-_Flickr_-_aspidoscelis_%282%29.jpg
Trisetum,Poaceae,Poales,0,0,0.815789474,0,0.074314214,.,1,0.5,0.25,.,.,5.071538462,32.40649614,About 82% of species are perennial,About 0% of species are woody,About 7% of species are aggregated,radial symmetry,mixed mating system,requires specialized pollinators,insect-pollinated,low extinction risk,temperate climates,medium genome,high variation,https://upload.wikimedia.org/wikipedia/commons/2/2f/Trisetum_flavescens.jpg
Triteleia,Asparagaceae,Asparagales,1.098901099,0.071428571,1,0,0,.,.,.,.,.,.,9.59,28.6267,About 1% of species are perennial,About 0% of species are woody,About 0% of species are agroforestry species,Unknown floral symmetry,Unknown mating system,Unknown reproductive syndrome,Unknown pollination syndrome,Low extinction risk,Unknown average temperature,Large genome,High variation,https://upload.wikimedia.org/wikipedia/commons/6/64/Triteleia_laxa_flower_in_bloom.jpg
Triticum,Poaceae,Poales,1.923076923,0.115384615,0,0,0.074314214,.,1,1,1,.,0.425,13.22813559,32.66118883,About 0% of species are perennial,About 0% of species are woody,About 7% of species are agricultural,radial,selfing,obligate selfing,wind-pollinated,low extinction risk,temperate climates,large genome,high variation,https://upload.wikimedia.org/wikipedia/commons/a/a3/Vehn%C3%A4pelto_6.jpg
Tritonia,Iridaceae,Asparagales,0,0,1,0,0,.,.,.,.,.,.,1.1,.,About 1% of species are perennial,About 0% of species are woody,About 0% of species are agricultural,radial symmetry,selfing,self-pollination,wind-pollinated,low extinction risk,cold climates,small genome,low variation,No image found
Triumfetta,Malvaceae,Malvales,0,0,1,0,0.006153846,0,.,.,0.5,.,.,.,.,About 100% of species are perennial,About 0% of species are woody,About 1% of species are agricultural,radial,mixed mating system,seed reproduction,insect-pollinated,low extinction risk,temperate climates,small genome,moderate variation,https://upload.wikimedia.org/wikipedia/commons/3/36/Triumfetta_rhomboidea_in_Narshapur_forest%2C_AP_W_IMG_1116.jpg
Trollius,Ranunculaceae,Ranunculales,100,0.5,1,0,0,.,1,0.5,1,.,.,4.42,.,About 100% of species are perennial,About 0% of species are woody,About 0% of species are agricultural,radial,selfing,apomictic,insect-pollinated,low extinction risk,temperate climates,medium genome,moderate variation,https://upload.wikimedia.org/wikipedia/commons/d/d4/Trollius_europaeus_020503.jpg
Tropidocarpum,Brassicaceae,Brassicales,0,0,0,0,0.00485306,.,.,.,.,.,.,.,.,About 0% of species are perennial,About 0% of species are woody,About 0% of species are agricultural,radial,mixed,obligate xenogamy,insect-pollinated,low extinction risk,temperate climates,small genome,high variation,https://upload.wikimedia.org/wikipedia/commons/8/8d/Tropidocarpumgracile.jpg
Tsuga,Pinaceae,Pinophyta,0,0,1,1,0.004761905,.,.,.,0,0.3125,0.929,18.32,8.318011038,About 100% of species are perennial,About 100% of species are woody,About 0% of species are agricultural,radial symmetry,self-incompatible,insect pollination,insect-pollinated,low extinction risk,warm climates,large genome,moderate variation,https://upload.wikimedia.org/wikipedia/commons/2/23/Tsuga_canadensis_PAN_2.JPG
Tuberaria,Cistaceae,Malvales,0,0,0.3,0.3,0.011428571,.,1,1,1,.,.,3.565,26.0408587,About 30% of species are perennial,About 30% of species are woody,About 1% of species are agricultural,radial symmetry,selfing,inflorescence,insect-pollinated,low extinction risk,temperate climates,medium genome,high variation,https://upload.wikimedia.org/wikipedia/commons/1/1e/Tuberaria_guttata01.jpg
Tuctoria,Poaceae,Poales,0,0,0,0,0.074314214,.,.,.,.,.,.,.,.,About 0% of species are perennial,About 0% of species are woody,About 7% of species are agamic,radial,mixed,dioecious,insect-pollinated,low extinction risk,temperate climates,small genome,moderate variation,https://upload.wikimedia.org/wikipedia/commons/c/c3/Tuctoria_greenei.jpg
Tulipa,Liliaceae,Liliales,1.098901099,0.071428571,1,0,0,.,1,0.25,1,.,.,29.28707483,22.28299774,About 100% of species are perennial,About 0% of species are woody,About 0% of species are agriculturally important,radial symmetry,selfing,vegetative reproduction,insect-pollinated,low extinction risk,temperate climates,large genome,high variation,https://upload.wikimedia.org/wikipedia/commons/9/9e/%D7%A6%D7%91%D7%A2%D7%95%D7%A0%D7%99%D7%9D.JPG
Typha,Typhaceae,Poales,5.072463768,0.583333333,1,0,0,0,1,0.5,0,.,.,0.3,0,About 100% of species are perennial,About 0% of species are woody,About 0% of species are agricultural,radial,selfing,"This value is within the range typically associated with sexual reproduction, suggesting a standard reproductive strategy.",wind-pollinated,low extinction risk,cold climates,small genome,low variation,https://upload.wikimedia.org/wikipedia/commons/5/59/Typha-cattails-in-indiana.jpg
Ulex,Fabaceae,Fabales,2.222222222,0.1,1,1,0.096494845,.,1,1,1,.,.,3.375,19.90374643,About 100% of species are perennial,About 100% of species are woody,About 10% of species are agriculturally important,radial symmetry,selfing,reproductive syndrome 1,wind-pollinated,low extinction risk,temperate climates,medium genome,high variation,https://upload.wikimedia.org/wikipedia/commons/d/db/Whin_or_Gorse.JPG
Ulmus,Ulmaceae,Rosales,2.461538462,0.307692308,1,1,0,.,1,0.75,0.25,2.75,.,1.858,7.71371022,About 100% of species are perennial,About 100% of species are woody,About 0% of species are agricultural,bilateral symmetry,selfing,primarily insect-pollinated,insect-pollinated,moderate risk,temperate climates,small genome,moderate variation,https://upload.wikimedia.org/wikipedia/commons/d/d2/East_Coker_elm%2C_2.jpg
Umbilicus,Crassulaceae,Saxifragales,0,0,1,0,0,0,.,1,1,.,.,.,.,About 1% of species are perennial,About 0% of species are woody,About 0% of species are agricultural,radial,selfing,agamospermy,insect-pollinated,low extinction risk,cold climates,small genome,low variation,No image found
Uncinia,Cyperaceae,Poales,0,0,1,0,0.00045977,.,.,.,.,2.25,.,1.35,.,About 100% of species are perennial,About 0% of species are woody,About 0% of species are of agricultural importance,radial,mixed mating,self-pollinating with occasional outcrossing,insect-pollinated,moderate risk,temperate climates,small genome,moderate variation,https://upload.wikimedia.org/wikipedia/commons/1/13/Uncinia.jpg
Urera,Urticaceae,Rosales,0,0,1,1,0,0,.,.,0,2.25,.,.,.,About 1% of species are perennial,About 1% of species are woody,About 0% of species are agricultural,radial,selfing,obligate self-pollination,wind-pollinated,moderate risk,temperate climates,medium genome,moderate variation,https://upload.wikimedia.org/wikipedia/commons/9/9e/Urera_simplex_%28fruit%29.jpg
Urginea,Asparagaceae,Asparagales,0,0,1,0,0,.,.,.,.,.,.,.,.,About 1% of species are perennial,About 0% of species are woody,About 0% of species are agricultural,radial,mixed mating system,obligate outcrossing,wind-pollinated,low extinction risk,cold climates,small genome,low variation,https://upload.wikimedia.org/wikipedia/commons/f/f4/Drimia_maritima_EnfoqueFlores_2010-10-03_SierraMadrona.jpg
Urospermum,Asteraceae,Asterales,0,0,0.5,0,0.00210989,.,.,.,1,.,.,.,.,About 50% of species are perennial,About 0% of species are woody,About 0% of species are agricultural,radial symmetry,mixed mating system,requires abiotic pollination,wind-pollinated,low extinction risk,temperate climates,medium genome,moderate variation,https://upload.wikimedia.org/wikipedia/commons/8/89/Urospermum_dalechampii1.jpg
Urtica,Urticaceae,Rosales,0,0,0.545454545,0,0,.,1,0.75,0.4,.,.,0.846,44.34869408,About 55% of species are perennial,About 0% of species are woody,About 0% of species are annual,radial symmetry,selfing,ambophilous,insect-pollinated,low extinction risk,warm climates,small genome,high variation,https://upload.wikimedia.org/wikipedia/commons/d/d2/Illustration_Urtica_dioica0.jpg
Utricularia,Lentibulariaceae,Lamiales,0.096618357,0.02173913,0.861111111,0,0,1,1,0.083333333,1,.,.,0.217857143,38.6639373,About 86% of species are perennial,About 0% of species are woody,About 0% of species are cultivated,radial,obligately selfing,dioecious,wind-pollinated,low extinction risk,cold climates,small genome,high variation,https://upload.wikimedia.org/wikipedia/commons/e/ee/Utricularia_vulgaris_Sturm63.jpg
Uvularia,Colchicaceae,Liliales,0,0,1,0,0,.,.,.,.,.,.,12.20666667,34.68778011,About 1% of species are perennial,About 0% of species are woody,About 0% of species are agricultural,Unknown floral symmetry,Unknown mating system,Unknown reproductive syndrome,Unknown pollination syndrome,low extinction risk,Unknown average temperature,large genome,high variation,https://upload.wikimedia.org/wikipedia/commons/3/3f/Uvularia_grandiflora_Arkansas.jpg
Vaccinium,Ericaceae,Ericales,0.340136054,0.081632653,1,1,0,.,1,0.333333333,0.944444444,2.5,.,0.634285714,4.445940621,About 100% of species are perennial,About 100% of species are woody,About 0% of species are agricultural,radial,selfing,obligate outcrosser,insect-pollinated,moderate risk,cold climates,small genome,low variation,https://upload.wikimedia.org/wikipedia/commons/8/8b/Vaccinium.jpg
Valantia,Rubiaceae,Gentianales,0,0,0.333333333,0,6.00E-04,.,.,.,1,.,.,.,.,About 33% of species are perennial,About 0% of species are woody,About 0% of species are agricultural,radial,mixed mating system,sexual reproduction,insect-pollinated,low extinction risk,temperate climates,small genome,moderate variation,https://upload.wikimedia.org/wikipedia/commons/3/37/Valantia_deltoidea.jpg
Vallisneria,Hydrocharitaceae,Alismatales,0,0,1,0,0,.,1,0,0,.,.,.,.,About 1% of species are perennial,About 0% of species are woody,About 0% of species are agricultural,radial symmetry,selfing,self-pollination,wind-pollinated,low extinction risk,cold climates,small genome,low variation,https://upload.wikimedia.org/wikipedia/commons/9/95/Vallisneria_spiralis_Erasmus_Darwin_1789.jpg
Vancouveria,Berberidaceae,Ranunculales,0,0,1,0,0,.,.,.,.,.,.,.,.,About 1% of species are perennial,About 0% of species are woody,About 0% of species are agroforestry species,radial symmetry,mixed mating system,primarily sexual reproduction,wind-pollinated,low extinction risk,cold climates,small genome,low variation,https://upload.wikimedia.org/wikipedia/commons/c/cd/Vancouveria_hexandra_6356.JPG
Vandenboschia,Hymenophyllaceae,Monilophyta,0,0,1,0,0,.,.,.,.,.,.,.,.,About 1% of species are perennial,About 0% of species are woody,About 0% of species are agricultural,radial symmetry,mixed mating system,reproduces sexually,wind-pollinated,low extinction risk,cold climates,small genome,low variation,https://upload.wikimedia.org/wikipedia/commons/d/d0/Vandenboschia_radicans_%28Icones_filicum_Hooker%29.jpg
Velezia,Caryophyllaceae,Caryophyllales,0,0,0,0,0.001818182,.,.,.,.,.,.,.,.,About 0% of species are perennial,About 0% of species are woody,About 0% of species are agricultural,Unknown floral symmetry,Unknown mating system,Unknown reproductive syndrome,Unknown pollination syndrome,Low extinction risk,Unknown climate type,Unknown genome size,Unknown genome size variation,https://upload.wikimedia.org/wikipedia/commons/4/42/Dianthus_caryophyllus_L_%28Clove_pink%29.JPG
Vella,Brassicaceae,Brassicales,0,0,1,1,0.00485306,.,.,.,.,.,.,1.375,53.99724511,About 100% of species are perennial,About 100% of species are woody,About 0% of species are cultivated,bilateral symmetry,self-incompatible,biotic pollination,insect-pollinated,moderate risk,cold climates,small genome,high variation,https://upload.wikimedia.org/wikipedia/commons/1/14/Vella.jpg
Velleia,Goodeniaceae,Asterales,0,0,0.666666667,0,0,.,.,.,1,.,.,.,.,About 67% of species are perennial,About 0% of species are woody,About 0% of species are agrochemicals,radial,selfing,vegetative,insect-pollinated,low extinction risk,cold climates,small genome,low variation,No image found
Ventenata,Poaceae,Poales,0,0,0,0,0.074314214,.,1,1,0,.,.,.,.,About 0% of species are perennial,About 0% of species are woody,About 7% of species are agricultural,radial,selfing,self-pollination,wind-pollinated,low extinction risk,cold climates,small genome,low variation,https://upload.wikimedia.org/wikipedia/commons/8/86/Ventenata_dubia.jpg
Veratrum,Melanthiaceae,Liliales,0,0,1,0,0,.,1,0.5,1,.,.,2.793333333,16.72007627,About 100% of species are perennial,About 0% of species are woody,About 0% of species are agricultural,radial symmetry,selfing,seed dispersal by vertebrates,insect-pollinated,low extinction risk,temperate climates,medium genome,high variation,https://upload.wikimedia.org/wikipedia/commons/9/9b/Veratrum_lobelianum_-_K%C3%B6hler%E2%80%93s_Medizinal-Pflanzen-279.jpg
Verbascum,Scrophulariaceae,Lamiales,0.38552321,0.237096774,0.209677419,0.008064516,0.001764706,.,1,1,1,.,0.71,0.4,14.14213562,About 21% of species are perennial,About 1% of species are woody,About 0% of species are agriculturally important,radial symmetry,selfing,vertebrate pollination,insect-pollinated,low extinction risk,warm climates,small genome,moderate variation,https://upload.wikimedia.org/wikipedia/commons/2/2a/Verbascum_sinuatum_August_2007-1.jpg
Verbesina,Asteraceae,Asterales,0,0,0.625,0.125,0.00210989,.,.,.,1,1.892857143,.,.,.,About 62.5% of species are perennial,About 12.5% of species are woody,About 0.21% of species are agricultural,radial symmetry,mixed mating system,obligate xenogamy,insect-pollinated,moderate risk,temperate climates,medium genome,moderate variation,https://upload.wikimedia.org/wikipedia/commons/b/bf/Verbesina_alternifolia0.jpg
Vernonia,Asteraceae,Asterales,0,0,1,0,0.00210989,0,.,.,1,1.8,0.077,.,.,About 100% of species are perennial,About 0% of species are woody,About 0% of species are agricultural,radial,selfing,dioecious,insect-pollinated,moderate risk,cold climates,small genome,low variation,https://upload.wikimedia.org/wikipedia/commons/d/d1/Vernonia_baldwinii.jpg
Veronica,Plantaginaceae,Lamiales,0.045444217,0.036809816,0.599315068,0,0.005925926,1,1,0.691176471,1,0.5,.,0.889772727,51.62149392,About 60% of species are perennial,About 0% of species are woody,About 1% of species are agroforestry,radial,selfing,obligate xenogamy,insect-pollinated,moderate risk,cold climates,small genome,high variation,No image found
Viburnum,Adoxaceae,Dipsacales,0.333333333,0.04,1,1,0,.,1,1,1,2.444444444,.,4.0325,4.035000644,About 100% of species are perennial,About 100% of species are woody,About 0% of species are agricultural,radial,mixed mating,obligate outcrossing,insect-pollinated,moderate risk,temperate climates,medium genome,moderate variation,https://upload.wikimedia.org/wikipedia/commons/f/fe/Viburnum_opulus_C.jpg
Vicia,Fabaceae,Fabales,0,0,0.359353476,0,0.096494845,.,1,0.916666667,1,.,0.504,5.720225564,55.14473525,About 36% of species are perennial,About 0% of species are woody,About 10% of species are agricultural,radial symmetry,selfing,outcrossing,wind-pollinated,low extinction risk,temperate climates,medium genome,high variation,https://upload.wikimedia.org/wikipedia/commons/5/53/Vicia_orobus1_eF.jpg
Vigna,Fabaceae,Fabales,0,0,0.5,0,0.096494845,1,.,.,1,.,.,0.871081081,43.61529481,About 50% of species are perennial,About 0% of species are woody,About 10% of species are aggregated,radial,mixed mating system,mixed reproductive syndrome,insect-pollinated,low extinction risk,cold climates,small genome,high variation,https://upload.wikimedia.org/wikipedia/commons/5/5e/Vigna_unguiculata_Blanco2.286-cropped.jpg
Viguiera,Asteraceae,Asterales,0,0,0.571428571,0.428571429,0.00210989,.,.,.,1,3,.,.,.,About 57% of species are perennial,About 43% of species are woody,About 0% of species are agricultural,radial,mixed mating system,reproductive syndrome,wind-pollinated,moderate risk,temperate climates,medium genome,moderate variation,https://upload.wikimedia.org/wikipedia/commons/5/52/Viguiera_stenoloba_%28homeredwardprice%29_001.jpg
Villarsia,Menyanthaceae,Asterales,0,0,0.833333333,0,0,.,.,.,.,.,.,.,.,About 83% of species are perennial,About 0% of species are woody,About 0% of species are agricultural,unknown,unknown,unknown,unknown,low extinction risk,unknown,unknown,unknown,https://upload.wikimedia.org/wikipedia/commons/0/0b/Villarsia_capensis_Cape_Bogbean.JPG
Vinca,Apocynaceae,Gentianales,0,0,1,0,0.000658617,.,1,0.25,1,.,.,1.476666667,40.18337678,About 100% of species are perennial,About 0% of species are woody,About 0% of species are agricultural,radial,selfing,outcrossing,wind-pollinated,low extinction risk,cold climates,small genome,high variation,https://upload.wikimedia.org/wikipedia/commons/d/df/Vinca_major_closeup.jpg
Vincetoxicum,Apocynaceae,Gentianales,0,0,1,.,0.000658617,.,1,0.5,1,0,.,0.3375,0,About 100% of species are perennial,About 50% of species are woody,About 0% of species are agricultural,radial symmetry,selfing,intermediate reproductive syndrome,wind-pollinated,low extinction risk,cold climates,small genome,low variation,https://upload.wikimedia.org/wikipedia/commons/3/31/Vincetoxicum_nigrum02.jpg
Viscum,Santalaceae,Santalales,0,0,1,1,0.002139037,0,1,1,0.5,.,.,79.13444444,8.198986636,About 100% of species are perennial,About 100% of species are woody,About 0% of species are agriculturally important,radial,mixed mating,annual or biennial,insect-pollinated,low extinction risk,warm climates,large genome,moderate variation,https://upload.wikimedia.org/wikipedia/commons/c/c5/Mistletoe_in_White_Poplar_1.jpg
Vittadinia,Asteraceae,Asterales,1.515151515,0.083333333,0.708333333,0,0.00210989,.,.,.,1,.,.,.,.,About 71% of species are perennial,About 0% of species are woody,About 0% of species are aggregate,radial symmetry,mixed mating system,typical reproductive syndrome,wind-pollinated,low extinction risk,temperate climates,small genome,low variation,https://upload.wikimedia.org/wikipedia/commons/8/81/Vittadinia_arida_habit.jpg
Vulpia,Poaceae,Poales,0.525525526,0.094594595,0.028571429,0,0.074314214,.,1,1,0,.,.,3.608333333,48.03704921,About 3% of species are perennial,About 0% of species are woody,About 7% of species are agricultural,radial symmetry,selfing,wind-pollinated,wind-pollinated,low extinction risk,temperate climates,medium genome,high variation,https://upload.wikimedia.org/wikipedia/commons/2/22/Vulpia_octoflora_%283990319536%29.jpg
Wahlenbergia,Campanulaceae,Asterales,0,0,0.823529412,0,0,0,1,0.5,1,3.5,.,0.33,.,About 82% of species are perennial,About 0% of species are woody,About 0% of species are agricultural,radial,selfing,vegetative reproduction,insect-pollinated,high risk,temperate climates,small genome,low variation,https://upload.wikimedia.org/wikipedia/commons/f/f7/Wahlenbergia_Stricta_Red_Hill.jpg
Waldsteinia,Rosaceae,Rosales,0,0,1,0,0.001060071,.,.,.,.,.,.,.,.,About 100% of species are perennial,About 0% of species are woody,About 0% of species are agricultural,radial symmetry,mixed mating system,reproduction by seeds,wind-pollinated,low extinction risk,cold climates,small genome,low variation,https://upload.wikimedia.org/wikipedia/commons/7/7d/Waldsteinia-geoides.JPG
Watsonia,Iridaceae,Asparagales,0,0,1,0,0,1,.,.,.,.,.,0.7,.,About 1% of species are perennial,About 0% of species are woody,About 0% of species are agroforestry,radial,Likely self-incompatible,Typically sexual reproduction,Likely insect-pollinated,low extinction risk,cold climates,small genome,low variation,No image found
Westringia,Lamiaceae,Lamiales,0,0,1,1,0.004320557,.,.,.,.,.,.,.,.,About 1% of species are perennial,About 1% of species are woody,About 0% of species are agricultural,radial symmetry,self-incompatible,obligate outcrossing,insect-pollinated,low extinction risk,cold climates,small genome,low variation,https://upload.wikimedia.org/wikipedia/commons/c/c7/Westringia_fruticosa_flower.jpg
Wikstroemia,Thymelaeaceae,Malvales,0,0,1,1,0.001324503,.,.,.,.,3.25,.,.,.,About 1% of species are perennial,About 1% of species are woody,About 0% of species are ag,radial symmetry,mixed mating system,sexual reproduction,insect-pollinated,high risk,temperate climates,medium genome,high variation,https://upload.wikimedia.org/wikipedia/commons/d/d9/Starr_050924-4519_Wikstroemia_monticola.jpg
Wilkesia,Asteraceae,Asterales,0,0,1,1,0.00210989,.,.,.,.,.,.,.,.,About 1% of species are perennial,About 1% of species are woody,About 0% of species are cultivated,radial or bilateral symmetry,mixed mating system,sexual reproduction,insect-pollinated,low extinction risk,cold climates,small genome,low variation,https://upload.wikimedia.org/wikipedia/commons/6/60/Wilkesia_gymnoxiphium2.jpg
Wilsonia,Convolvulaceae,Solanales,0,0,1,0,0.044375,.,.,.,.,.,.,.,.,About 100% of species are perennial,About 0% of species are woody,About 4% of species are agricultural,radial symmetry,selfing,vegetative reproduction,insect-pollinated,low extinction risk,temperate climates,small genome,low variation,No image found
Wisteria,Fabaceae,Fabales,0,0,1,1,0.096494845,.,.,.,.,.,.,.,.,About 1% of species are perennial,About 1% of species are woody,About 10% of species are cultivated,radial or bilateral symmetry,mixed mating system,asexual or sexual reproduction,wind-pollinated,low extinction risk,temperate climates,small genome,low variation,https://upload.wikimedia.org/wikipedia/commons/0/07/Chinese_Wisteria_Bl%C3%BCtentrauben.JPG
Withania,Solanaceae,Solanales,0,0,1,1,0.089837398,.,.,.,.,0,.,4.765,0,About 100% of species are perennial,About 100% of species are woody,About 9% of species are agricultural,radial symmetry,mixed mating system,generalist reproductive syndrome,insect-pollinated,low extinction risk,temperate climates,medium genome,low variation,https://upload.wikimedia.org/wikipedia/commons/7/7d/Withania_somnifera%2C_blom%2C_Manie_van_der_Schijff_BT.jpg
Wolffia,Araceae,Alismatales,0,0,1,0,0.000248447,.,1,0,.,.,.,1.200833333,38.20490178,About 100% of species are perennial,About 0% of species are woody,About 0% of species are agricultural,radial symmetry,selfing,obligate self-pollination,insect-pollinated,low extinction risk,cold climates,small genome,high variation,https://upload.wikimedia.org/wikipedia/commons/5/58/WolffiaArrhiza2.jpg
Wolffiella,Araceae,Alismatales,0,0,1,0,0.000248447,.,.,.,.,.,.,0.765,20.70977715,About 100% of species are perennial,About 0% of species are woody,About 0% of species are agricultural,radial symmetry,mixed mating system,self-pollination,insect-pollinated,low extinction risk,cold climates,small genome,high variation,https://upload.wikimedia.org/wikipedia/commons/2/22/Wolffiella_floridana.GIF
Woodwardia,Blechnaceae,Monilophyta,0,0,1,0,0,.,.,.,.,.,.,.,.,About 1% of species are perennial,About 0% of species are woody,About 0% of species are aggressive,Unknown floral symmetry,Unknown mating system,Unknown reproductive syndrome,Unknown pollination syndrome,Low extinction risk,Unknown average temperature,Unknown C value,Unknown variation in C value,https://upload.wikimedia.org/wikipedia/commons/8/85/Wradicans.jpg
Wulfenia,Plantaginaceae,Lamiales,0,0,1,0,0.005925926,.,.,.,.,.,.,1.35,.,About 100% of species are perennial,About 0% of species are woody,About 1% of species are agricultural,radial symmetry,mixed mating system,typical angiosperm reproduction,insect-pollinated,low extinction risk,cold climates,small genome,low variation,https://upload.wikimedia.org/wikipedia/commons/9/96/Wulfenia_carinthiaca1.jpg
Wurmbea,Colchicaceae,Liliales,0,0,1,0,0,0,.,.,.,.,0.7468,.,.,About 100% of species are perennial,About 0% of species are woody,About 0% of species are agroforestry,radial,selfing,self-pollinated,wind-pollinated,low extinction risk,warm climates,small genome,low variation,https://upload.wikimedia.org/wikipedia/commons/0/05/Wurmbea_dioica.jpg
Wyethia,Asteraceae,Asterales,2.380952381,0.166666667,1,0,0.00210989,.,.,.,.,.,.,.,.,About 100% of species are perennial,About 0% of species are woody,About 0% of species are agricultural,radial symmetry,mixed mating system,obligate sexual reproduction,insect-pollinated,low extinction risk,cold climates,small genome,low variation,https://upload.wikimedia.org/wikipedia/commons/b/ba/Wyethia_helenioides_2.jpg
Xanthium,Asteraceae,Asterales,0.833333333,0.0625,0,0,0.00210989,.,1,1,0,.,0.116666667,2.87,13.79720549,About 0% of species are perennial,About 0% of species are woody,About 0% of species are annual,radial symmetry,selfing,asexual reproduction,wind-pollinated,low extinction risk,cold climates,medium genome,moderate variation,https://upload.wikimedia.org/wikipedia/commons/9/94/Xanthium_strumarium_L..jpg
Xanthosia,Apiaceae,Apiales,0,0,1,0.166666667,0.003968254,.,.,.,.,.,.,.,.,About 100% of species are perennial,About 17% of species are woody,About 0% of species are agricultural,radial or bilateral symmetry,mixed mating system,unknown reproductive syndrome,unknown pollination syndrome,low extinction risk,unknown climate type,medium genome size,moderate genome size variation,https://upload.wikimedia.org/wikipedia/commons/f/f0/Xanthosia_rotundifolia_Torndirrup.jpg
Xeranthemum,Asteraceae,Asterales,0,0,0,0,0.00210989,.,.,.,1,.,.,2.0325,37.92030373,About 0% of species are perennial,About 0% of species are woody,About 0% of species are agricultural,radial symmetry,mixed mating system,animal-mediated reproduction,insect-pollinated,low extinction risk,temperate climates,medium genome,high variation,https://upload.wikimedia.org/wikipedia/commons/4/4e/Xeranthemum_annuum.JPG
Xylorhiza,Asteraceae,Asterales,0,0,1,1,0.00210989,.,.,.,.,.,.,.,.,About 1% of species are perennial,About 1% of species are woody,About 0% of species are agricultural,radial symmetry,mixed mating system,sexual reproduction,insect-pollinated,low extinction risk,cold climates,small genome,low variation,No image found
Xylosma,Salicaceae,Malpighiales,0,0,1,1,0,.,.,.,1,2.794117647,.,.,.,About 1% of species are perennial,About 1% of species are woody,About 0% of species are agricultural,radial,mixed mating system,herbaceous perennial,insect-pollinated,moderate risk,temperate climates,small genome,moderate variation,https://upload.wikimedia.org/wikipedia/commons/b/b7/Starr_060225-6165_Xylosma_hawaiiense.jpg
Yucca,Asparagaceae,Asparagales,0.833333333,0.0625,1,0.375,0,.,.,.,1,.,0.956,3.1375,37.15721137,About 100% of species are perennial,About 38% of species are woody,About 0% of species are agricultural,radial symmetry,selfing,typical reproduction,insect-pollinated,low extinction risk,warm climates,medium genome,high variation,https://upload.wikimedia.org/wikipedia/commons/5/5e/Yucca_elata_-_tmcelrath_01.jpg
Zanthoxylum,Rutaceae,Sapindales,0,0,1,1,0.001652893,0,.,.,1,2.340909091,.,5.193333333,58.55727288,About 100% of species are perennial,About 100% of species are woody,About 0% of species are agamic,radial,likely mixed mating system,likely sexual reproduction,wind-pollinated,moderate risk,temperate climates,medium genome,high variation,https://upload.wikimedia.org/wikipedia/commons/f/f0/Starr_060325-6755_Zanthoxylum_kauaense.jpg
Zieria,Rutaceae,Sapindales,0,0,1,1,0.001652893,.,.,.,.,2,.,.,.,About 100% of species are perennial,About 100% of species are woody,About 0% of species are agricultural,radial symmetry,selfing,vegetative reproduction,insect-pollinated,moderate risk,temperate climates,medium genome,low variation,https://upload.wikimedia.org/wikipedia/commons/4/49/Zieria_prostrata.jpg
Zigadenus,Melanthiaceae,Liliales,0,0,1,0,0,.,.,.,.,.,.,.,.,About 100% of species are perennial,About 0% of species are woody,About 0% of species are agricultural,radial symmetry,selfing,requires insect pollination,insect-pollinated,low extinction risk,cold climates,small genome,low variation,https://upload.wikimedia.org/wikipedia/commons/3/35/ZigadenusGlaberrimus.jpg
Zingeria,Poaceae,Poales,0,0,0,0,0.074314214,.,.,.,.,.,.,2.025,20.57613169,About 0% of species are perennial,About 0% of species are woody,About 7% of species are agroforestry,unknown,unknown,unknown,unknown,low extinction risk,temperate climates,medium genome,high variation,No image found
Zinnia,Asteraceae,Asterales,0,0,0,0,0.00210989,.,.,.,.,.,.,.,.,About 0% of species are perennial,About 0% of species are woody,About 0% of species are agricultural,Unknown floral symmetry,Unknown mating system,Unknown reproductive syndrome,Unknown pollination syndrome,Low extinction risk,Cold climates,Small genome,Low variation,https://upload.wikimedia.org/wikipedia/commons/a/ac/Zinnia_single_layer_and_12_Petals_2.jpg
Zizania,Poaceae,Poales,0,0,0.25,0,0.074314214,.,.,.,.,.,.,2.18,.,About 25% of species are perennial,About 0% of species are woody,About 7% of species are agricultural,radial symmetry,mixed mating system,vegetative reproduction,insect-pollinated,low extinction risk,temperate climates,medium genome,moderate variation,https://upload.wikimedia.org/wikipedia/commons/a/a4/Zizania_palustris_%2820150198216%29.jpg
Zizia,Apiaceae,Apiales,0,0,1,0,0.003968254,.,.,.,.,.,.,.,.,About 100% of species are perennial,About 0% of species are woody,About 0% of species are agricultural,radial symmetry,selfing,unknown reproductive syndrome,insect-pollinated,low extinction risk,cold climates,small genome,low variation,https://upload.wikimedia.org/wikipedia/commons/a/a5/Golden_Alexanders_Zizia_aurea_Flowers_3008px.JPG
Ziziphora,Lamiaceae,Lamiales,0,0,0,0,0.004320557,.,.,.,.,.,.,.,.,About 0% of species are perennial,About 0% of species are woody,About 0% of species are agricultural,radial symmetry,mixed mating system,reproduction syndrome not specified,wind-pollinated,low extinction risk,cold climates,small genome,low variation,https://upload.wikimedia.org/wikipedia/commons/7/7c/Ziziphora_capitata.jpg
Ziziphus,Rhamnaceae,Rosales,0,0,1,1,0.004444444,0,.,.,.,1.8,.,1.55,.,About 100% of species are perennial,About 100% of species are woody,About 0% of species are agricultural,radial,selfing,self-compatible species,wind-pollinated,moderate risk,temperate climates,small genome,low variation,https://upload.wikimedia.org/wikipedia/commons/b/bc/Zizyphus_zizyphus_Ypey54.jpg
Zuckia,Amaranthaceae,Caryophyllales,0,0,1,1,0.041463415,.,.,.,.,.,.,.,.,About 100% of species are perennial,About 100% of species are woody,About 4% of species are agricultural,radial symmetry,mixed mating system,dioecious reproduction,insect-pollinated,low extinction risk,temperate climates,small genome,moderate variation,https://upload.wikimedia.org/wikipedia/commons/a/a5/Grayia_spinosa_2.jpg
